id,signal_id,market_ticker,platform,event_slug,market_type,direction,entry_price,size,timestamp,settled,settlement_time,settlement_value,result,pnl,model_probability,market_price_at_entry,edge_at_entry,execution_type,order_id,limit_price,order_status,order_placed_at,confidence
12,56501,KXHIGHCHI-26AUG09-T90,kalshi,KXHIGHCHI-26AUG09-T90,weather,yes,0.02,50,2026-08-09 13:24:41.413475,true,2026-08-09 15:29:43.539317,1,win,49,0.98,0.02,0.96,,,,,,
13,56502,KXHIGHMIA-26AUG09-T94,kalshi,KXHIGHMIA-26AUG09-T94,weather,yes,0.02,50,2026-08-09 13:24:41.914544,true,2026-08-09 15:29:43.704802,1,win,49,0.98,0.02,0.96,,,,,,
14,56503,KXHIGHTBOS-26AUG09-B87.5,kalshi,KXHIGHTBOS-26AUG09-B87.5,weather,yes,0.04,50,2026-08-09 13:24:42.433107,true,2026-08-10 02:09:46.563242,1,win,48,0.98,0.04,0.94,,,,,,
15,56676,KXHIGHLAX-26AUG10-B74.5,kalshi,KXHIGHLAX-26AUG10-B74.5,weather,yes,0.04,42.5,2026-08-09 14:01:13.017263,true,2026-08-10 02:09:46.728362,1,win,40.8,0.98,0.04,0.94,,,,,,
16,56814,KXHIGHMIA-26AUG10-T95,kalshi,KXHIGHMIA-26AUG10-T95,weather,yes,0.05,40.375,2026-08-09 14:16:12.209383,true,2026-08-10 02:09:46.893595,1,win,38.36,0.98,0.05,0.93,,,,,,
17,57335,KXHIGHTBOS-26AUG09-T94,kalshi,KXHIGHTBOS-26AUG09-T94,weather,yes,0.03,38.35625,2026-08-09 15:16:09.103636,true,2026-08-09 15:29:43.869956,1,win,37.21,0.98,0.03,0.95,,,,,,
18,57578,KXHIGHCHI-26AUG09-T90,kalshi,KXHIGHCHI-26AUG09-T90,weather,yes,0.02,43.1989375,2026-08-09 15:34:42.159072,true,2026-08-09 15:39:24.077117,1,win,42.33,0.98,0.02,0.96,,,,,,
19,57580,KXHIGHTBOS-26AUG09-T94,kalshi,KXHIGHTBOS-26AUG09-T94,weather,yes,0.03,43.1989375,2026-08-09 15:34:42.73804,true,2026-08-09 15:39:23.919358,1,win,41.9,0.98,0.03,0.95,,,,,,
20,57623,KXHIGHCHI-26AUG09-T90,kalshi,KXHIGHCHI-26AUG09-T90,weather,yes,0.02,43.09054375,2026-08-09 15:39:49.672457,true,2026-08-09 15:44:22.71091,1,win,42.23,0.98,0.02,0.96,,,,,,
21,57624,KXHIGHTBOS-26AUG09-T94,kalshi,KXHIGHTBOS-26AUG09-T94,weather,yes,0.03,43.09054375,2026-08-09 15:39:50.168626,true,2026-08-09 15:44:22.88072,1,win,41.8,0.98,0.03,0.95,,,,,,
22,57667,KXHIGHCHI-26AUG09-T90,kalshi,KXHIGHCHI-26AUG09-T90,weather,yes,0.02,42.982989375,2026-08-09 15:44:42.767001,true,2026-08-09 15:49:23.51023,1,win,42.12,0.98,0.02,0.96,,,,,,
23,57668,KXHIGHTBOS-26AUG09-T94,kalshi,KXHIGHTBOS-26AUG09-T94,weather,yes,0.03,42.982989375,2026-08-09 15:44:43.260292,true,2026-08-09 15:49:23.674136,1,win,41.69,0.98,0.03,0.95,,,,,,
24,57710,KXHIGHCHI-26AUG09-T90,kalshi,KXHIGHCHI-26AUG09-T90,weather,yes,0.02,42.8751904375,2026-08-09 15:49:42.921373,true,2026-08-09 15:54:23.761388,1,win,42.02,0.98,0.02,0.96,,,,,,
25,57711,KXHIGHTBOS-26AUG09-T94,kalshi,KXHIGHTBOS-26AUG09-T94,weather,yes,0.03,42.8751904375,2026-08-09 15:49:43.420585,true,2026-08-09 15:54:23.930487,1,win,41.59,0.98,0.03,0.95,,,,,,
26,57754,KXHIGHCHI-26AUG09-T90,kalshi,KXHIGHCHI-26AUG09-T90,weather,yes,0.02,42.76817139375,2026-08-09 15:54:50.062435,true,2026-08-09 15:59:22.040698,1,win,41.91,0.98,0.02,0.96,,,,,,
27,57755,KXHIGHTBOS-26AUG09-T94,kalshi,KXHIGHTBOS-26AUG09-T94,weather,yes,0.03,42.76817139375,2026-08-09 15:54:50.558576,true,2026-08-09 15:59:22.196923,1,win,41.49,0.98,0.03,0.95,,,,,,
28,57797,KXHIGHTBOS-26AUG09-T94,kalshi,KXHIGHTBOS-26AUG09-T94,weather,yes,0.03,42.661354254375,2026-08-09 15:59:42.459406,true,2026-08-09 16:04:23.163898,1,win,41.38,0.98,0.03,0.95,,,,,,
29,57799,KXHIGHDEN-26AUG10-T99,kalshi,KXHIGHDEN-26AUG10-T99,weather,yes,0.04,42.661354254375,2026-08-09 15:59:43.036736,true,2026-08-10 02:09:47.06042,1,win,40.95,0.98,0.04,0.94,,,,,,
30,57839,KXHIGHTBOS-26AUG09-T94,kalshi,KXHIGHTBOS-26AUG09-T94,weather,yes,0.03,40.4642188289375,2026-08-09 16:04:42.124933,true,2026-08-09 16:09:22.126032,1,win,39.25,0.98,0.03,0.95,,,,,,
31,57883,KXHIGHTBOS-26AUG09-T94,kalshi,KXHIGHTBOS-26AUG09-T94,weather,yes,0.03,40.4035078874906,2026-08-09 16:09:41.960892,true,2026-08-09 16:14:23.016203,1,win,39.19,0.98,0.03,0.95,,,,,,
32,58015,KXHIGHTBOS-26AUG09-T94,kalshi,KXHIGHTBOS-26AUG09-T94,weather,yes,0.03,40.342832493116,2026-08-09 16:14:42.015415,true,2026-08-09 16:19:22.805076,1,win,39.13,0.98,0.03,0.95,,,,,,
33,58058,KXHIGHTBOS-26AUG09-T94,kalshi,KXHIGHTBOS-26AUG09-T94,weather,yes,0.03,40.2821908684602,2026-08-09 16:19:41.978486,true,2026-08-10 02:09:47.224771,1,win,39.07,0.98,0.03,0.95,,,,,,
34,61614,KXHIGHCHI-26AUG10-T89,kalshi,KXHIGHCHI-26AUG10-T89,weather,yes,0.01,38.2680813250373,2026-08-10 02:00:01.080516,true,2026-08-10 02:09:47.391191,1,win,37.89,0.98,0.02,0.96,maker_limit,,0.01,filled,2026-08-10 02:00:01.075711,
35,61616,KXHIGHTBOS-26AUG10-T93,kalshi,KXHIGHTBOS-26AUG10-T93,weather,yes,0.01,38.2680813250373,2026-08-10 02:00:01.662146,true,2026-08-10 02:09:47.587542,1,win,37.89,0.967741935483871,0.02,0.947741935483871,maker_limit,,0.01,filled,2026-08-10 02:00:01.414774,
36,61706,KXHIGHCHI-26AUG10-T89,kalshi,KXHIGHCHI-26AUG10-T89,weather,yes,0.01,48.5892731925336,2026-08-10 02:14:45.297889,true,2026-08-10 02:19:34.201947,1,win,48.1,0.98,0.02,0.96,maker_limit,,0.01,filled,2026-08-10 02:14:45.296296,
37,61707,KXHIGHMIA-26AUG10-T95,kalshi,KXHIGHMIA-26AUG10-T95,weather,yes,0.01,48.5892731925336,2026-08-10 02:14:45.916591,true,2026-08-10 02:19:34.374241,1,win,48.1,0.98,0.02,0.96,maker_limit,,0.01,filled,2026-08-10 02:14:45.659283,
38,61708,KXHIGHTBOS-26AUG10-T93,kalshi,KXHIGHTBOS-26AUG10-T93,weather,yes,0.01,48.5892731925336,2026-08-10 02:14:46.427204,true,2026-08-10 02:19:34.538889,1,win,48.1,0.967741935483871,0.02,0.947741935483871,maker_limit,,0.01,filled,2026-08-10 02:14:46.180198,
39,61729,KXHIGHCHI-26AUG10-T89,kalshi,KXHIGHCHI-26AUG10-T89,weather,yes,0.01,48.5158822136535,2026-08-10 02:19:50.28267,true,2026-08-10 02:24:32.997014,1,win,48.03,0.98,0.02,0.96,maker_limit,,0.01,filled,2026-08-10 02:19:50.281397,
40,61730,KXHIGHMIA-26AUG10-T95,kalshi,KXHIGHMIA-26AUG10-T95,weather,yes,0.01,48.5158822136535,2026-08-10 02:19:50.789973,true,2026-08-10 02:24:33.170968,1,win,48.03,0.98,0.02,0.96,maker_limit,,0.01,filled,2026-08-10 02:19:50.534807,
41,61731,KXHIGHTBOS-26AUG10-T93,kalshi,KXHIGHTBOS-26AUG10-T93,weather,yes,0.01,48.5158822136535,2026-08-10 02:19:51.29943,true,2026-08-10 02:24:33.340165,1,win,48.03,0.967741935483871,0.02,0.947741935483871,maker_limit,,0.01,filled,2026-08-10 02:19:51.046283,
42,61752,KXHIGHCHI-26AUG10-T89,kalshi,KXHIGHCHI-26AUG10-T89,weather,yes,0.01,48.4429998816055,2026-08-10 02:24:47.122571,true,2026-08-10 02:29:35.413771,1,win,47.96,0.98,0.02,0.96,maker_limit,,0.01,filled,2026-08-10 02:24:47.120863,
43,61753,KXHIGHMIA-26AUG10-T95,kalshi,KXHIGHMIA-26AUG10-T95,weather,yes,0.01,48.4429998816055,2026-08-10 02:24:47.639998,true,2026-08-10 02:29:35.578911,1,win,47.96,0.98,0.02,0.96,maker_limit,,0.01,filled,2026-08-10 02:24:47.383709,
44,61754,KXHIGHTBOS-26AUG10-T93,kalshi,KXHIGHTBOS-26AUG10-T93,weather,yes,0.01,48.4429998816055,2026-08-10 02:24:48.146933,true,2026-08-10 02:29:35.750584,1,win,47.96,0.967741935483871,0.02,0.947741935483871,maker_limit,,0.01,filled,2026-08-10 02:24:47.90009,
45,61775,KXHIGHCHI-26AUG10-T89,kalshi,KXHIGHCHI-26AUG10-T89,weather,yes,0.01,48.3705498993646,2026-08-10 02:29:48.590564,true,2026-08-10 02:34:33.039169,1,win,47.89,0.98,0.02,0.96,maker_limit,,0.01,filled,2026-08-10 02:29:48.590189,
46,61776,KXHIGHMIA-26AUG10-T95,kalshi,KXHIGHMIA-26AUG10-T95,weather,yes,0.01,48.3705498993646,2026-08-10 02:29:49.110614,true,2026-08-10 02:34:33.213269,1,win,47.89,0.98,0.02,0.96,maker_limit,,0.01,filled,2026-08-10 02:29:48.86242,
47,61777,KXHIGHTBOS-26AUG10-T93,kalshi,KXHIGHTBOS-26AUG10-T93,weather,yes,0.01,48.3705498993646,2026-08-10 02:29:49.599917,true,2026-08-10 02:34:33.37836,1,win,47.89,0.967741935483871,0.02,0.947741935483871,maker_limit,,0.01,filled,2026-08-10 02:29:49.358687,
48,61798,KXHIGHCHI-26AUG10-T89,kalshi,KXHIGHCHI-26AUG10-T89,weather,yes,0.01,48.2984674144599,2026-08-10 02:34:50.161353,true,2026-08-10 02:39:34.055301,1,win,47.82,0.98,0.02,0.96,maker_limit,,0.01,filled,2026-08-10 02:34:50.160152,
49,61799,KXHIGHMIA-26AUG10-T95,kalshi,KXHIGHMIA-26AUG10-T95,weather,yes,0.01,48.2984674144599,2026-08-10 02:34:50.668213,true,2026-08-10 02:39:34.218908,1,win,47.82,0.98,0.02,0.96,maker_limit,,0.01,filled,2026-08-10 02:34:50.416408,
50,61800,KXHIGHTBOS-26AUG10-T93,kalshi,KXHIGHTBOS-26AUG10-T93,weather,yes,0.01,48.2984674144599,2026-08-10 02:34:51.16759,true,2026-08-10 02:39:34.415008,1,win,47.82,0.967741935483871,0.02,0.947741935483871,maker_limit,,0.01,filled,2026-08-10 02:34:50.919732,
51,61821,KXHIGHCHI-26AUG10-T89,kalshi,KXHIGHCHI-26AUG10-T89,weather,yes,0.01,48.2266973022909,2026-08-10 02:39:46.818178,true,2026-08-10 02:44:33.008264,1,win,47.74,0.98,0.02,0.96,maker_limit,,0.01,filled,2026-08-10 02:39:46.816488,
52,61822,KXHIGHMIA-26AUG10-T95,kalshi,KXHIGHMIA-26AUG10-T95,weather,yes,0.01,48.2266973022909,2026-08-10 02:39:47.313869,true,2026-08-10 02:44:33.182857,1,win,47.74,0.98,0.02,0.96,maker_limit,,0.01,filled,2026-08-10 02:39:47.064686,
53,61823,KXHIGHTBOS-26AUG10-T93,kalshi,KXHIGHTBOS-26AUG10-T93,weather,yes,0.01,48.2266973022909,2026-08-10 02:39:47.810281,true,2026-08-10 02:44:33.349051,1,win,47.74,0.967741935483871,0.02,0.947741935483871,maker_limit,,0.01,filled,2026-08-10 02:39:47.56211,
54,61845,KXHIGHCHI-26AUG10-T89,kalshi,KXHIGHCHI-26AUG10-T89,weather,yes,0.01,48.1536927069473,2026-08-10 02:44:46.448384,true,2026-08-10 02:49:34.369217,1,win,47.67,0.98,0.02,0.96,maker_limit,,0.01,filled,2026-08-10 02:44:46.446714,
55,61846,KXHIGHMIA-26AUG10-T95,kalshi,KXHIGHMIA-26AUG10-T95,weather,yes,0.01,48.1536927069473,2026-08-10 02:44:46.947239,true,2026-08-10 02:49:34.534606,1,win,47.67,0.98,0.02,0.96,maker_limit,,0.01,filled,2026-08-10 02:44:46.699017,
56,61847,KXHIGHTBOS-26AUG10-T93,kalshi,KXHIGHTBOS-26AUG10-T93,weather,yes,0.01,48.1536927069473,2026-08-10 02:44:47.444659,true,2026-08-10 02:49:34.704804,1,win,47.67,0.967741935483871,0.02,0.947741935483871,maker_limit,,0.01,filled,2026-08-10 02:44:47.195584,
57,61869,KXHIGHCHI-26AUG10-T89,kalshi,KXHIGHCHI-26AUG10-T89,weather,yes,0.01,48.0811388009052,2026-08-10 02:49:50.489443,true,2026-08-10 02:54:33.008551,1,win,47.6,0.98,0.02,0.96,maker_limit,,0.01,filled,2026-08-10 02:49:50.488079,
58,61870,KXHIGHMIA-26AUG10-T95,kalshi,KXHIGHMIA-26AUG10-T95,weather,yes,0.01,48.0811388009052,2026-08-10 02:49:50.988767,true,2026-08-10 02:54:33.178021,1,win,47.6,0.98,0.02,0.96,maker_limit,,0.01,filled,2026-08-10 02:49:50.740357,
59,61871,KXHIGHTBOS-26AUG10-T93,kalshi,KXHIGHTBOS-26AUG10-T93,weather,yes,0.01,48.0811388009052,2026-08-10 02:49:51.493636,true,2026-08-10 02:54:33.344284,1,win,47.6,0.967741935483871,0.02,0.947741935483871,maker_limit,,0.01,filled,2026-08-10 02:49:51.245605,
60,61892,KXHIGHCHI-26AUG10-T89,kalshi,KXHIGHCHI-26AUG10-T89,weather,yes,0.01,48.0089679807694,2026-08-10 02:54:46.727996,true,2026-08-10 02:59:34.615511,1,win,47.53,0.98,0.02,0.96,maker_limit,,0.01,filled,2026-08-10 02:54:46.726355,
61,61893,KXHIGHMIA-26AUG10-T95,kalshi,KXHIGHMIA-26AUG10-T95,weather,yes,0.01,48.0089679807694,2026-08-10 02:54:47.223402,true,2026-08-10 02:59:34.780829,1,win,47.53,0.98,0.02,0.96,maker_limit,,0.01,filled,2026-08-10 02:54:46.974474,
62,61894,KXHIGHTBOS-26AUG10-T93,kalshi,KXHIGHTBOS-26AUG10-T93,weather,yes,0.01,48.0089679807694,2026-08-10 02:54:47.71917,true,2026-08-10 02:59:34.943378,1,win,47.53,0.967741935483871,0.02,0.947741935483871,maker_limit,,0.01,filled,2026-08-10 02:54:47.471159,
63,61915,KXHIGHCHI-26AUG10-T89,kalshi,KXHIGHCHI-26AUG10-T89,weather,yes,0.01,47.937122783654,2026-08-10 02:59:47.149221,true,2026-08-10 03:04:33.046091,1,win,47.46,0.98,0.02,0.96,maker_limit,,0.01,filled,2026-08-10 02:59:47.147573,
64,61916,KXHIGHMIA-26AUG10-T95,kalshi,KXHIGHMIA-26AUG10-T95,weather,yes,0.01,47.937122783654,2026-08-10 02:59:47.667917,true,2026-08-10 03:04:33.210656,1,win,47.46,0.98,0.02,0.96,maker_limit,,0.01,filled,2026-08-10 02:59:47.396795,
65,61917,KXHIGHTBOS-26AUG10-T93,kalshi,KXHIGHTBOS-26AUG10-T93,weather,yes,0.01,47.937122783654,2026-08-10 02:59:48.164373,true,2026-08-10 03:04:33.376686,1,win,47.46,0.967741935483871,0.02,0.947741935483871,maker_limit,,0.01,filled,2026-08-10 02:59:47.916493,
66,61938,KXHIGHCHI-26AUG10-T89,kalshi,KXHIGHCHI-26AUG10-T89,weather,yes,0.01,47.8655543661059,2026-08-10 03:04:50.02485,true,2026-08-10 03:09:34.334205,1,win,47.39,0.98,0.02,0.96,maker_limit,,0.01,filled,2026-08-10 03:04:50.023721,
67,61939,KXHIGHMIA-26AUG10-T95,kalshi,KXHIGHMIA-26AUG10-T95,weather,yes,0.01,47.8655543661059,2026-08-10 03:04:50.553322,true,2026-08-10 03:09:34.504408,1,win,47.39,0.98,0.02,0.96,maker_limit,,0.01,filled,2026-08-10 03:04:50.294436,
68,61940,KXHIGHTBOS-26AUG10-T93,kalshi,KXHIGHTBOS-26AUG10-T93,weather,yes,0.01,47.8655543661059,2026-08-10 03:04:51.047149,true,2026-08-10 03:09:34.661674,1,win,47.39,0.967741935483871,0.02,0.947741935483871,maker_limit,,0.01,filled,2026-08-10 03:04:50.802074,
69,61961,KXHIGHCHI-26AUG10-T89,kalshi,KXHIGHCHI-26AUG10-T89,weather,yes,0.01,47.79422121119,2026-08-10 03:09:46.941243,true,2026-08-10 03:14:33.007176,1,win,47.32,0.98,0.02,0.96,maker_limit,,0.01,filled,2026-08-10 03:09:46.939695,
70,61962,KXHIGHMIA-26AUG10-T95,kalshi,KXHIGHMIA-26AUG10-T95,weather,yes,0.01,47.79422121119,2026-08-10 03:09:47.436276,true,2026-08-10 03:14:33.170861,1,win,47.32,0.98,0.02,0.96,maker_limit,,0.01,filled,2026-08-10 03:09:47.187994,
71,61963,KXHIGHTBOS-26AUG10-T93,kalshi,KXHIGHTBOS-26AUG10-T93,weather,yes,0.01,47.79422121119,2026-08-10 03:09:47.933717,true,2026-08-10 03:14:33.337953,1,win,47.32,0.967741935483871,0.02,0.947741935483871,maker_limit,,0.01,filled,2026-08-10 03:09:47.684773,
72,61985,KXHIGHCHI-26AUG10-T89,kalshi,KXHIGHCHI-26AUG10-T89,weather,yes,0.01,47.7230880295115,2026-08-10 03:14:46.669983,true,2026-08-10 03:19:34.076656,1,win,47.25,0.98,0.02,0.96,maker_limit,,0.01,filled,2026-08-10 03:14:46.668241,
73,61986,KXHIGHMIA-26AUG10-T95,kalshi,KXHIGHMIA-26AUG10-T95,weather,yes,0.01,47.7230880295115,2026-08-10 03:14:47.164589,true,2026-08-10 03:19:34.243534,1,win,47.25,0.98,0.02,0.96,maker_limit,,0.01,filled,2026-08-10 03:14:46.916325,
74,61987,KXHIGHTBOS-26AUG10-T93,kalshi,KXHIGHTBOS-26AUG10-T93,weather,yes,0.01,47.7230880295115,2026-08-10 03:14:47.662127,true,2026-08-10 03:19:34.403691,1,win,47.25,0.967741935483871,0.02,0.947741935483871,maker_limit,,0.01,filled,2026-08-10 03:14:47.413839,
75,62008,KXHIGHCHI-26AUG10-T89,kalshi,KXHIGHCHI-26AUG10-T89,weather,yes,0.01,47.6521248250848,2026-08-10 03:19:50.300885,true,2026-08-10 03:24:33.013839,1,win,47.18,0.98,0.02,0.96,maker_limit,,0.01,filled,2026-08-10 03:19:50.299317,
76,62009,KXHIGHMIA-26AUG10-T95,kalshi,KXHIGHMIA-26AUG10-T95,weather,yes,0.01,47.6521248250848,2026-08-10 03:19:50.795971,true,2026-08-10 03:24:33.182188,1,win,47.18,0.98,0.02,0.96,maker_limit,,0.01,filled,2026-08-10 03:19:50.547595,
77,62010,KXHIGHTBOS-26AUG10-T93,kalshi,KXHIGHTBOS-26AUG10-T93,weather,yes,0.01,47.6521248250848,2026-08-10 03:19:51.292454,true,2026-08-10 03:24:33.347445,1,win,47.18,0.967741935483871,0.02,0.947741935483871,maker_limit,,0.01,filled,2026-08-10 03:19:51.045275,
78,62031,KXHIGHCHI-26AUG10-T89,kalshi,KXHIGHCHI-26AUG10-T89,weather,yes,0.01,47.5813061013221,2026-08-10 03:24:46.598979,true,2026-08-10 03:29:34.668009,1,win,47.11,0.98,0.02,0.96,maker_limit,,0.01,filled,2026-08-10 03:24:46.597389,
79,62032,KXHIGHMIA-26AUG10-T95,kalshi,KXHIGHMIA-26AUG10-T95,weather,yes,0.01,47.5813061013221,2026-08-10 03:24:47.104571,true,2026-08-10 03:29:34.837993,1,win,47.11,0.98,0.02,0.96,maker_limit,,0.01,filled,2026-08-10 03:24:46.856342,
80,62033,KXHIGHTBOS-26AUG10-T93,kalshi,KXHIGHTBOS-26AUG10-T93,weather,yes,0.01,47.5813061013221,2026-08-10 03:24:47.615058,true,2026-08-10 03:29:35.008192,1,win,47.11,0.967741935483871,0.02,0.947741935483871,maker_limit,,0.01,filled,2026-08-10 03:24:47.353125,
81,62054,KXHIGHCHI-26AUG10-T89,kalshi,KXHIGHCHI-26AUG10-T89,weather,yes,0.01,47.5106101861238,2026-08-10 03:29:47.388193,true,2026-08-10 03:34:33.01,1,win,47.04,0.98,0.02,0.96,maker_limit,,0.01,filled,2026-08-10 03:29:47.386884,
82,62055,KXHIGHMIA-26AUG10-T95,kalshi,KXHIGHMIA-26AUG10-T95,weather,yes,0.01,47.5106101861238,2026-08-10 03:29:47.893295,true,2026-08-10 03:34:33.17709,1,win,47.04,0.98,0.02,0.96,maker_limit,,0.01,filled,2026-08-10 03:29:47.645212,
83,62056,KXHIGHTBOS-26AUG10-T93,kalshi,KXHIGHTBOS-26AUG10-T93,weather,yes,0.01,47.5106101861238,2026-08-10 03:29:48.385497,true,2026-08-10 03:34:33.334671,1,win,47.04,0.967741935483871,0.02,0.947741935483871,maker_limit,,0.01,filled,2026-08-10 03:29:48.140268,
84,62077,KXHIGHCHI-26AUG10-T89,kalshi,KXHIGHCHI-26AUG10-T89,weather,yes,0.01,47.4400186582053,2026-08-10 03:34:47.660723,true,2026-08-10 03:39:34.142923,1,win,46.97,0.98,0.02,0.96,maker_limit,,0.01,filled,2026-08-10 03:34:47.659151,
85,62078,KXHIGHMIA-26AUG10-T95,kalshi,KXHIGHMIA-26AUG10-T95,weather,yes,0.01,47.4400186582053,2026-08-10 03:34:48.165649,true,2026-08-10 03:39:34.312025,1,win,46.97,0.98,0.02,0.96,maker_limit,,0.01,filled,2026-08-10 03:34:47.919188,
86,62079,KXHIGHTBOS-26AUG10-T93,kalshi,KXHIGHTBOS-26AUG10-T93,weather,yes,0.01,47.4400186582053,2026-08-10 03:34:48.658577,true,2026-08-10 03:39:34.476234,1,win,46.97,0.967741935483871,0.02,0.947741935483871,maker_limit,,0.01,filled,2026-08-10 03:34:48.413139,
87,62100,KXHIGHCHI-26AUG10-T89,kalshi,KXHIGHCHI-26AUG10-T89,weather,yes,0.01,47.3695158594745,2026-08-10 03:39:49.014743,true,2026-08-10 03:44:33.003745,1,win,46.9,0.98,0.02,0.96,maker_limit,,0.01,filled,2026-08-10 03:39:49.013648,
88,62101,KXHIGHMIA-26AUG10-T95,kalshi,KXHIGHMIA-26AUG10-T95,weather,yes,0.01,47.3695158594745,2026-08-10 03:39:49.520303,true,2026-08-10 03:44:33.165063,1,win,46.9,0.98,0.02,0.96,maker_limit,,0.01,filled,2026-08-10 03:39:49.270381,
89,62102,KXHIGHTBOS-26AUG10-T93,kalshi,KXHIGHTBOS-26AUG10-T93,weather,yes,0.01,47.3695158594745,2026-08-10 03:39:50.017923,true,2026-08-10 03:44:33.329553,1,win,46.9,0.967741935483871,0.02,0.947741935483871,maker_limit,,0.01,filled,2026-08-10 03:39:49.769612,
90,62123,KXHIGHCHI-26AUG10-T89,kalshi,KXHIGHCHI-26AUG10-T89,weather,yes,0.01,47.2990884805533,2026-08-10 03:44:46.318571,true,2026-08-10 03:49:34.216599,1,win,46.83,0.98,0.02,0.96,maker_limit,,0.01,filled,2026-08-10 03:44:46.316843,
91,62124,KXHIGHMIA-26AUG10-T95,kalshi,KXHIGHMIA-26AUG10-T95,weather,yes,0.01,47.2990884805533,2026-08-10 03:44:46.812918,true,2026-08-10 03:49:34.381785,1,win,46.83,0.98,0.02,0.96,maker_limit,,0.01,filled,2026-08-10 03:44:46.568968,
92,62125,KXHIGHTBOS-26AUG10-T93,kalshi,KXHIGHTBOS-26AUG10-T93,weather,yes,0.01,47.2990884805533,2026-08-10 03:44:47.309671,true,2026-08-10 03:49:34.554092,1,win,46.83,0.967741935483871,0.02,0.947741935483871,maker_limit,,0.01,filled,2026-08-10 03:44:47.061242,
93,62146,KXHIGHCHI-26AUG10-T89,kalshi,KXHIGHCHI-26AUG10-T89,weather,yes,0.01,47.2287252084703,2026-08-10 03:49:47.989897,true,2026-08-10 03:54:33.545776,1,win,46.76,0.98,0.02,0.96,maker_limit,,0.01,filled,2026-08-10 03:49:47.988349,
94,62147,KXHIGHMIA-26AUG10-T95,kalshi,KXHIGHMIA-26AUG10-T95,weather,yes,0.01,47.2287252084703,2026-08-10 03:49:48.485045,true,2026-08-10 03:54:33.70787,1,win,46.76,0.98,0.02,0.96,maker_limit,,0.01,filled,2026-08-10 03:49:48.236691,
95,62148,KXHIGHTBOS-26AUG10-T93,kalshi,KXHIGHTBOS-26AUG10-T93,weather,yes,0.01,47.2287252084703,2026-08-10 03:49:48.981846,true,2026-08-10 03:54:33.872031,1,win,46.76,0.967741935483871,0.02,0.947741935483871,maker_limit,,0.01,filled,2026-08-10 03:49:48.734055,
96,62170,KXHIGHCHI-26AUG10-T89,kalshi,KXHIGHCHI-26AUG10-T89,weather,yes,0.01,47.1584164271998,2026-08-10 03:54:49.220739,true,2026-08-10 03:59:34.615284,1,win,46.69,0.98,0.02,0.96,maker_limit,,0.01,filled,2026-08-10 03:54:49.219287,
97,62171,KXHIGHMIA-26AUG10-T95,kalshi,KXHIGHMIA-26AUG10-T95,weather,yes,0.01,47.1584164271998,2026-08-10 03:54:49.71565,true,2026-08-10 03:59:34.77177,1,win,46.69,0.98,0.02,0.96,maker_limit,,0.01,filled,2026-08-10 03:54:49.468514,
98,62172,KXHIGHTBOS-26AUG10-T93,kalshi,KXHIGHTBOS-26AUG10-T93,weather,yes,0.01,47.1584164271998,2026-08-10 03:54:50.212972,true,2026-08-10 03:59:34.928896,1,win,46.69,0.967741935483871,0.02,0.947741935483871,maker_limit,,0.01,filled,2026-08-10 03:54:49.965043,
99,62194,KXHIGHCHI-26AUG10-T89,kalshi,KXHIGHCHI-26AUG10-T89,weather,yes,0.01,47.0881539631198,2026-08-10 03:59:47.191838,true,2026-08-10 04:04:33.004941,1,win,46.62,0.98,0.02,0.96,maker_limit,,0.01,filled,2026-08-10 03:59:47.190275,
100,62195,KXHIGHMIA-26AUG10-T95,kalshi,KXHIGHMIA-26AUG10-T95,weather,yes,0.01,47.0881539631198,2026-08-10 03:59:47.690536,true,2026-08-10 04:04:33.167193,1,win,46.62,0.98,0.02,0.96,maker_limit,,0.01,filled,2026-08-10 03:59:47.4451,
101,62196,KXHIGHTBOS-26AUG10-T93,kalshi,KXHIGHTBOS-26AUG10-T93,weather,yes,0.01,47.0881539631198,2026-08-10 03:59:48.187072,true,2026-08-10 04:04:33.333491,1,win,46.62,0.967741935483871,0.02,0.947741935483871,maker_limit,,0.01,filled,2026-08-10 03:59:47.939007,
102,62218,KXHIGHCHI-26AUG10-T89,kalshi,KXHIGHCHI-26AUG10-T89,weather,yes,0.01,47.0179308686519,2026-08-10 04:04:46.411987,true,2026-08-10 04:09:34.2733,1,win,46.55,0.98,0.02,0.96,maker_limit,,0.01,filled,2026-08-10 04:04:46.410701,
103,62219,KXHIGHMIA-26AUG10-T95,kalshi,KXHIGHMIA-26AUG10-T95,weather,yes,0.01,47.0179308686519,2026-08-10 04:04:46.905544,true,2026-08-10 04:09:34.472717,1,win,46.55,0.98,0.02,0.96,maker_limit,,0.01,filled,2026-08-10 04:04:46.65982,
104,62220,KXHIGHTBOS-26AUG10-T93,kalshi,KXHIGHTBOS-26AUG10-T93,weather,yes,0.01,47.0179308686519,2026-08-10 04:04:47.389097,true,2026-08-10 04:09:34.643287,1,win,46.55,0.967741935483871,0.02,0.947741935483871,maker_limit,,0.01,filled,2026-08-10 04:04:47.150988,
105,62242,KXHIGHCHI-26AUG10-T89,kalshi,KXHIGHCHI-26AUG10-T89,weather,yes,0.01,46.9477412383541,2026-08-10 04:09:53.612553,true,2026-08-10 04:14:33.518283,1,win,46.48,0.98,0.02,0.96,maker_limit,,0.01,filled,2026-08-10 04:09:53.612122,
106,62243,KXHIGHMIA-26AUG10-T95,kalshi,KXHIGHMIA-26AUG10-T95,weather,yes,0.01,46.9477412383541,2026-08-10 04:09:54.083033,true,2026-08-10 04:14:33.673329,1,win,46.48,0.98,0.02,0.96,maker_limit,,0.01,filled,2026-08-10 04:09:53.846618,
107,62244,KXHIGHTBOS-26AUG10-T93,kalshi,KXHIGHTBOS-26AUG10-T93,weather,yes,0.01,46.9477412383541,2026-08-10 04:09:54.560792,true,2026-08-10 04:14:33.836774,1,win,46.48,0.967741935483871,0.02,0.947741935483871,maker_limit,,0.01,filled,2026-08-10 04:09:54.326171,
108,62267,KXHIGHCHI-26AUG10-T89,kalshi,KXHIGHCHI-26AUG10-T89,weather,yes,0.01,46.877580052601,2026-08-10 04:14:46.331008,true,2026-08-10 04:19:34.012279,1,win,46.41,0.98,0.02,0.96,maker_limit,,0.01,filled,2026-08-10 04:14:46.329418,
109,62268,KXHIGHMIA-26AUG10-T95,kalshi,KXHIGHMIA-26AUG10-T95,weather,yes,0.01,46.877580052601,2026-08-10 04:14:46.809866,true,2026-08-10 04:19:34.16904,1,win,46.41,0.98,0.02,0.96,maker_limit,,0.01,filled,2026-08-10 04:14:46.578035,
110,62269,KXHIGHTBOS-26AUG10-T93,kalshi,KXHIGHTBOS-26AUG10-T93,weather,yes,0.01,46.877580052601,2026-08-10 04:14:47.299568,true,2026-08-10 04:19:34.325136,1,win,46.41,0.967741935483871,0.02,0.947741935483871,maker_limit,,0.01,filled,2026-08-10 04:14:47.057508,
111,62292,KXHIGHCHI-26AUG10-T89,kalshi,KXHIGHCHI-26AUG10-T89,weather,yes,0.01,46.8074430447108,2026-08-10 04:19:46.354994,true,2026-08-10 04:24:34.069217,1,win,46.34,0.98,0.02,0.96,maker_limit,,0.01,filled,2026-08-10 04:19:46.353754,
112,62293,KXHIGHMIA-26AUG10-T95,kalshi,KXHIGHMIA-26AUG10-T95,weather,yes,0.01,46.8074430447108,2026-08-10 04:19:46.828293,true,2026-08-10 04:24:34.237918,1,win,46.34,0.98,0.02,0.96,maker_limit,,0.01,filled,2026-08-10 04:19:46.595224,
113,62294,KXHIGHDEN-26AUG10-T99,kalshi,KXHIGHDEN-26AUG10-T99,weather,yes,0.02,46.8074430447108,2026-08-10 04:19:47.316453,true,2026-08-10 04:24:34.401499,1,win,45.87,0.98,0.03,0.95,maker_limit,,0.02,filled,2026-08-10 04:19:47.082667,
114,62317,KXHIGHCHI-26AUG10-T89,kalshi,KXHIGHCHI-26AUG10-T89,weather,yes,0.01,46.7138265880042,2026-08-10 04:24:53.50329,true,2026-08-10 04:29:35.059633,1,win,46.25,0.98,0.02,0.96,maker_limit,,0.01,filled,2026-08-10 04:24:53.502936,
115,62318,KXHIGHMIA-26AUG10-T95,kalshi,KXHIGHMIA-26AUG10-T95,weather,yes,0.01,46.7138265880042,2026-08-10 04:24:53.981101,true,2026-08-10 04:29:35.230876,1,win,46.25,0.98,0.02,0.96,maker_limit,,0.01,filled,2026-08-10 04:24:53.744829,
116,62319,KXHIGHDEN-26AUG10-T99,kalshi,KXHIGHDEN-26AUG10-T99,weather,yes,0.02,46.7138265880042,2026-08-10 04:24:54.449154,true,2026-08-10 04:29:35.402848,1,win,45.78,0.98,0.03,0.95,maker_limit,,0.02,filled,2026-08-10 04:24:54.220311,
117,62343,KXHIGHCHI-26AUG10-T89,kalshi,KXHIGHCHI-26AUG10-T89,weather,yes,0.01,46.6207525998036,2026-08-10 04:29:47.510006,true,2026-08-10 04:34:33.096106,1,win,46.15,0.98,0.02,0.96,maker_limit,,0.01,filled,2026-08-10 04:29:47.508434,
118,62344,KXHIGHMIA-26AUG10-T95,kalshi,KXHIGHMIA-26AUG10-T95,weather,yes,0.01,46.6207525998036,2026-08-10 04:29:48.01397,true,2026-08-10 04:34:33.26441,1,win,46.15,0.98,0.02,0.96,maker_limit,,0.01,filled,2026-08-10 04:29:47.766917,
119,62345,KXHIGHDEN-26AUG10-T99,kalshi,KXHIGHDEN-26AUG10-T99,weather,yes,0.02,46.6207525998036,2026-08-10 04:29:48.509516,true,2026-08-10 04:34:33.420791,1,win,45.69,0.98,0.03,0.95,maker_limit,,0.02,filled,2026-08-10 04:29:48.261717,
120,62369,KXHIGHCHI-26AUG10-T89,kalshi,KXHIGHCHI-26AUG10-T89,weather,yes,0.01,46.5271397098331,2026-08-10 04:34:46.409496,true,2026-08-10 04:39:34.04564,1,win,46.06,0.98,0.02,0.96,maker_limit,,0.01,filled,2026-08-10 04:34:46.408036,
121,62370,KXHIGHMIA-26AUG10-T95,kalshi,KXHIGHMIA-26AUG10-T95,weather,yes,0.01,46.5271397098331,2026-08-10 04:34:46.926886,true,2026-08-10 04:39:34.214922,1,win,46.06,0.98,0.02,0.96,maker_limit,,0.01,filled,2026-08-10 04:34:46.672671,
122,62371,KXHIGHDEN-26AUG10-T99,kalshi,KXHIGHDEN-26AUG10-T99,weather,yes,0.02,46.5271397098331,2026-08-10 04:34:47.409542,true,2026-08-10 04:39:34.387467,1,win,45.6,0.98,0.03,0.95,maker_limit,,0.02,filled,2026-08-10 04:34:47.175044,
123,62394,KXHIGHCHI-26AUG10-T89,kalshi,KXHIGHCHI-26AUG10-T89,weather,yes,0.01,46.4340687533581,2026-08-10 04:39:53.638896,true,2026-08-10 04:44:32.999039,1,win,45.97,0.98,0.02,0.96,maker_limit,,0.01,filled,2026-08-10 04:39:53.637858,
124,62395,KXHIGHMIA-26AUG10-T95,kalshi,KXHIGHMIA-26AUG10-T95,weather,yes,0.01,46.4340687533581,2026-08-10 04:39:54.133596,true,2026-08-10 04:44:33.161193,1,win,45.97,0.98,0.02,0.96,maker_limit,,0.01,filled,2026-08-10 04:39:53.889603,
125,62396,KXHIGHDEN-26AUG10-T99,kalshi,KXHIGHDEN-26AUG10-T99,weather,yes,0.02,46.4340687533581,2026-08-10 04:39:54.626297,true,2026-08-10 04:44:33.32586,1,win,45.51,0.98,0.03,0.95,maker_limit,,0.02,filled,2026-08-10 04:39:54.382837,
126,62419,KXHIGHCHI-26AUG10-T89,kalshi,KXHIGHCHI-26AUG10-T89,weather,yes,0.01,46.3414584403544,2026-08-10 04:44:46.327165,true,2026-08-10 04:49:34.112855,1,win,45.88,0.98,0.02,0.96,maker_limit,,0.01,filled,2026-08-10 04:44:46.325566,
127,62420,KXHIGHMIA-26AUG10-T95,kalshi,KXHIGHMIA-26AUG10-T95,weather,yes,0.01,46.3414584403544,2026-08-10 04:44:46.837832,true,2026-08-10 04:49:34.287211,1,win,45.88,0.98,0.02,0.96,maker_limit,,0.01,filled,2026-08-10 04:44:46.589322,
128,62421,KXHIGHDEN-26AUG10-T99,kalshi,KXHIGHDEN-26AUG10-T99,weather,yes,0.02,46.3414584403544,2026-08-10 04:44:47.340498,true,2026-08-10 04:49:34.457374,1,win,45.41,0.98,0.03,0.95,maker_limit,,0.02,filled,2026-08-10 04:44:47.091146,
129,62444,KXHIGHCHI-26AUG10-T89,kalshi,KXHIGHCHI-26AUG10-T89,weather,yes,0.01,46.2487396743012,2026-08-10 04:49:47.004364,true,2026-08-10 04:54:34.269931,1,win,45.79,0.98,0.02,0.96,maker_limit,,0.01,filled,2026-08-10 04:49:47.002749,
130,62445,KXHIGHMIA-26AUG10-T95,kalshi,KXHIGHMIA-26AUG10-T95,weather,yes,0.01,46.2487396743012,2026-08-10 04:49:47.504146,true,2026-08-10 04:54:34.459419,1,win,45.79,0.98,0.02,0.96,maker_limit,,0.01,filled,2026-08-10 04:49:47.256978,
131,62446,KXHIGHDEN-26AUG10-T99,kalshi,KXHIGHDEN-26AUG10-T99,weather,yes,0.02,46.2487396743012,2026-08-10 04:49:48.004727,true,2026-08-10 04:54:34.631033,1,win,45.32,0.98,0.03,0.95,maker_limit,,0.02,filled,2026-08-10 04:49:47.757335,
132,62469,KXHIGHCHI-26AUG10-T89,kalshi,KXHIGHCHI-26AUG10-T89,weather,yes,0.01,46.1564287231561,2026-08-10 04:54:54.064312,true,2026-08-10 04:59:34.769322,1,win,45.69,0.98,0.02,0.96,maker_limit,,0.01,filled,2026-08-10 04:54:54.062949,
133,62470,KXHIGHMIA-26AUG10-T95,kalshi,KXHIGHMIA-26AUG10-T95,weather,yes,0.01,46.1564287231561,2026-08-10 04:54:54.582185,true,2026-08-10 04:59:34.954645,1,win,45.69,0.98,0.02,0.96,maker_limit,,0.01,filled,2026-08-10 04:54:54.327285,
134,62471,KXHIGHDEN-26AUG10-T99,kalshi,KXHIGHDEN-26AUG10-T99,weather,yes,0.02,46.1564287231561,2026-08-10 04:54:55.081722,true,2026-08-10 04:59:35.125675,1,win,45.23,0.98,0.03,0.95,maker_limit,,0.02,filled,2026-08-10 04:54:54.832153,
135,62494,KXHIGHCHI-26AUG10-T89,kalshi,KXHIGHCHI-26AUG10-T89,weather,yes,0.01,46.0634644146826,2026-08-10 04:59:47.291698,true,2026-08-10 05:04:33.068731,1,win,45.6,0.98,0.02,0.96,maker_limit,,0.01,filled,2026-08-10 04:59:47.290677,
136,62495,KXHIGHMIA-26AUG10-T95,kalshi,KXHIGHMIA-26AUG10-T95,weather,yes,0.01,46.0634644146826,2026-08-10 04:59:47.807081,true,2026-08-10 05:04:33.248574,1,win,45.6,0.98,0.02,0.96,maker_limit,,0.01,filled,2026-08-10 04:59:47.560797,
137,62496,KXHIGHDEN-26AUG10-T99,kalshi,KXHIGHDEN-26AUG10-T99,weather,yes,0.02,46.0634644146826,2026-08-10 04:59:48.303995,true,2026-08-10 05:04:33.419607,1,win,45.14,0.98,0.03,0.95,maker_limit,,0.02,filled,2026-08-10 04:59:48.055726,
138,62519,KXHIGHCHI-26AUG10-T89,kalshi,KXHIGHCHI-26AUG10-T89,weather,yes,0.01,45.9709447524802,2026-08-10 05:04:46.430088,true,2026-08-10 05:09:34.049341,1,win,45.51,0.98,0.02,0.96,maker_limit,,0.01,filled,2026-08-10 05:04:46.42844,
139,62520,KXHIGHMIA-26AUG10-T95,kalshi,KXHIGHMIA-26AUG10-T95,weather,yes,0.01,45.9709447524802,2026-08-10 05:04:46.946911,true,2026-08-10 05:09:34.21467,1,win,45.51,0.98,0.02,0.96,maker_limit,,0.01,filled,2026-08-10 05:04:46.700792,
140,62521,KXHIGHDEN-26AUG10-T99,kalshi,KXHIGHDEN-26AUG10-T99,weather,yes,0.02,45.9709447524802,2026-08-10 05:04:47.446773,true,2026-08-10 05:09:34.38481,1,win,45.05,0.98,0.03,0.95,maker_limit,,0.02,filled,2026-08-10 05:04:47.195106,
141,62544,KXHIGHCHI-26AUG10-T89,kalshi,KXHIGHCHI-26AUG10-T89,weather,yes,0.01,45.8788030396082,2026-08-10 05:09:53.558039,true,2026-08-10 05:14:33.009726,1,win,45.42,0.98,0.02,0.96,maker_limit,,0.01,filled,2026-08-10 05:09:53.557703,
142,62545,KXHIGHMIA-26AUG10-T95,kalshi,KXHIGHMIA-26AUG10-T95,weather,yes,0.01,45.8788030396082,2026-08-10 05:09:54.061842,true,2026-08-10 05:14:33.179981,1,win,45.42,0.98,0.02,0.96,maker_limit,,0.01,filled,2026-08-10 05:09:53.814968,
143,62546,KXHIGHDEN-26AUG10-T99,kalshi,KXHIGHDEN-26AUG10-T99,weather,yes,0.02,45.8788030396082,2026-08-10 05:09:54.569031,true,2026-08-10 05:14:33.35176,1,win,44.96,0.98,0.03,0.95,maker_limit,,0.02,filled,2026-08-10 05:09:54.316462,
144,62569,KXHIGHCHI-26AUG10-T89,kalshi,KXHIGHCHI-26AUG10-T89,weather,yes,0.01,45.786982583667,2026-08-10 05:14:46.430623,true,2026-08-10 05:19:34.074578,1,win,45.33,0.98,0.02,0.96,maker_limit,,0.01,filled,2026-08-10 05:14:46.428974,
145,62570,KXHIGHMIA-26AUG10-T95,kalshi,KXHIGHMIA-26AUG10-T95,weather,yes,0.01,45.786982583667,2026-08-10 05:14:46.933246,true,2026-08-10 05:19:34.241098,1,win,45.33,0.98,0.02,0.96,maker_limit,,0.01,filled,2026-08-10 05:14:46.686958,
146,62571,KXHIGHDEN-26AUG10-T99,kalshi,KXHIGHDEN-26AUG10-T99,weather,yes,0.02,45.786982583667,2026-08-10 05:14:47.430398,true,2026-08-10 05:19:34.412361,1,win,44.87,0.98,0.03,0.95,maker_limit,,0.02,filled,2026-08-10 05:14:47.181618,
147,62594,KXHIGHCHI-26AUG10-T89,kalshi,KXHIGHCHI-26AUG10-T89,weather,yes,0.01,45.6954351961169,2026-08-10 05:19:46.595248,true,2026-08-10 05:24:33.013294,1,win,45.24,0.98,0.02,0.96,maker_limit,,0.01,filled,2026-08-10 05:19:46.593847,
148,62595,KXHIGHMIA-26AUG10-T95,kalshi,KXHIGHMIA-26AUG10-T95,weather,yes,0.01,45.6954351961169,2026-08-10 05:19:47.100464,true,2026-08-10 05:24:33.181922,1,win,45.24,0.98,0.02,0.96,maker_limit,,0.01,filled,2026-08-10 05:19:46.845608,
149,62596,KXHIGHDEN-26AUG10-T99,kalshi,KXHIGHDEN-26AUG10-T99,weather,yes,0.02,45.6954351961169,2026-08-10 05:19:47.597926,true,2026-08-10 05:24:33.346616,1,win,44.78,0.98,0.03,0.95,maker_limit,,0.02,filled,2026-08-10 05:19:47.348752,
150,62618,KXHIGHCHI-26AUG10-T89,kalshi,KXHIGHCHI-26AUG10-T89,weather,yes,0.01,45.6041199166994,2026-08-10 05:24:48.727228,true,2026-08-10 05:29:34.444813,1,win,45.15,0.98,0.02,0.96,maker_limit,,0.01,filled,2026-08-10 05:24:48.725673,
151,62619,KXHIGHMIA-26AUG10-T95,kalshi,KXHIGHMIA-26AUG10-T95,weather,yes,0.01,45.6041199166994,2026-08-10 05:24:49.211951,true,2026-08-10 05:29:34.616596,1,win,45.15,0.98,0.02,0.96,maker_limit,,0.01,filled,2026-08-10 05:24:48.975269,
152,62620,KXHIGHDEN-26AUG10-T99,kalshi,KXHIGHDEN-26AUG10-T99,weather,yes,0.02,45.6041199166994,2026-08-10 05:24:49.707524,true,2026-08-10 05:29:34.7871,1,win,44.69,0.98,0.03,0.95,maker_limit,,0.02,filled,2026-08-10 05:24:49.459356,
153,62642,KXHIGHCHI-26AUG10-T89,kalshi,KXHIGHCHI-26AUG10-T89,weather,yes,0.01,45.5130019291945,2026-08-10 05:29:51.796269,true,2026-08-10 05:34:33.059647,1,win,45.06,0.98,0.02,0.96,maker_limit,,0.01,filled,2026-08-10 05:29:51.795215,
154,62643,KXHIGHMIA-26AUG10-T95,kalshi,KXHIGHMIA-26AUG10-T95,weather,yes,0.01,45.5130019291945,2026-08-10 05:29:52.280021,true,2026-08-10 05:34:33.227059,1,win,45.06,0.98,0.02,0.96,maker_limit,,0.01,filled,2026-08-10 05:29:52.042452,
155,62644,KXHIGHDEN-26AUG10-T99,kalshi,KXHIGHDEN-26AUG10-T99,weather,yes,0.02,45.5130019291945,2026-08-10 05:29:52.776126,true,2026-08-10 05:34:33.393281,1,win,44.6,0.98,0.03,0.95,maker_limit,,0.02,filled,2026-08-10 05:29:52.528982,
156,62667,KXHIGHCHI-26AUG10-T89,kalshi,KXHIGHCHI-26AUG10-T89,weather,yes,0.01,45.4220516398153,2026-08-10 05:34:46.188867,true,2026-08-10 05:39:34.111544,1,win,44.97,0.98,0.02,0.96,maker_limit,,0.01,filled,2026-08-10 05:34:46.187147,
157,62668,KXHIGHMIA-26AUG10-T95,kalshi,KXHIGHMIA-26AUG10-T95,weather,yes,0.01,45.4220516398153,2026-08-10 05:34:46.67709,true,2026-08-10 05:39:34.283241,1,win,44.97,0.98,0.02,0.96,maker_limit,,0.01,filled,2026-08-10 05:34:46.442474,
158,62669,KXHIGHDEN-26AUG10-T99,kalshi,KXHIGHDEN-26AUG10-T99,weather,yes,0.02,45.4220516398153,2026-08-10 05:34:47.169114,true,2026-08-10 05:39:34.453223,1,win,44.51,0.98,0.03,0.95,maker_limit,,0.02,filled,2026-08-10 05:34:46.923889,
159,62691,KXHIGHCHI-26AUG10-T89,kalshi,KXHIGHCHI-26AUG10-T89,weather,yes,0.01,45.331243893843,2026-08-10 05:39:48.620735,true,2026-08-10 05:44:33.017416,1,win,44.88,0.98,0.02,0.96,maker_limit,,0.01,filled,2026-08-10 05:39:48.619769,
160,62692,KXHIGHMIA-26AUG10-T95,kalshi,KXHIGHMIA-26AUG10-T95,weather,yes,0.01,45.331243893843,2026-08-10 05:39:49.127541,true,2026-08-10 05:44:33.182222,1,win,44.88,0.98,0.02,0.96,maker_limit,,0.01,filled,2026-08-10 05:39:48.87966,
161,62693,KXHIGHDEN-26AUG10-T99,kalshi,KXHIGHDEN-26AUG10-T99,weather,yes,0.02,45.331243893843,2026-08-10 05:39:49.625251,true,2026-08-10 05:44:33.340542,1,win,44.42,0.98,0.03,0.95,maker_limit,,0.02,filled,2026-08-10 05:39:49.376309,
162,62715,KXHIGHMIA-26AUG10-T95,kalshi,KXHIGHMIA-26AUG10-T95,weather,yes,0.01,45.2405573097666,2026-08-10 05:44:46.049701,true,2026-08-10 05:49:34.167728,1,win,44.79,0.98,0.02,0.96,maker_limit,,0.01,filled,2026-08-10 05:44:46.048624,
163,62716,KXHIGHDEN-26AUG10-T99,kalshi,KXHIGHDEN-26AUG10-T99,weather,yes,0.02,45.2405573097666,2026-08-10 05:44:46.541242,true,2026-08-10 05:49:34.337312,1,win,44.34,0.98,0.03,0.95,maker_limit,,0.02,filled,2026-08-10 05:44:46.300066,
164,62717,KXHIGHTBOS-26AUG10-T93,kalshi,KXHIGHTBOS-26AUG10-T93,weather,yes,0.01,45.2405573097666,2026-08-10 05:44:47.03681,true,2026-08-10 05:49:34.500186,1,win,44.79,0.967741935483871,0.02,0.947741935483871,maker_limit,,0.01,filled,2026-08-10 05:44:46.788864,
165,62740,KXHIGHMIA-26AUG10-T95,kalshi,KXHIGHMIA-26AUG10-T95,weather,yes,0.01,45.1504737133016,2026-08-10 05:49:50.935268,true,2026-08-10 05:54:33.920948,1,win,44.7,0.98,0.02,0.96,maker_limit,,0.01,filled,2026-08-10 05:49:50.933731,
166,62741,KXHIGHDEN-26AUG10-T99,kalshi,KXHIGHDEN-26AUG10-T99,weather,yes,0.02,45.1504737133016,2026-08-10 05:49:51.424586,true,2026-08-10 05:54:34.080073,1,win,44.25,0.98,0.03,0.95,maker_limit,,0.02,filled,2026-08-10 05:49:51.177509,
167,62742,KXHIGHTBOS-26AUG10-T93,kalshi,KXHIGHTBOS-26AUG10-T93,weather,yes,0.01,45.1504737133016,2026-08-10 05:49:51.919047,true,2026-08-10 05:54:34.243354,1,win,44.7,0.967741935483871,0.02,0.947741935483871,maker_limit,,0.01,filled,2026-08-10 05:49:51.671057,
168,62765,KXHIGHMIA-26AUG10-T95,kalshi,KXHIGHMIA-26AUG10-T95,weather,yes,0.01,45.0604026563063,2026-08-10 05:54:48.746252,true,2026-08-10 05:59:34.6342,1,win,44.61,0.98,0.02,0.96,maker_limit,,0.01,filled,2026-08-10 05:54:48.744685,
169,62766,KXHIGHDEN-26AUG10-T99,kalshi,KXHIGHDEN-26AUG10-T99,weather,yes,0.02,45.0604026563063,2026-08-10 05:54:49.245238,true,2026-08-10 05:59:34.799715,1,win,44.16,0.98,0.03,0.95,maker_limit,,0.02,filled,2026-08-10 05:54:48.994028,
170,62767,KXHIGHTBOS-26AUG10-T93,kalshi,KXHIGHTBOS-26AUG10-T93,weather,yes,0.01,45.0604026563063,2026-08-10 05:54:49.740744,true,2026-08-10 05:59:34.963534,1,win,44.61,0.967741935483871,0.02,0.947741935483871,maker_limit,,0.01,filled,2026-08-10 05:54:49.493611,
171,62790,KXHIGHMIA-26AUG10-T95,kalshi,KXHIGHMIA-26AUG10-T95,weather,yes,0.01,44.9703422578604,2026-08-10 05:59:46.768528,true,2026-08-10 06:04:33.011229,1,win,44.52,0.98,0.02,0.96,maker_limit,,0.01,filled,2026-08-10 05:59:46.767332,
172,62791,KXHIGHDEN-26AUG10-T99,kalshi,KXHIGHDEN-26AUG10-T99,weather,yes,0.02,44.9703422578604,2026-08-10 05:59:47.274538,true,2026-08-10 06:04:33.185487,1,win,44.07,0.98,0.03,0.95,maker_limit,,0.02,filled,2026-08-10 05:59:47.024454,
173,62792,KXHIGHTBOS-26AUG10-T93,kalshi,KXHIGHTBOS-26AUG10-T93,weather,yes,0.01,44.9703422578604,2026-08-10 05:59:47.790024,true,2026-08-10 06:04:33.349812,1,win,44.52,0.967741935483871,0.02,0.947741935483871,maker_limit,,0.01,filled,2026-08-10 05:59:47.534628,
174,62815,KXHIGHMIA-26AUG10-T95,kalshi,KXHIGHMIA-26AUG10-T95,weather,yes,0.01,44.8802909191813,2026-08-10 06:04:50.872762,true,2026-08-10 06:09:34.36633,1,win,44.43,0.98,0.02,0.96,maker_limit,,0.01,filled,2026-08-10 06:04:50.871123,
175,62816,KXHIGHDEN-26AUG10-T99,kalshi,KXHIGHDEN-26AUG10-T99,weather,yes,0.02,44.8802909191813,2026-08-10 06:04:51.370614,true,2026-08-10 06:09:34.535802,1,win,43.98,0.98,0.03,0.95,maker_limit,,0.02,filled,2026-08-10 06:04:51.12107,
176,62817,KXHIGHTBOS-26AUG10-T93,kalshi,KXHIGHTBOS-26AUG10-T93,weather,yes,0.01,44.8802909191813,2026-08-10 06:04:51.864142,true,2026-08-10 06:09:34.705759,1,win,44.43,0.967741935483871,0.02,0.947741935483871,maker_limit,,0.01,filled,2026-08-10 06:04:51.617878,
177,62840,KXHIGHMIA-26AUG10-T95,kalshi,KXHIGHMIA-26AUG10-T95,weather,yes,0.01,44.7902472813041,2026-08-10 06:09:46.386132,true,2026-08-10 06:14:33.568487,1,win,44.34,0.98,0.02,0.96,maker_limit,,0.01,filled,2026-08-10 06:09:46.384482,
178,62841,KXHIGHDEN-26AUG10-T99,kalshi,KXHIGHDEN-26AUG10-T99,weather,yes,0.02,44.7902472813041,2026-08-10 06:09:46.890805,true,2026-08-10 06:14:33.736537,1,win,43.89,0.98,0.03,0.95,maker_limit,,0.02,filled,2026-08-10 06:09:46.640502,
179,62842,KXHIGHTBOS-26AUG10-T93,kalshi,KXHIGHTBOS-26AUG10-T93,weather,yes,0.01,44.7902472813041,2026-08-10 06:09:47.386297,true,2026-08-10 06:14:33.901891,1,win,44.34,0.967741935483871,0.02,0.947741935483871,maker_limit,,0.01,filled,2026-08-10 06:09:47.138117,
180,62865,KXHIGHMIA-26AUG10-T95,kalshi,KXHIGHMIA-26AUG10-T95,weather,yes,0.01,44.7002101891085,2026-08-10 06:14:48.849564,true,2026-08-10 06:19:33.935894,1,win,44.25,0.98,0.02,0.96,maker_limit,,0.01,filled,2026-08-10 06:14:48.848589,
181,62866,KXHIGHDEN-26AUG10-T99,kalshi,KXHIGHDEN-26AUG10-T99,weather,yes,0.02,44.7002101891085,2026-08-10 06:14:49.347558,true,2026-08-10 06:19:34.106224,1,win,43.81,0.98,0.03,0.95,maker_limit,,0.02,filled,2026-08-10 06:14:49.105405,
182,62867,KXHIGHTBOS-26AUG10-T93,kalshi,KXHIGHTBOS-26AUG10-T93,weather,yes,0.01,44.7002101891085,2026-08-10 06:14:49.843801,true,2026-08-10 06:19:34.272489,1,win,44.25,0.967741935483871,0.02,0.947741935483871,maker_limit,,0.01,filled,2026-08-10 06:14:49.593762,
183,62890,KXHIGHMIA-26AUG10-T95,kalshi,KXHIGHMIA-26AUG10-T95,weather,yes,0.01,44.6106786607423,2026-08-10 06:19:51.464186,true,2026-08-10 06:24:34.128054,1,win,44.16,0.98,0.02,0.96,maker_limit,,0.01,filled,2026-08-10 06:19:51.462536,
184,62891,KXHIGHDEN-26AUG10-T99,kalshi,KXHIGHDEN-26AUG10-T99,weather,yes,0.02,44.6106786607423,2026-08-10 06:19:51.969195,true,2026-08-10 06:24:34.294862,1,win,43.72,0.98,0.03,0.95,maker_limit,,0.02,filled,2026-08-10 06:19:51.72209,
185,62892,KXHIGHTBOS-26AUG10-T93,kalshi,KXHIGHTBOS-26AUG10-T93,weather,yes,0.01,44.6106786607423,2026-08-10 06:19:52.459474,true,2026-08-10 06:24:34.452409,1,win,44.16,0.967741935483871,0.02,0.947741935483871,maker_limit,,0.01,filled,2026-08-10 06:19:52.216366,
186,62915,KXHIGHMIA-26AUG10-T95,kalshi,KXHIGHMIA-26AUG10-T95,weather,yes,0.01,44.5210768616309,2026-08-10 06:24:46.673564,true,2026-08-10 06:29:34.676547,1,win,44.08,0.98,0.02,0.96,maker_limit,,0.01,filled,2026-08-10 06:24:46.672386,
187,62916,KXHIGHDEN-26AUG10-T99,kalshi,KXHIGHDEN-26AUG10-T99,weather,yes,0.02,44.5210768616309,2026-08-10 06:24:47.172875,true,2026-08-10 06:29:34.847581,1,win,43.63,0.98,0.03,0.95,maker_limit,,0.02,filled,2026-08-10 06:24:46.929007,
188,62917,KXHIGHTBOS-26AUG10-T93,kalshi,KXHIGHTBOS-26AUG10-T93,weather,yes,0.01,44.5210768616309,2026-08-10 06:24:47.664318,true,2026-08-10 06:29:35.00976,1,win,44.08,0.967741935483871,0.02,0.947741935483871,maker_limit,,0.01,filled,2026-08-10 06:24:47.419588,
189,62940,KXHIGHMIA-26AUG10-T95,kalshi,KXHIGHMIA-26AUG10-T95,weather,yes,0.01,44.4324153323863,2026-08-10 06:29:49.496359,true,2026-08-10 06:34:33.026246,1,win,43.99,0.98,0.02,0.96,maker_limit,,0.01,filled,2026-08-10 06:29:49.495196,
190,62941,KXHIGHDEN-26AUG10-T99,kalshi,KXHIGHDEN-26AUG10-T99,weather,yes,0.02,44.4324153323863,2026-08-10 06:29:50.000915,true,2026-08-10 06:34:33.189304,1,win,43.54,0.98,0.03,0.95,maker_limit,,0.02,filled,2026-08-10 06:29:49.752779,
191,62942,KXHIGHTBOS-26AUG10-T93,kalshi,KXHIGHTBOS-26AUG10-T93,weather,yes,0.01,44.4324153323863,2026-08-10 06:29:50.502872,true,2026-08-10 06:34:33.354015,1,win,43.99,0.967741935483871,0.02,0.947741935483871,maker_limit,,0.01,filled,2026-08-10 06:29:50.256337,
192,62965,KXHIGHMIA-26AUG10-T95,kalshi,KXHIGHMIA-26AUG10-T95,weather,yes,0.01,44.3435530325283,2026-08-10 06:34:51.785741,true,2026-08-10 06:39:34.332396,1,win,43.9,0.98,0.02,0.96,maker_limit,,0.01,filled,2026-08-10 06:34:51.784348,
193,62966,KXHIGHDEN-26AUG10-T99,kalshi,KXHIGHDEN-26AUG10-T99,weather,yes,0.02,44.3435530325283,2026-08-10 06:34:52.267543,true,2026-08-10 06:39:34.499567,1,win,43.46,0.98,0.03,0.95,maker_limit,,0.02,filled,2026-08-10 06:34:52.032421,
194,62967,KXHIGHTBOS-26AUG10-T93,kalshi,KXHIGHTBOS-26AUG10-T93,weather,yes,0.01,44.3435530325283,2026-08-10 06:34:52.745053,true,2026-08-10 06:39:34.669581,1,win,43.9,0.967741935483871,0.02,0.947741935483871,maker_limit,,0.01,filled,2026-08-10 06:34:52.509842,
195,62990,KXHIGHMIA-26AUG10-T95,kalshi,KXHIGHMIA-26AUG10-T95,weather,yes,0.01,44.255020077649,2026-08-10 06:39:46.317217,true,2026-08-10 06:44:33.009177,1,win,43.81,0.98,0.02,0.96,maker_limit,,0.01,filled,2026-08-10 06:39:46.315469,
196,62991,KXHIGHDEN-26AUG10-T99,kalshi,KXHIGHDEN-26AUG10-T99,weather,yes,0.02,44.255020077649,2026-08-10 06:39:46.81383,true,2026-08-10 06:44:33.172971,1,win,43.37,0.98,0.03,0.95,maker_limit,,0.02,filled,2026-08-10 06:39:46.571365,
197,62992,KXHIGHTBOS-26AUG10-T93,kalshi,KXHIGHTBOS-26AUG10-T93,weather,yes,0.01,44.255020077649,2026-08-10 06:39:47.314335,true,2026-08-10 06:44:33.329522,1,win,43.81,0.967741935483871,0.02,0.947741935483871,maker_limit,,0.01,filled,2026-08-10 06:39:47.064258,
198,63015,KXHIGHMIA-26AUG10-T95,kalshi,KXHIGHMIA-26AUG10-T95,weather,yes,0.01,44.1662670660017,2026-08-10 06:44:46.249158,true,2026-08-10 06:49:34.304801,1,win,43.72,0.98,0.02,0.96,maker_limit,,0.01,filled,2026-08-10 06:44:46.247495,
199,63016,KXHIGHDEN-26AUG10-T99,kalshi,KXHIGHDEN-26AUG10-T99,weather,yes,0.02,44.1662670660017,2026-08-10 06:44:46.73759,true,2026-08-10 06:49:34.475529,1,win,43.28,0.98,0.03,0.95,maker_limit,,0.02,filled,2026-08-10 06:44:46.502257,
200,63017,KXHIGHTBOS-26AUG10-T93,kalshi,KXHIGHTBOS-26AUG10-T93,weather,yes,0.01,44.1662670660017,2026-08-10 06:44:47.224226,true,2026-08-10 06:49:34.645631,1,win,43.72,0.967741935483871,0.02,0.947741935483871,maker_limit,,0.01,filled,2026-08-10 06:44:46.982187,
201,63040,KXHIGHMIA-26AUG10-T95,kalshi,KXHIGHMIA-26AUG10-T95,weather,yes,0.01,44.0773270061015,2026-08-10 06:49:53.651369,true,2026-08-10 06:54:33.550883,1,win,43.64,0.98,0.02,0.96,maker_limit,,0.01,filled,2026-08-10 06:49:53.65038,
202,63041,KXHIGHDEN-26AUG10-T99,kalshi,KXHIGHDEN-26AUG10-T99,weather,yes,0.02,44.0773270061015,2026-08-10 06:49:54.15869,true,2026-08-10 06:54:33.717669,1,win,43.2,0.98,0.03,0.95,maker_limit,,0.02,filled,2026-08-10 06:49:53.905086,
203,63042,KXHIGHTBOS-26AUG10-T93,kalshi,KXHIGHTBOS-26AUG10-T93,weather,yes,0.01,44.0773270061015,2026-08-10 06:49:54.655216,true,2026-08-10 06:54:33.88838,1,win,43.64,0.967741935483871,0.02,0.947741935483871,maker_limit,,0.01,filled,2026-08-10 06:49:54.406587,
204,63065,KXHIGHMIA-26AUG10-T95,kalshi,KXHIGHMIA-26AUG10-T95,weather,yes,0.01,43.9897279551863,2026-08-10 06:54:46.682289,true,2026-08-10 06:59:34.601698,1,win,43.55,0.98,0.02,0.96,maker_limit,,0.01,filled,2026-08-10 06:54:46.680853,
205,63066,KXHIGHDEN-26AUG10-T99,kalshi,KXHIGHDEN-26AUG10-T99,weather,yes,0.02,43.9897279551863,2026-08-10 06:54:47.17157,true,2026-08-10 06:59:34.76724,1,win,43.11,0.98,0.03,0.95,maker_limit,,0.02,filled,2026-08-10 06:54:46.935341,
206,63067,KXHIGHTBOS-26AUG10-T93,kalshi,KXHIGHTBOS-26AUG10-T93,weather,yes,0.01,43.9897279551863,2026-08-10 06:54:47.660866,true,2026-08-10 06:59:34.937629,1,win,43.55,0.967741935483871,0.02,0.947741935483871,maker_limit,,0.01,filled,2026-08-10 06:54:47.424209,
207,63090,KXHIGHMIA-26AUG10-T95,kalshi,KXHIGHMIA-26AUG10-T95,weather,yes,0.01,43.9017687619083,2026-08-10 06:59:47.047852,true,2026-08-10 07:04:33.012553,1,win,43.46,0.98,0.02,0.96,maker_limit,,0.01,filled,2026-08-10 06:59:47.04683,
208,63091,KXHIGHDEN-26AUG10-T99,kalshi,KXHIGHDEN-26AUG10-T99,weather,yes,0.02,43.9017687619083,2026-08-10 06:59:47.552713,true,2026-08-10 07:04:33.182658,1,win,43.02,0.98,0.03,0.95,maker_limit,,0.02,filled,2026-08-10 06:59:47.30294,
209,63092,KXHIGHTBOS-26AUG10-T93,kalshi,KXHIGHTBOS-26AUG10-T93,weather,yes,0.01,43.9017687619083,2026-08-10 06:59:48.047617,true,2026-08-10 07:04:33.348799,1,win,43.46,0.967741935483871,0.02,0.947741935483871,maker_limit,,0.01,filled,2026-08-10 06:59:47.800822,
210,63115,KXHIGHMIA-26AUG10-T95,kalshi,KXHIGHMIA-26AUG10-T95,weather,yes,0.01,43.8135034476221,2026-08-10 07:04:53.481884,true,2026-08-10 07:09:34.328266,1,win,43.38,0.98,0.02,0.96,maker_limit,,0.01,filled,2026-08-10 07:04:53.481504,
211,63116,KXHIGHDEN-26AUG10-T99,kalshi,KXHIGHDEN-26AUG10-T99,weather,yes,0.02,43.8135034476221,2026-08-10 07:04:53.981477,true,2026-08-10 07:09:34.492505,1,win,42.94,0.98,0.03,0.95,maker_limit,,0.02,filled,2026-08-10 07:04:53.732312,
212,63117,KXHIGHTBOS-26AUG10-T93,kalshi,KXHIGHTBOS-26AUG10-T93,weather,yes,0.01,43.8135034476221,2026-08-10 07:04:54.478404,true,2026-08-10 07:09:34.662409,1,win,43.38,0.967741935483871,0.02,0.947741935483871,maker_limit,,0.01,filled,2026-08-10 07:04:54.230518,
213,63140,KXHIGHMIA-26AUG10-T95,kalshi,KXHIGHMIA-26AUG10-T95,weather,yes,0.01,43.7264779304788,2026-08-10 07:09:46.319023,true,2026-08-10 07:14:33.607602,1,win,43.29,0.98,0.02,0.96,maker_limit,,0.01,filled,2026-08-10 07:09:46.317294,
214,63141,KXHIGHDEN-26AUG10-T99,kalshi,KXHIGHDEN-26AUG10-T99,weather,yes,0.02,43.7264779304788,2026-08-10 07:09:46.811853,true,2026-08-10 07:14:33.7748,1,win,42.85,0.98,0.03,0.95,maker_limit,,0.02,filled,2026-08-10 07:09:46.571463,
215,63142,KXHIGHTBOS-26AUG10-T93,kalshi,KXHIGHTBOS-26AUG10-T93,weather,yes,0.01,43.7264779304788,2026-08-10 07:09:47.306205,true,2026-08-10 07:14:33.944999,1,win,43.29,0.967741935483871,0.02,0.947741935483871,maker_limit,,0.01,filled,2026-08-10 07:09:47.061031,
216,63165,KXHIGHMIA-26AUG10-T95,kalshi,KXHIGHMIA-26AUG10-T95,weather,yes,0.01,43.639006240907,2026-08-10 07:14:46.548048,true,2026-08-10 07:19:33.914141,1,win,43.2,0.98,0.02,0.96,maker_limit,,0.01,filled,2026-08-10 07:14:46.546376,
217,63166,KXHIGHDEN-26AUG10-T99,kalshi,KXHIGHDEN-26AUG10-T99,weather,yes,0.02,43.639006240907,2026-08-10 07:14:47.054014,true,2026-08-10 07:19:34.078204,1,win,42.77,0.98,0.03,0.95,maker_limit,,0.02,filled,2026-08-10 07:14:46.800758,
218,63167,KXHIGHTBOS-26AUG10-T93,kalshi,KXHIGHTBOS-26AUG10-T93,weather,yes,0.01,43.639006240907,2026-08-10 07:14:47.542439,true,2026-08-10 07:19:34.241154,1,win,43.2,0.967741935483871,0.02,0.947741935483871,maker_limit,,0.01,filled,2026-08-10 07:14:47.301998,
219,63190,KXHIGHMIA-26AUG10-T95,kalshi,KXHIGHMIA-26AUG10-T95,weather,yes,0.01,43.5516553047709,2026-08-10 07:19:53.624718,true,2026-08-10 07:24:34.479531,1,win,43.12,0.98,0.02,0.96,maker_limit,,0.01,filled,2026-08-10 07:19:53.624141,
220,63191,KXHIGHDEN-26AUG10-T99,kalshi,KXHIGHDEN-26AUG10-T99,weather,yes,0.02,43.5516553047709,2026-08-10 07:19:54.116856,true,2026-08-10 07:24:34.64477,1,win,42.68,0.98,0.03,0.95,maker_limit,,0.02,filled,2026-08-10 07:19:53.876076,
221,63192,KXHIGHTBOS-26AUG10-T93,kalshi,KXHIGHTBOS-26AUG10-T93,weather,yes,0.01,43.5516553047709,2026-08-10 07:19:54.604738,true,2026-08-10 07:24:34.816138,1,win,43.12,0.967741935483871,0.02,0.947741935483871,maker_limit,,0.01,filled,2026-08-10 07:19:54.361562,
222,63215,KXHIGHMIA-26AUG10-T95,kalshi,KXHIGHMIA-26AUG10-T95,weather,yes,0.01,43.4649070090553,2026-08-10 07:24:46.428178,true,2026-08-10 07:29:34.869947,1,win,43.03,0.98,0.02,0.96,maker_limit,,0.01,filled,2026-08-10 07:24:46.426543,
223,63216,KXHIGHDEN-26AUG10-T99,kalshi,KXHIGHDEN-26AUG10-T99,weather,yes,0.02,43.4649070090553,2026-08-10 07:24:46.941083,true,2026-08-10 07:29:35.027075,1,win,42.6,0.98,0.03,0.95,maker_limit,,0.02,filled,2026-08-10 07:24:46.688178,
224,63217,KXHIGHTBOS-26AUG10-T93,kalshi,KXHIGHTBOS-26AUG10-T93,weather,yes,0.01,43.4649070090553,2026-08-10 07:24:47.437195,true,2026-08-10 07:29:35.197661,1,win,43.03,0.967741935483871,0.02,0.947741935483871,maker_limit,,0.01,filled,2026-08-10 07:24:47.189773,
225,63240,KXHIGHMIA-26AUG10-T95,kalshi,KXHIGHMIA-26AUG10-T95,weather,yes,0.01,43.378170957697,2026-08-10 07:29:46.903659,true,2026-08-10 07:34:33.007888,1,win,42.94,0.98,0.02,0.96,maker_limit,,0.01,filled,2026-08-10 07:29:46.902203,
226,63241,KXHIGHDEN-26AUG10-T99,kalshi,KXHIGHDEN-26AUG10-T99,weather,yes,0.02,43.378170957697,2026-08-10 07:29:47.399837,true,2026-08-10 07:34:33.175394,1,win,42.51,0.98,0.03,0.95,maker_limit,,0.02,filled,2026-08-10 07:29:47.151615,
227,63242,KXHIGHTBOS-26AUG10-T93,kalshi,KXHIGHTBOS-26AUG10-T93,weather,yes,0.01,43.378170957697,2026-08-10 07:29:47.896318,true,2026-08-10 07:34:33.341307,1,win,42.94,0.967741935483871,0.02,0.947741935483871,maker_limit,,0.01,filled,2026-08-10 07:29:47.648161,
228,63265,KXHIGHMIA-26AUG10-T95,kalshi,KXHIGHMIA-26AUG10-T95,weather,yes,0.01,43.2909453140424,2026-08-10 07:34:46.048004,true,2026-08-10 07:39:34.243832,1,win,42.86,0.98,0.02,0.96,maker_limit,,0.01,filled,2026-08-10 07:34:46.046418,
229,63266,KXHIGHDEN-26AUG10-T99,kalshi,KXHIGHDEN-26AUG10-T99,weather,yes,0.02,43.2909453140424,2026-08-10 07:34:46.538459,true,2026-08-10 07:39:34.415135,1,win,42.43,0.98,0.03,0.95,maker_limit,,0.02,filled,2026-08-10 07:34:46.292473,
230,63267,KXHIGHTBOS-26AUG10-T93,kalshi,KXHIGHTBOS-26AUG10-T93,weather,yes,0.01,43.2909453140424,2026-08-10 07:34:47.035139,true,2026-08-10 07:39:34.585056,1,win,42.86,0.967741935483871,0.02,0.947741935483871,maker_limit,,0.01,filled,2026-08-10 07:34:46.786928,
231,63290,KXHIGHMIA-26AUG10-T95,kalshi,KXHIGHMIA-26AUG10-T95,weather,yes,0.01,43.2048035169361,2026-08-10 07:39:53.41625,true,2026-08-10 07:44:33.522574,1,win,42.77,0.98,0.02,0.96,maker_limit,,0.01,filled,2026-08-10 07:39:53.414722,
232,63291,KXHIGHDEN-26AUG10-T99,kalshi,KXHIGHDEN-26AUG10-T99,weather,yes,0.02,43.2048035169361,2026-08-10 07:39:53.925108,true,2026-08-10 07:44:33.694486,1,win,42.34,0.98,0.03,0.95,maker_limit,,0.02,filled,2026-08-10 07:39:53.669667,
233,63292,KXHIGHTBOS-26AUG10-T93,kalshi,KXHIGHTBOS-26AUG10-T93,weather,yes,0.01,43.2048035169361,2026-08-10 07:39:54.432713,true,2026-08-10 07:44:33.865079,1,win,42.77,0.967741935483871,0.02,0.947741935483871,maker_limit,,0.01,filled,2026-08-10 07:39:54.182923,
234,63315,KXHIGHMIA-26AUG10-T95,kalshi,KXHIGHMIA-26AUG10-T95,weather,yes,0.01,43.1180829893957,2026-08-10 07:44:46.333345,true,2026-08-10 07:49:33.927802,1,win,42.69,0.98,0.02,0.96,maker_limit,,0.01,filled,2026-08-10 07:44:46.332141,
235,63316,KXHIGHDEN-26AUG10-T99,kalshi,KXHIGHDEN-26AUG10-T99,weather,yes,0.02,43.1180829893957,2026-08-10 07:44:46.829885,true,2026-08-10 07:49:34.09147,1,win,42.26,0.98,0.03,0.95,maker_limit,,0.02,filled,2026-08-10 07:44:46.584333,
236,63317,KXHIGHTBOS-26AUG10-T93,kalshi,KXHIGHTBOS-26AUG10-T93,weather,yes,0.01,43.1180829893957,2026-08-10 07:44:47.327333,true,2026-08-10 07:49:34.262967,1,win,42.69,0.967741935483871,0.02,0.947741935483871,maker_limit,,0.01,filled,2026-08-10 07:44:47.07927,
237,63340,KXHIGHMIA-26AUG10-T95,kalshi,KXHIGHMIA-26AUG10-T95,weather,yes,0.01,43.0323705409863,2026-08-10 07:49:46.327686,true,2026-08-10 07:54:34.286396,1,win,42.6,0.98,0.02,0.96,maker_limit,,0.01,filled,2026-08-10 07:49:46.326066,
238,63341,KXHIGHDEN-26AUG10-T99,kalshi,KXHIGHDEN-26AUG10-T99,weather,yes,0.02,43.0323705409863,2026-08-10 07:49:46.821424,true,2026-08-10 07:54:34.453988,1,win,42.17,0.98,0.03,0.95,maker_limit,,0.02,filled,2026-08-10 07:49:46.581776,
239,63342,KXHIGHTBOS-26AUG10-T93,kalshi,KXHIGHTBOS-26AUG10-T93,weather,yes,0.01,43.0323705409863,2026-08-10 07:49:47.300553,true,2026-08-10 07:54:34.623118,1,win,42.6,0.967741935483871,0.02,0.947741935483871,maker_limit,,0.01,filled,2026-08-10 07:49:47.065471,
240,63365,KXHIGHMIA-26AUG10-T95,kalshi,KXHIGHMIA-26AUG10-T95,weather,yes,0.01,42.9460149598384,2026-08-10 07:54:53.409145,true,2026-08-10 07:59:34.946668,1,win,42.52,0.98,0.02,0.96,maker_limit,,0.01,filled,2026-08-10 07:54:53.40757,
241,63366,KXHIGHDEN-26AUG10-T99,kalshi,KXHIGHDEN-26AUG10-T99,weather,yes,0.02,42.9460149598384,2026-08-10 07:54:53.89392,true,2026-08-10 07:59:35.11055,1,win,42.09,0.98,0.03,0.95,maker_limit,,0.02,filled,2026-08-10 07:54:53.647058,
242,63367,KXHIGHTBOS-26AUG10-T93,kalshi,KXHIGHTBOS-26AUG10-T93,weather,yes,0.01,42.9460149598384,2026-08-10 07:54:54.390459,true,2026-08-10 07:59:35.281197,1,win,42.52,0.967741935483871,0.02,0.947741935483871,maker_limit,,0.01,filled,2026-08-10 07:54:54.142299,
243,63390,KXHIGHMIA-26AUG10-T95,kalshi,KXHIGHMIA-26AUG10-T95,weather,yes,0.01,42.8606127158626,2026-08-10 07:59:47.027822,true,2026-08-10 08:04:33.02291,1,win,42.43,0.98,0.02,0.96,maker_limit,,0.01,filled,2026-08-10 07:59:47.026309,
244,63391,KXHIGHDEN-26AUG10-T99,kalshi,KXHIGHDEN-26AUG10-T99,weather,yes,0.02,42.8606127158626,2026-08-10 07:59:47.521278,true,2026-08-10 08:04:33.191921,1,win,42,0.98,0.03,0.95,maker_limit,,0.02,filled,2026-08-10 07:59:47.280097,
245,63392,KXHIGHTBOS-26AUG10-T93,kalshi,KXHIGHTBOS-26AUG10-T93,weather,yes,0.01,42.8606127158626,2026-08-10 07:59:48.022814,true,2026-08-10 08:04:33.355462,1,win,42.43,0.967741935483871,0.02,0.947741935483871,maker_limit,,0.01,filled,2026-08-10 07:59:47.77484,
246,63415,KXHIGHMIA-26AUG10-T95,kalshi,KXHIGHMIA-26AUG10-T95,weather,yes,0.01,42.7745208084832,2026-08-10 08:04:46.047921,true,2026-08-10 08:09:34.370085,1,win,42.35,0.98,0.02,0.96,maker_limit,,0.01,filled,2026-08-10 08:04:46.046276,
247,63416,KXHIGHDEN-26AUG10-T99,kalshi,KXHIGHDEN-26AUG10-T99,weather,yes,0.02,42.7745208084832,2026-08-10 08:04:46.5428,true,2026-08-10 08:09:34.527326,1,win,41.92,0.98,0.03,0.95,maker_limit,,0.02,filled,2026-08-10 08:04:46.29919,
248,63417,KXHIGHTBOS-26AUG10-T93,kalshi,KXHIGHTBOS-26AUG10-T93,weather,yes,0.01,42.7745208084832,2026-08-10 08:04:47.037812,true,2026-08-10 08:09:34.691464,1,win,42.35,0.967741935483871,0.02,0.947741935483871,maker_limit,,0.01,filled,2026-08-10 08:04:46.79199,
249,63440,KXHIGHMIA-26AUG10-T95,kalshi,KXHIGHMIA-26AUG10-T95,weather,yes,0.01,42.6893426872107,2026-08-10 08:09:53.361807,true,2026-08-10 08:14:33.004725,1,win,42.26,0.98,0.02,0.96,maker_limit,,0.01,filled,2026-08-10 08:09:53.360128,
250,63441,KXHIGHDEN-26AUG10-T99,kalshi,KXHIGHDEN-26AUG10-T99,weather,yes,0.02,42.6893426872107,2026-08-10 08:09:53.859527,true,2026-08-10 08:14:33.171858,1,win,41.84,0.98,0.03,0.95,maker_limit,,0.02,filled,2026-08-10 08:09:53.611806,
251,63442,KXHIGHTBOS-26AUG10-T93,kalshi,KXHIGHTBOS-26AUG10-T93,weather,yes,0.01,42.6893426872107,2026-08-10 08:09:54.353792,true,2026-08-10 08:14:33.341203,1,win,42.26,0.967741935483871,0.02,0.947741935483871,maker_limit,,0.01,filled,2026-08-10 08:09:54.108937,
252,63465,KXHIGHMIA-26AUG10-T95,kalshi,KXHIGHMIA-26AUG10-T95,weather,yes,0.01,42.6039412841291,2026-08-10 08:14:46.167816,true,2026-08-10 08:19:34.219946,1,win,42.18,0.98,0.02,0.96,maker_limit,,0.01,filled,2026-08-10 08:14:46.166608,
253,63466,KXHIGHDEN-26AUG10-T99,kalshi,KXHIGHDEN-26AUG10-T99,weather,yes,0.02,42.6039412841291,2026-08-10 08:14:46.674583,true,2026-08-10 08:19:34.389585,1,win,41.75,0.98,0.03,0.95,maker_limit,,0.02,filled,2026-08-10 08:14:46.423936,
254,63467,KXHIGHTBOS-26AUG10-T93,kalshi,KXHIGHTBOS-26AUG10-T93,weather,yes,0.01,42.6039412841291,2026-08-10 08:14:47.171017,true,2026-08-10 08:19:34.563749,1,win,42.18,0.967741935483871,0.02,0.947741935483871,maker_limit,,0.01,filled,2026-08-10 08:14:46.926386,
255,63490,KXHIGHMIA-26AUG10-T95,kalshi,KXHIGHMIA-26AUG10-T95,weather,yes,0.01,42.5188500915098,2026-08-10 08:19:46.450101,true,2026-08-10 08:24:33.998652,1,win,42.09,0.98,0.02,0.96,maker_limit,,0.01,filled,2026-08-10 08:19:46.448508,
256,63491,KXHIGHDEN-26AUG10-T99,kalshi,KXHIGHDEN-26AUG10-T99,weather,yes,0.02,42.5188500915098,2026-08-10 08:19:46.952542,true,2026-08-10 08:24:34.165643,1,win,41.67,0.98,0.03,0.95,maker_limit,,0.02,filled,2026-08-10 08:19:46.704841,
257,63492,KXHIGHTBOS-26AUG10-T93,kalshi,KXHIGHTBOS-26AUG10-T93,weather,yes,0.01,42.5188500915098,2026-08-10 08:19:47.449465,true,2026-08-10 08:24:34.335933,1,win,42.09,0.967741935483871,0.02,0.947741935483871,maker_limit,,0.01,filled,2026-08-10 08:19:47.199851,
258,63515,KXHIGHMIA-26AUG10-T95,kalshi,KXHIGHMIA-26AUG10-T95,weather,yes,0.01,42.4335225777833,2026-08-10 08:24:53.367956,true,2026-08-10 08:29:34.789968,1,win,42.01,0.98,0.02,0.96,maker_limit,,0.01,filled,2026-08-10 08:24:53.366745,
259,63516,KXHIGHDEN-26AUG10-T99,kalshi,KXHIGHDEN-26AUG10-T99,weather,yes,0.02,42.4335225777833,2026-08-10 08:24:53.851788,true,2026-08-10 08:29:34.956007,1,win,41.58,0.98,0.03,0.95,maker_limit,,0.02,filled,2026-08-10 08:24:53.615611,
260,63517,KXHIGHTBOS-26AUG10-T93,kalshi,KXHIGHTBOS-26AUG10-T93,weather,yes,0.01,42.4335225777833,2026-08-10 08:24:54.351794,true,2026-08-10 08:29:35.113478,1,win,42.01,0.967741935483871,0.02,0.947741935483871,maker_limit,,0.01,filled,2026-08-10 08:24:54.109089,
261,63540,KXHIGHMIA-26AUG10-T95,kalshi,KXHIGHMIA-26AUG10-T95,weather,yes,0.01,42.3484941911158,2026-08-10 08:29:46.824256,true,2026-08-10 08:34:33.373697,1,win,41.93,0.98,0.02,0.96,maker_limit,,0.01,filled,2026-08-10 08:29:46.822658,
262,63541,KXHIGHDEN-26AUG10-T99,kalshi,KXHIGHDEN-26AUG10-T99,weather,yes,0.02,42.3484941911158,2026-08-10 08:29:47.316198,true,2026-08-10 08:34:33.025553,1,win,41.5,0.98,0.03,0.95,maker_limit,,0.02,filled,2026-08-10 08:29:47.078509,
263,63542,KXHIGHTBOS-26AUG10-T93,kalshi,KXHIGHTBOS-26AUG10-T93,weather,yes,0.01,42.3484941911158,2026-08-10 08:29:47.810102,true,2026-08-10 08:34:33.202111,1,win,41.93,0.967741935483871,0.02,0.947741935483871,maker_limit,,0.01,filled,2026-08-10 08:29:47.565592,
264,63565,KXHIGHMIA-26AUG10-T95,kalshi,KXHIGHMIA-26AUG10-T95,weather,yes,0.01,42.2642200624484,2026-08-10 08:34:46.211926,true,2026-08-10 08:39:34.28059,1,win,41.84,0.98,0.02,0.96,maker_limit,,0.01,filled,2026-08-10 08:34:46.210532,
265,63566,KXHIGHDEN-26AUG10-T99,kalshi,KXHIGHDEN-26AUG10-T99,weather,yes,0.02,42.2642200624484,2026-08-10 08:34:46.71493,true,2026-08-10 08:39:34.449754,1,win,41.42,0.98,0.03,0.95,maker_limit,,0.02,filled,2026-08-10 08:34:46.464105,
266,63567,KXHIGHTBOS-26AUG10-T93,kalshi,KXHIGHTBOS-26AUG10-T93,weather,yes,0.01,42.2642200624484,2026-08-10 08:34:47.211602,true,2026-08-10 08:39:34.620622,1,win,41.84,0.967741935483871,0.02,0.947741935483871,maker_limit,,0.01,filled,2026-08-10 08:34:46.964736,
267,63590,KXHIGHMIA-26AUG10-T95,kalshi,KXHIGHMIA-26AUG10-T95,weather,yes,0.01,42.1795870530811,2026-08-10 08:39:53.488002,true,2026-08-10 08:44:33.012028,1,win,41.76,0.98,0.02,0.96,maker_limit,,0.01,filled,2026-08-10 08:39:53.487739,
268,63591,KXHIGHDEN-26AUG10-T99,kalshi,KXHIGHDEN-26AUG10-T99,weather,yes,0.02,42.1795870530811,2026-08-10 08:39:53.986868,true,2026-08-10 08:44:33.176094,1,win,41.34,0.98,0.03,0.95,maker_limit,,0.02,filled,2026-08-10 08:39:53.741848,
269,63592,KXHIGHTBOS-26AUG10-T93,kalshi,KXHIGHTBOS-26AUG10-T93,weather,yes,0.01,42.1795870530811,2026-08-10 08:39:54.482784,true,2026-08-10 08:44:33.339382,1,win,41.76,0.967741935483871,0.02,0.947741935483871,maker_limit,,0.01,filled,2026-08-10 08:39:54.234088,
270,63615,KXHIGHMIA-26AUG10-T95,kalshi,KXHIGHMIA-26AUG10-T95,weather,yes,0.01,42.095648995119,2026-08-10 08:44:46.228762,true,2026-08-10 08:49:34.296644,1,win,41.67,0.98,0.02,0.96,maker_limit,,0.01,filled,2026-08-10 08:44:46.227416,
271,63616,KXHIGHDEN-26AUG10-T99,kalshi,KXHIGHDEN-26AUG10-T99,weather,yes,0.02,42.095648995119,2026-08-10 08:44:46.715896,true,2026-08-10 08:49:34.465937,1,win,41.25,0.98,0.03,0.95,maker_limit,,0.02,filled,2026-08-10 08:44:46.481271,
272,63617,KXHIGHTBOS-26AUG10-T93,kalshi,KXHIGHTBOS-26AUG10-T93,weather,yes,0.01,42.095648995119,2026-08-10 08:44:47.202423,true,2026-08-10 08:49:34.627934,1,win,41.67,0.967741935483871,0.02,0.947741935483871,maker_limit,,0.01,filled,2026-08-10 08:44:46.965804,
273,63640,KXHIGHMIA-26AUG10-T95,kalshi,KXHIGHMIA-26AUG10-T95,weather,yes,0.01,42.0108016458512,2026-08-10 08:49:46.415393,true,2026-08-10 08:54:34.524327,1,win,41.59,0.98,0.02,0.96,maker_limit,,0.01,filled,2026-08-10 08:49:46.413732,
274,63641,KXHIGHDEN-26AUG10-T99,kalshi,KXHIGHDEN-26AUG10-T99,weather,yes,0.02,42.0108016458512,2026-08-10 08:49:46.90818,true,2026-08-10 08:54:34.694683,1,win,41.17,0.98,0.03,0.95,maker_limit,,0.02,filled,2026-08-10 08:49:46.665052,
275,63642,KXHIGHTBOS-26AUG10-T93,kalshi,KXHIGHTBOS-26AUG10-T93,weather,yes,0.01,42.0108016458512,2026-08-10 08:49:47.405708,true,2026-08-10 08:54:34.865795,1,win,41.59,0.967741935483871,0.02,0.947741935483871,maker_limit,,0.01,filled,2026-08-10 08:49:47.157073,
276,63665,KXHIGHMIA-26AUG10-T95,kalshi,KXHIGHMIA-26AUG10-T95,weather,yes,0.01,41.9266813989735,2026-08-10 08:54:53.659906,true,2026-08-10 08:59:34.891114,1,win,41.51,0.98,0.02,0.96,maker_limit,,0.01,filled,2026-08-10 08:54:53.658395,
277,63666,KXHIGHDEN-26AUG10-T99,kalshi,KXHIGHDEN-26AUG10-T99,weather,yes,0.02,41.9266813989735,2026-08-10 08:54:54.154531,true,2026-08-10 08:59:35.06159,1,win,41.09,0.98,0.03,0.95,maker_limit,,0.02,filled,2026-08-10 08:54:53.905356,
278,63667,KXHIGHTBOS-26AUG10-T93,kalshi,KXHIGHTBOS-26AUG10-T93,weather,yes,0.01,41.9266813989735,2026-08-10 08:54:54.678473,true,2026-08-10 08:59:35.231391,1,win,41.51,0.967741935483871,0.02,0.947741935483871,maker_limit,,0.01,filled,2026-08-10 08:54:54.426919,
279,63690,KXHIGHMIA-26AUG10-T95,kalshi,KXHIGHMIA-26AUG10-T95,weather,yes,0.01,41.8431791891275,2026-08-10 08:59:47.120054,true,2026-08-10 09:04:33.023662,1,win,41.42,0.98,0.02,0.96,maker_limit,,0.01,filled,2026-08-10 08:59:47.118539,
280,63691,KXHIGHDEN-26AUG10-T99,kalshi,KXHIGHDEN-26AUG10-T99,weather,yes,0.02,41.8431791891275,2026-08-10 08:59:47.613825,true,2026-08-10 09:04:33.189764,1,win,41.01,0.98,0.03,0.95,maker_limit,,0.02,filled,2026-08-10 08:59:47.368891,
281,63692,KXHIGHTBOS-26AUG10-T93,kalshi,KXHIGHTBOS-26AUG10-T93,weather,yes,0.01,41.8431791891275,2026-08-10 08:59:48.107168,true,2026-08-10 09:04:33.355175,1,win,41.42,0.967741935483871,0.02,0.947741935483871,maker_limit,,0.01,filled,2026-08-10 08:59:47.862416,
282,63715,KXHIGHMIA-26AUG10-T95,kalshi,KXHIGHMIA-26AUG10-T95,weather,yes,0.01,41.7592023107584,2026-08-10 09:04:46.238828,true,2026-08-10 09:09:34.381947,1,win,41.34,0.98,0.02,0.96,maker_limit,,0.01,filled,2026-08-10 09:04:46.237779,
283,63716,KXHIGHDEN-26AUG10-T99,kalshi,KXHIGHDEN-26AUG10-T99,weather,yes,0.02,41.7592023107584,2026-08-10 09:04:46.732148,true,2026-08-10 09:09:34.551199,1,win,40.92,0.98,0.03,0.95,maker_limit,,0.02,filled,2026-08-10 09:04:46.482507,
284,63717,KXHIGHTBOS-26AUG10-T93,kalshi,KXHIGHTBOS-26AUG10-T93,weather,yes,0.01,41.7592023107584,2026-08-10 09:04:47.227633,true,2026-08-10 09:09:34.721836,1,win,41.34,0.967741935483871,0.02,0.947741935483871,maker_limit,,0.01,filled,2026-08-10 09:04:46.980086,
285,63740,KXHIGHMIA-26AUG10-T95,kalshi,KXHIGHMIA-26AUG10-T95,weather,yes,0.01,41.6753219641446,2026-08-10 09:09:46.242388,true,2026-08-10 09:14:33.578647,1,win,41.26,0.98,0.02,0.96,maker_limit,,0.01,filled,2026-08-10 09:09:46.240815,
286,63741,KXHIGHDEN-26AUG10-T99,kalshi,KXHIGHDEN-26AUG10-T99,weather,yes,0.02,41.6753219641446,2026-08-10 09:09:46.748463,true,2026-08-10 09:14:33.747177,1,win,40.84,0.98,0.03,0.95,maker_limit,,0.02,filled,2026-08-10 09:09:46.49686,
287,63742,KXHIGHTBOS-26AUG10-T93,kalshi,KXHIGHTBOS-26AUG10-T93,weather,yes,0.01,41.6753219641446,2026-08-10 09:09:47.259902,true,2026-08-10 09:14:33.917335,1,win,41.26,0.967741935483871,0.02,0.947741935483871,maker_limit,,0.01,filled,2026-08-10 09:09:47.00348,
288,63765,KXHIGHMIA-26AUG10-T95,kalshi,KXHIGHMIA-26AUG10-T95,weather,yes,0.01,41.5920236695229,2026-08-10 09:14:53.027342,true,2026-08-10 09:19:34.073716,1,win,41.18,0.98,0.02,0.96,maker_limit,,0.01,filled,2026-08-10 09:14:53.025956,
289,63766,KXHIGHDEN-26AUG10-T99,kalshi,KXHIGHDEN-26AUG10-T99,weather,yes,0.02,41.5920236695229,2026-08-10 09:14:53.504687,true,2026-08-10 09:19:34.243333,1,win,40.76,0.98,0.03,0.95,maker_limit,,0.02,filled,2026-08-10 09:14:53.269113,
290,63767,KXHIGHTBOS-26AUG10-T93,kalshi,KXHIGHTBOS-26AUG10-T93,weather,yes,0.01,41.5920236695229,2026-08-10 09:14:54.013559,true,2026-08-10 09:19:34.413437,1,win,41.18,0.967741935483871,0.02,0.947741935483871,maker_limit,,0.01,filled,2026-08-10 09:14:53.746716,
291,63790,KXHIGHMIA-26AUG10-T95,kalshi,KXHIGHMIA-26AUG10-T95,weather,yes,0.01,41.5092201190945,2026-08-10 09:19:46.293,true,2026-08-10 09:24:34.32285,1,win,41.09,0.98,0.02,0.96,maker_limit,,0.01,filled,2026-08-10 09:19:46.291346,
292,63791,KXHIGHDEN-26AUG10-T99,kalshi,KXHIGHDEN-26AUG10-T99,weather,yes,0.02,41.5092201190945,2026-08-10 09:19:46.797914,true,2026-08-10 09:24:34.48101,1,win,40.68,0.98,0.03,0.95,maker_limit,,0.02,filled,2026-08-10 09:19:46.545846,
293,63792,KXHIGHTBOS-26AUG10-T93,kalshi,KXHIGHTBOS-26AUG10-T93,weather,yes,0.01,41.5092201190945,2026-08-10 09:19:47.302121,true,2026-08-10 09:24:34.63671,1,win,41.09,0.967741935483871,0.02,0.947741935483871,maker_limit,,0.01,filled,2026-08-10 09:19:47.052941,
294,63815,KXHIGHMIA-26AUG10-T95,kalshi,KXHIGHMIA-26AUG10-T95,weather,yes,0.01,41.4258371012303,2026-08-10 09:24:46.251189,true,2026-08-10 09:29:34.744827,1,win,41.01,0.98,0.02,0.96,maker_limit,,0.01,filled,2026-08-10 09:24:46.250155,
295,63816,KXHIGHDEN-26AUG10-T99,kalshi,KXHIGHDEN-26AUG10-T99,weather,yes,0.02,41.4258371012303,2026-08-10 09:24:46.744952,true,2026-08-10 09:29:34.90204,1,win,40.6,0.98,0.03,0.95,maker_limit,,0.02,filled,2026-08-10 09:24:46.497866,
296,63817,KXHIGHTBOS-26AUG10-T93,kalshi,KXHIGHTBOS-26AUG10-T93,weather,yes,0.01,41.4258371012303,2026-08-10 09:24:47.241959,true,2026-08-10 09:29:35.06599,1,win,41.01,0.967741935483871,0.02,0.947741935483871,maker_limit,,0.01,filled,2026-08-10 09:24:46.99391,
297,63840,KXHIGHMIA-26AUG10-T95,kalshi,KXHIGHMIA-26AUG10-T95,weather,yes,0.01,41.3429615360457,2026-08-10 09:29:53.55929,true,2026-08-10 09:34:33.017995,1,win,40.93,0.98,0.02,0.96,maker_limit,,0.01,filled,2026-08-10 09:29:53.558962,
298,63841,KXHIGHDEN-26AUG10-T99,kalshi,KXHIGHDEN-26AUG10-T99,weather,yes,0.02,41.3429615360457,2026-08-10 09:29:54.059023,true,2026-08-10 09:34:33.195208,1,win,40.52,0.98,0.03,0.95,maker_limit,,0.02,filled,2026-08-10 09:29:53.820767,
299,63842,KXHIGHTBOS-26AUG10-T93,kalshi,KXHIGHTBOS-26AUG10-T93,weather,yes,0.01,41.3429615360457,2026-08-10 09:29:54.548334,true,2026-08-10 09:34:33.361586,1,win,40.93,0.967741935483871,0.02,0.947741935483871,maker_limit,,0.01,filled,2026-08-10 09:29:54.305428,
300,63865,KXHIGHMIA-26AUG10-T95,kalshi,KXHIGHMIA-26AUG10-T95,weather,yes,0.01,41.2605173056388,2026-08-10 09:34:46.258696,true,2026-08-10 09:39:34.297317,1,win,40.85,0.98,0.02,0.96,maker_limit,,0.01,filled,2026-08-10 09:34:46.25704,
301,63866,KXHIGHDEN-26AUG10-T99,kalshi,KXHIGHDEN-26AUG10-T99,weather,yes,0.02,41.2605173056388,2026-08-10 09:34:46.76411,true,2026-08-10 09:39:34.464948,1,win,40.44,0.98,0.03,0.95,maker_limit,,0.02,filled,2026-08-10 09:34:46.513335,
302,63867,KXHIGHTBOS-26AUG10-T93,kalshi,KXHIGHTBOS-26AUG10-T93,weather,yes,0.01,41.2605173056388,2026-08-10 09:34:47.260047,true,2026-08-10 09:39:34.628954,1,win,40.85,0.967741935483871,0.02,0.947741935483871,maker_limit,,0.01,filled,2026-08-10 09:34:47.012852,
303,63890,KXHIGHMIA-26AUG10-T95,kalshi,KXHIGHMIA-26AUG10-T95,weather,yes,0.01,41.1784397097931,2026-08-10 09:39:46.452312,true,2026-08-10 09:44:34.117258,1,win,40.77,0.98,0.02,0.96,maker_limit,,0.01,filled,2026-08-10 09:39:46.450659,
304,63891,KXHIGHDEN-26AUG10-T99,kalshi,KXHIGHDEN-26AUG10-T99,weather,yes,0.02,41.1784397097931,2026-08-10 09:39:46.93192,true,2026-08-10 09:44:33.78025,1,win,40.35,0.98,0.03,0.95,maker_limit,,0.02,filled,2026-08-10 09:39:46.696293,
305,63892,KXHIGHTBOS-26AUG10-T93,kalshi,KXHIGHTBOS-26AUG10-T93,weather,yes,0.01,41.1784397097931,2026-08-10 09:39:47.415596,true,2026-08-10 09:44:33.947516,1,win,40.77,0.967741935483871,0.02,0.947741935483871,maker_limit,,0.01,filled,2026-08-10 09:39:47.180172,
306,63915,KXHIGHMIA-26AUG10-T95,kalshi,KXHIGHMIA-26AUG10-T95,weather,yes,0.01,41.0961737533241,2026-08-10 09:44:53.450417,true,2026-08-10 09:49:33.93193,1,win,40.69,0.98,0.02,0.96,maker_limit,,0.01,filled,2026-08-10 09:44:53.449153,
307,63916,KXHIGHDEN-26AUG10-T99,kalshi,KXHIGHDEN-26AUG10-T99,weather,yes,0.02,41.0961737533241,2026-08-10 09:44:53.974547,true,2026-08-10 09:49:34.088935,1,win,40.27,0.98,0.03,0.95,maker_limit,,0.02,filled,2026-08-10 09:44:53.702492,
308,63917,KXHIGHTBOS-26AUG10-T93,kalshi,KXHIGHTBOS-26AUG10-T93,weather,yes,0.01,41.0961737533241,2026-08-10 09:44:54.477879,true,2026-08-10 09:49:34.256202,1,win,40.69,0.967741935483871,0.02,0.947741935483871,maker_limit,,0.01,filled,2026-08-10 09:44:54.227528,
309,63940,KXHIGHMIA-26AUG10-T95,kalshi,KXHIGHMIA-26AUG10-T95,weather,yes,0.01,41.0142476903255,2026-08-10 09:49:46.410582,true,2026-08-10 09:54:34.327513,1,win,40.6,0.98,0.02,0.96,maker_limit,,0.01,filled,2026-08-10 09:49:46.409148,
310,63941,KXHIGHDEN-26AUG10-T99,kalshi,KXHIGHDEN-26AUG10-T99,weather,yes,0.02,41.0142476903255,2026-08-10 09:49:46.89835,true,2026-08-10 09:54:34.495411,1,win,40.19,0.98,0.03,0.95,maker_limit,,0.02,filled,2026-08-10 09:49:46.656356,
311,63942,KXHIGHTBOS-26AUG10-T93,kalshi,KXHIGHTBOS-26AUG10-T93,weather,yes,0.01,41.0142476903255,2026-08-10 09:49:47.381744,true,2026-08-10 09:54:34.66647,1,win,40.6,0.967741935483871,0.02,0.947741935483871,maker_limit,,0.01,filled,2026-08-10 09:49:47.145043,
312,63965,KXHIGHMIA-26AUG10-T95,kalshi,KXHIGHMIA-26AUG10-T95,weather,yes,0.01,40.9316105367767,2026-08-10 09:54:46.371263,true,2026-08-10 09:59:34.726162,1,win,40.52,0.98,0.02,0.96,maker_limit,,0.01,filled,2026-08-10 09:54:46.369583,
313,63966,KXHIGHDEN-26AUG10-T99,kalshi,KXHIGHDEN-26AUG10-T99,weather,yes,0.02,40.9316105367767,2026-08-10 09:54:46.875005,true,2026-08-10 09:59:34.884476,1,win,40.11,0.98,0.03,0.95,maker_limit,,0.02,filled,2026-08-10 09:54:46.625806,
314,63967,KXHIGHTBOS-26AUG10-T93,kalshi,KXHIGHTBOS-26AUG10-T93,weather,yes,0.01,40.9316105367767,2026-08-10 09:54:47.371376,true,2026-08-10 09:59:35.054704,1,win,40.52,0.967741935483871,0.02,0.947741935483871,maker_limit,,0.01,filled,2026-08-10 09:54:47.123317,
315,63990,KXHIGHMIA-26AUG10-T95,kalshi,KXHIGHMIA-26AUG10-T95,weather,yes,0.01,40.8493689562602,2026-08-10 09:59:53.701286,true,2026-08-10 10:04:33.004555,1,win,40.44,0.98,0.02,0.96,maker_limit,,0.01,filled,2026-08-10 09:59:53.699732,
316,63991,KXHIGHDEN-26AUG10-T99,kalshi,KXHIGHDEN-26AUG10-T99,weather,yes,0.02,40.8493689562602,2026-08-10 09:59:54.201177,true,2026-08-10 10:04:33.168416,1,win,40.03,0.98,0.03,0.95,maker_limit,,0.02,filled,2026-08-10 09:59:53.956287,
317,63992,KXHIGHTBOS-26AUG10-T93,kalshi,KXHIGHTBOS-26AUG10-T93,weather,yes,0.01,40.8493689562602,2026-08-10 09:59:54.700689,true,2026-08-10 10:04:33.336138,1,win,40.44,0.967741935483871,0.02,0.947741935483871,maker_limit,,0.01,filled,2026-08-10 09:59:54.450967,
318,64015,KXHIGHMIA-26AUG10-T95,kalshi,KXHIGHMIA-26AUG10-T95,weather,yes,0.01,40.7674636128212,2026-08-10 10:04:46.080514,true,2026-08-10 10:09:34.131707,1,win,40.36,0.98,0.02,0.96,maker_limit,,0.01,filled,2026-08-10 10:04:46.078906,
319,64016,KXHIGHDEN-26AUG10-T99,kalshi,KXHIGHDEN-26AUG10-T99,weather,yes,0.02,40.7674636128212,2026-08-10 10:04:46.571197,true,2026-08-10 10:09:34.300059,1,win,39.95,0.98,0.03,0.95,maker_limit,,0.02,filled,2026-08-10 10:04:46.331161,
320,64017,KXHIGHTBOS-26AUG10-T93,kalshi,KXHIGHTBOS-26AUG10-T93,weather,yes,0.01,40.7674636128212,2026-08-10 10:04:47.066755,true,2026-08-10 10:09:34.472191,1,win,40.36,0.967741935483871,0.02,0.947741935483871,maker_limit,,0.01,filled,2026-08-10 10:04:46.819628,
321,64040,KXHIGHMIA-26AUG10-T95,kalshi,KXHIGHMIA-26AUG10-T95,weather,yes,0.01,40.685844070898,2026-08-10 10:09:46.357941,true,2026-08-10 10:14:33.958955,1,win,40.28,0.98,0.02,0.96,maker_limit,,0.01,filled,2026-08-10 10:09:46.356518,
322,64041,KXHIGHDEN-26AUG10-T99,kalshi,KXHIGHDEN-26AUG10-T99,weather,yes,0.02,40.685844070898,2026-08-10 10:09:46.866224,true,2026-08-10 10:14:34.11421,1,win,39.87,0.98,0.03,0.95,maker_limit,,0.02,filled,2026-08-10 10:09:46.618102,
323,64042,KXHIGHTBOS-26AUG10-T93,kalshi,KXHIGHTBOS-26AUG10-T93,weather,yes,0.01,40.685844070898,2026-08-10 10:09:47.364118,true,2026-08-10 10:14:34.274373,1,win,40.28,0.967741935483871,0.02,0.947741935483871,maker_limit,,0.01,filled,2026-08-10 10:09:47.116204,
324,64065,KXHIGHMIA-26AUG10-T95,kalshi,KXHIGHMIA-26AUG10-T95,weather,yes,0.01,40.6044674602633,2026-08-10 10:14:53.171414,true,2026-08-10 10:19:33.013268,1,win,40.2,0.98,0.02,0.96,maker_limit,,0.01,filled,2026-08-10 10:14:53.170045,
325,64066,KXHIGHDEN-26AUG10-T99,kalshi,KXHIGHDEN-26AUG10-T99,weather,yes,0.02,40.6044674602633,2026-08-10 10:14:53.662358,true,2026-08-10 10:19:33.183815,1,win,39.79,0.98,0.03,0.95,maker_limit,,0.02,filled,2026-08-10 10:14:53.422722,
326,64067,KXHIGHTBOS-26AUG10-T93,kalshi,KXHIGHTBOS-26AUG10-T93,weather,yes,0.01,40.6044674602633,2026-08-10 10:14:54.15909,true,2026-08-10 10:19:33.354439,1,win,40.2,0.967741935483871,0.02,0.947741935483871,maker_limit,,0.01,filled,2026-08-10 10:14:53.911585,
327,64090,KXHIGHMIA-26AUG10-T95,kalshi,KXHIGHMIA-26AUG10-T95,weather,yes,0.01,40.5232973412238,2026-08-10 10:19:46.06594,true,2026-08-10 10:24:34.347616,1,win,40.12,0.98,0.02,0.96,maker_limit,,0.01,filled,2026-08-10 10:19:46.064481,
328,64091,KXHIGHDEN-26AUG10-T99,kalshi,KXHIGHDEN-26AUG10-T99,weather,yes,0.02,40.5232973412238,2026-08-10 10:19:46.566014,true,2026-08-10 10:24:34.507587,1,win,39.71,0.98,0.03,0.95,maker_limit,,0.02,filled,2026-08-10 10:19:46.318622,
329,64092,KXHIGHTBOS-26AUG10-T93,kalshi,KXHIGHTBOS-26AUG10-T93,weather,yes,0.01,40.5232973412238,2026-08-10 10:19:47.07046,true,2026-08-10 10:24:34.672076,1,win,40.12,0.967741935483871,0.02,0.947741935483871,maker_limit,,0.01,filled,2026-08-10 10:19:46.818079,
330,64115,KXHIGHMIA-26AUG10-T95,kalshi,KXHIGHMIA-26AUG10-T95,weather,yes,0.01,40.4423027400402,2026-08-10 10:24:46.265146,true,2026-08-10 10:29:34.849811,1,win,40.04,0.98,0.02,0.96,maker_limit,,0.01,filled,2026-08-10 10:24:46.263532,
331,64116,KXHIGHDEN-26AUG10-T99,kalshi,KXHIGHDEN-26AUG10-T99,weather,yes,0.02,40.4423027400402,2026-08-10 10:24:46.769113,true,2026-08-10 10:29:35.006738,1,win,39.63,0.98,0.03,0.95,maker_limit,,0.02,filled,2026-08-10 10:24:46.518038,
332,64117,KXHIGHTBOS-26AUG10-T93,kalshi,KXHIGHTBOS-26AUG10-T93,weather,yes,0.01,40.4423027400402,2026-08-10 10:24:47.265231,true,2026-08-10 10:29:35.163308,1,win,40.04,0.967741935483871,0.02,0.947741935483871,maker_limit,,0.01,filled,2026-08-10 10:24:47.01748,
333,64140,KXHIGHMIA-26AUG10-T95,kalshi,KXHIGHMIA-26AUG10-T95,weather,yes,0.01,40.3614573290342,2026-08-10 10:29:53.729415,true,2026-08-10 10:34:33.013897,1,win,39.96,0.98,0.02,0.96,maker_limit,,0.01,filled,2026-08-10 10:29:53.72825,
334,64141,KXHIGHDEN-26AUG10-T99,kalshi,KXHIGHDEN-26AUG10-T99,weather,yes,0.02,40.3614573290342,2026-08-10 10:29:54.210879,true,2026-08-10 10:34:33.181755,1,win,39.55,0.98,0.03,0.95,maker_limit,,0.02,filled,2026-08-10 10:29:53.9712,
335,64142,KXHIGHTBOS-26AUG10-T93,kalshi,KXHIGHTBOS-26AUG10-T93,weather,yes,0.01,40.3614573290342,2026-08-10 10:29:54.709252,true,2026-08-10 10:34:33.346091,1,win,39.96,0.967741935483871,0.02,0.947741935483871,maker_limit,,0.01,filled,2026-08-10 10:29:54.461219,
336,64165,KXHIGHMIA-26AUG10-T95,kalshi,KXHIGHMIA-26AUG10-T95,weather,yes,0.01,40.2807387296791,2026-08-10 10:34:46.201997,true,2026-08-10 10:39:34.373062,1,win,39.88,0.98,0.02,0.96,maker_limit,,0.01,filled,2026-08-10 10:34:46.200441,
337,64166,KXHIGHDEN-26AUG10-T99,kalshi,KXHIGHDEN-26AUG10-T99,weather,yes,0.02,40.2807387296791,2026-08-10 10:34:46.699739,true,2026-08-10 10:39:34.534122,1,win,39.48,0.98,0.03,0.95,maker_limit,,0.02,filled,2026-08-10 10:34:46.45409,
338,64167,KXHIGHTBOS-26AUG10-T93,kalshi,KXHIGHTBOS-26AUG10-T93,weather,yes,0.01,40.2807387296791,2026-08-10 10:34:47.196549,true,2026-08-10 10:39:34.690758,1,win,39.88,0.967741935483871,0.02,0.947741935483871,maker_limit,,0.01,filled,2026-08-10 10:34:46.952298,
339,64190,KXHIGHMIA-26AUG10-T95,kalshi,KXHIGHMIA-26AUG10-T95,weather,yes,0.01,40.2006279202272,2026-08-10 10:39:46.210902,true,2026-08-10 10:44:32.993197,1,win,39.8,0.98,0.02,0.96,maker_limit,,0.01,filled,2026-08-10 10:39:46.209396,
340,64191,KXHIGHDEN-26AUG10-T99,kalshi,KXHIGHDEN-26AUG10-T99,weather,yes,0.02,40.2006279202272,2026-08-10 10:39:46.703121,true,2026-08-10 10:44:33.164331,1,win,39.4,0.98,0.03,0.95,maker_limit,,0.02,filled,2026-08-10 10:39:46.454672,
341,64192,KXHIGHTBOS-26AUG10-T93,kalshi,KXHIGHTBOS-26AUG10-T93,weather,yes,0.01,40.2006279202272,2026-08-10 10:39:47.200421,true,2026-08-10 10:44:33.328623,1,win,39.8,0.967741935483871,0.02,0.947741935483871,maker_limit,,0.01,filled,2026-08-10 10:39:46.951611,
342,64215,KXHIGHMIA-26AUG10-T95,kalshi,KXHIGHMIA-26AUG10-T95,weather,yes,0.01,40.1205337321931,2026-08-10 10:44:45.698073,true,2026-08-10 10:49:34.454582,1,win,39.72,0.98,0.02,0.96,maker_limit,,0.01,filled,2026-08-10 10:44:45.696532,
343,64216,KXHIGHDEN-26AUG10-T99,kalshi,KXHIGHDEN-26AUG10-T99,weather,yes,0.02,40.1205337321931,2026-08-10 10:44:46.192975,true,2026-08-10 10:49:34.610769,1,win,39.32,0.98,0.03,0.95,maker_limit,,0.02,filled,2026-08-10 10:44:45.950231,
344,64217,KXHIGHLAX-26AUG10-B76.5,kalshi,KXHIGHLAX-26AUG10-B76.5,weather,yes,0.05,40.1205337321931,2026-08-10 10:44:46.68718,true,2026-08-10 10:49:34.780884,1,win,38.11,0.98,0.06,0.92,maker_limit,,0.05,filled,2026-08-10 10:44:46.440268,
345,64239,KXHIGHMIA-26AUG10-T95,kalshi,KXHIGHMIA-26AUG10-T95,weather,yes,0.01,39.9599536723642,2026-08-10 10:49:52.711204,true,2026-08-10 10:54:33.624033,1,win,39.56,0.98,0.02,0.96,maker_limit,,0.01,filled,2026-08-10 10:49:52.70964,
346,64240,KXHIGHDEN-26AUG10-T99,kalshi,KXHIGHDEN-26AUG10-T99,weather,yes,0.02,39.9599536723642,2026-08-10 10:49:53.196645,true,2026-08-10 10:54:33.788254,1,win,39.16,0.98,0.03,0.95,maker_limit,,0.02,filled,2026-08-10 10:49:52.959278,
347,64241,KXHIGHLAX-26AUG10-B76.5,kalshi,KXHIGHLAX-26AUG10-B76.5,weather,yes,0.05,39.9599536723642,2026-08-10 10:49:53.678582,true,2026-08-10 10:54:33.951143,1,win,37.96,0.98,0.06,0.92,maker_limit,,0.05,filled,2026-08-10 10:49:53.442018,
348,64263,KXHIGHMIA-26AUG10-T95,kalshi,KXHIGHMIA-26AUG10-T95,weather,yes,0.01,39.7999606215096,2026-08-10 10:54:45.843768,true,2026-08-10 10:59:34.624185,1,win,39.4,0.98,0.02,0.96,maker_limit,,0.01,filled,2026-08-10 10:54:45.842162,
349,64264,KXHIGHDEN-26AUG10-T99,kalshi,KXHIGHDEN-26AUG10-T99,weather,yes,0.02,39.7999606215096,2026-08-10 10:54:46.329468,true,2026-08-10 10:59:34.788657,1,win,39,0.98,0.03,0.95,maker_limit,,0.02,filled,2026-08-10 10:54:46.095498,
350,64265,KXHIGHLAX-26AUG10-B76.5,kalshi,KXHIGHLAX-26AUG10-B76.5,weather,yes,0.05,39.7999606215096,2026-08-10 10:54:46.817773,true,2026-08-10 10:59:34.953732,1,win,37.81,0.98,0.06,0.92,maker_limit,,0.05,filled,2026-08-10 10:54:46.578339,
351,64287,KXHIGHMIA-26AUG10-T95,kalshi,KXHIGHMIA-26AUG10-T95,weather,yes,0.01,39.6404665282832,2026-08-10 10:59:46.702296,true,2026-08-10 11:04:33.060263,1,win,39.24,0.98,0.02,0.96,maker_limit,,0.01,filled,2026-08-10 10:59:46.700976,
352,64288,KXHIGHDEN-26AUG10-T99,kalshi,KXHIGHDEN-26AUG10-T99,weather,yes,0.02,39.6404665282832,2026-08-10 10:59:47.205637,true,2026-08-10 11:04:33.225223,1,win,38.85,0.98,0.03,0.95,maker_limit,,0.02,filled,2026-08-10 10:59:46.957719,
353,64289,KXHIGHLAX-26AUG10-B76.5,kalshi,KXHIGHLAX-26AUG10-B76.5,weather,yes,0.05,39.6404665282832,2026-08-10 10:59:47.701709,true,2026-08-10 11:04:33.382905,1,win,37.66,0.98,0.06,0.92,maker_limit,,0.05,filled,2026-08-10 10:59:47.4542,
354,64311,KXHIGHMIA-26AUG10-T95,kalshi,KXHIGHMIA-26AUG10-T95,weather,yes,0.01,39.4818965490407,2026-08-10 11:04:52.769797,true,2026-08-10 11:09:34.35053,1,win,39.09,0.98,0.02,0.96,maker_limit,,0.01,filled,2026-08-10 11:04:52.768087,
355,64312,KXHIGHDEN-26AUG10-T99,kalshi,KXHIGHDEN-26AUG10-T99,weather,yes,0.02,39.4818965490407,2026-08-10 11:04:53.267541,true,2026-08-10 11:09:34.515617,1,win,38.69,0.98,0.03,0.95,maker_limit,,0.02,filled,2026-08-10 11:04:53.021388,
356,64313,KXHIGHLAX-26AUG10-B76.5,kalshi,KXHIGHLAX-26AUG10-B76.5,weather,yes,0.05,39.4818965490407,2026-08-10 11:04:53.761566,true,2026-08-10 11:09:34.679119,1,win,37.51,0.98,0.06,0.92,maker_limit,,0.05,filled,2026-08-10 11:04:53.51505,
357,64335,KXHIGHMIA-26AUG10-T95,kalshi,KXHIGHMIA-26AUG10-T95,weather,yes,0.01,39.3241120666846,2026-08-10 11:09:45.510434,true,2026-08-10 11:14:33.699491,1,win,38.93,0.98,0.02,0.96,maker_limit,,0.01,filled,2026-08-10 11:09:45.508878,
358,64336,KXHIGHDEN-26AUG10-T99,kalshi,KXHIGHDEN-26AUG10-T99,weather,yes,0.02,39.3241120666846,2026-08-10 11:09:46.012981,true,2026-08-10 11:14:33.858666,1,win,38.54,0.98,0.03,0.95,maker_limit,,0.02,filled,2026-08-10 11:09:45.764987,
359,64337,KXHIGHLAX-26AUG10-B76.5,kalshi,KXHIGHLAX-26AUG10-B76.5,weather,yes,0.05,39.3241120666846,2026-08-10 11:09:46.506981,true,2026-08-10 11:14:34.021965,1,win,37.36,0.98,0.06,0.92,maker_limit,,0.05,filled,2026-08-10 11:09:46.26155,
360,64358,KXHIGHMIA-26AUG10-T95,kalshi,KXHIGHMIA-26AUG10-T95,weather,yes,0.01,39.1669952566819,2026-08-10 11:14:45.370005,true,2026-08-10 11:19:33.862058,1,win,38.78,0.98,0.02,0.96,maker_limit,,0.01,filled,2026-08-10 11:14:45.368908,
361,64359,KXHIGHDEN-26AUG10-T99,kalshi,KXHIGHDEN-26AUG10-T99,weather,yes,0.02,39.1669952566819,2026-08-10 11:14:45.861764,true,2026-08-10 11:19:34.032175,1,win,38.38,0.98,0.03,0.95,maker_limit,,0.02,filled,2026-08-10 11:14:45.618186,
362,64360,KXHIGHLAX-26AUG10-B76.5,kalshi,KXHIGHLAX-26AUG10-B76.5,weather,yes,0.05,39.1669952566819,2026-08-10 11:14:46.350323,true,2026-08-10 11:19:34.197586,1,win,37.21,0.98,0.06,0.92,maker_limit,,0.05,filled,2026-08-10 11:14:46.109397,
363,64380,KXHIGHMIA-26AUG10-T95,kalshi,KXHIGHMIA-26AUG10-T95,weather,yes,0.01,39.0104459681796,2026-08-10 11:19:52.315856,true,2026-08-10 11:24:34.21371,1,win,38.62,0.98,0.02,0.96,maker_limit,,0.01,filled,2026-08-10 11:19:52.314134,
364,64381,KXHIGHDEN-26AUG10-T99,kalshi,KXHIGHDEN-26AUG10-T99,weather,yes,0.02,39.0104459681796,2026-08-10 11:19:52.818514,true,2026-08-10 11:24:34.377283,1,win,38.23,0.98,0.03,0.95,maker_limit,,0.02,filled,2026-08-10 11:19:52.570151,
365,64382,KXHIGHLAX-26AUG10-B76.5,kalshi,KXHIGHLAX-26AUG10-B76.5,weather,yes,0.04,39.0104459681796,2026-08-10 11:19:53.300785,true,2026-08-10 11:24:34.541177,1,win,37.45,0.98,0.05,0.93,maker_limit,,0.04,filled,2026-08-10 11:19:53.062763,
366,64402,KXHIGHMIA-26AUG10-T95,kalshi,KXHIGHMIA-26AUG10-T95,weather,yes,0.01,38.8738790729527,2026-08-10 11:24:45.485453,true,2026-08-10 11:29:34.804547,1,win,38.49,0.98,0.02,0.96,maker_limit,,0.01,filled,2026-08-10 11:24:45.483798,
367,64403,KXHIGHDEN-26AUG10-T99,kalshi,KXHIGHDEN-26AUG10-T99,weather,yes,0.02,38.8738790729527,2026-08-10 11:24:45.981293,true,2026-08-10 11:29:34.974969,1,win,38.1,0.98,0.03,0.95,maker_limit,,0.02,filled,2026-08-10 11:24:45.737534,
368,64404,KXHIGHLAX-26AUG10-B76.5,kalshi,KXHIGHLAX-26AUG10-B76.5,weather,yes,0.04,38.8738790729527,2026-08-10 11:24:46.478693,true,2026-08-10 11:29:35.141217,1,win,37.32,0.98,0.05,0.93,maker_limit,,0.04,filled,2026-08-10 11:24:46.230056,
369,64424,KXHIGHMIA-26AUG10-T95,kalshi,KXHIGHMIA-26AUG10-T95,weather,yes,0.01,38.7382972120098,2026-08-10 11:29:45.986717,true,2026-08-10 11:34:33.025328,1,win,38.35,0.98,0.02,0.96,maker_limit,,0.01,filled,2026-08-10 11:29:45.985294,
370,64425,KXHIGHDEN-26AUG10-T99,kalshi,KXHIGHDEN-26AUG10-T99,weather,yes,0.02,38.7382972120098,2026-08-10 11:29:46.491328,true,2026-08-10 11:34:33.192395,1,win,37.96,0.98,0.03,0.95,maker_limit,,0.02,filled,2026-08-10 11:29:46.242337,
371,64426,KXHIGHLAX-26AUG10-B76.5,kalshi,KXHIGHLAX-26AUG10-B76.5,weather,yes,0.04,38.7382972120098,2026-08-10 11:29:47.004347,true,2026-08-10 11:34:33.357692,1,win,37.19,0.98,0.05,0.93,maker_limit,,0.04,filled,2026-08-10 11:29:46.756097,
372,64446,KXHIGHMIA-26AUG10-T95,kalshi,KXHIGHMIA-26AUG10-T95,weather,yes,0.01,38.6025526302083,2026-08-10 11:34:52.353048,true,2026-08-10 11:39:34.226587,1,win,38.22,0.98,0.02,0.96,maker_limit,,0.01,filled,2026-08-10 11:34:52.351517,
373,64447,KXHIGHDEN-26AUG10-T99,kalshi,KXHIGHDEN-26AUG10-T99,weather,yes,0.02,38.6025526302083,2026-08-10 11:34:52.842859,true,2026-08-10 11:39:34.396761,1,win,37.83,0.98,0.03,0.95,maker_limit,,0.02,filled,2026-08-10 11:34:52.596504,
374,64448,KXHIGHLAX-26AUG10-B76.5,kalshi,KXHIGHLAX-26AUG10-B76.5,weather,yes,0.04,38.6025526302083,2026-08-10 11:34:53.339275,true,2026-08-10 11:39:34.56092,1,win,37.06,0.98,0.05,0.93,maker_limit,,0.04,filled,2026-08-10 11:34:53.092566,
375,64468,KXHIGHMIA-26AUG10-T95,kalshi,KXHIGHMIA-26AUG10-T95,weather,yes,0.01,38.467669735677,2026-08-10 11:39:45.356668,true,2026-08-10 11:44:33.008861,1,win,38.08,0.98,0.02,0.96,maker_limit,,0.01,filled,2026-08-10 11:39:45.355077,
376,64469,KXHIGHLAX-26AUG10-B76.5,kalshi,KXHIGHLAX-26AUG10-B76.5,weather,yes,0.02,38.467669735677,2026-08-10 11:39:45.848723,true,2026-08-10 11:44:33.176192,1,win,37.7,0.98,0.03,0.95,maker_limit,,0.02,filled,2026-08-10 11:39:45.609338,
377,64470,KXHIGHDEN-26AUG10-T99,kalshi,KXHIGHDEN-26AUG10-T99,weather,yes,0.02,38.467669735677,2026-08-10 11:39:46.333196,true,2026-08-10 11:44:33.346999,1,win,37.7,0.98,0.03,0.95,maker_limit,,0.02,filled,2026-08-10 11:39:46.093745,
378,64490,KXHIGHMIA-26AUG10-T95,kalshi,KXHIGHMIA-26AUG10-T95,weather,yes,0.01,38.3715192753255,2026-08-10 11:44:45.163006,true,2026-08-10 11:49:34.390398,1,win,37.99,0.98,0.02,0.96,maker_limit,,0.01,filled,2026-08-10 11:44:45.161875,
379,64491,KXHIGHLAX-26AUG10-B76.5,kalshi,KXHIGHLAX-26AUG10-B76.5,weather,yes,0.02,38.3715192753255,2026-08-10 11:44:45.676354,true,2026-08-10 11:49:34.55881,1,win,37.6,0.98,0.03,0.95,maker_limit,,0.02,filled,2026-08-10 11:44:45.419495,
380,64492,KXHIGHDEN-26AUG10-T99,kalshi,KXHIGHDEN-26AUG10-T99,weather,yes,0.02,38.3715192753255,2026-08-10 11:44:46.18576,true,2026-08-10 11:49:34.714273,1,win,37.6,0.98,0.03,0.95,maker_limit,,0.02,filled,2026-08-10 11:44:45.930068,
381,64512,KXHIGHMIA-26AUG10-T95,kalshi,KXHIGHMIA-26AUG10-T95,weather,yes,0.01,38.2752913840267,2026-08-10 11:49:52.22202,true,2026-08-10 11:54:34.288452,1,win,37.89,0.98,0.02,0.96,maker_limit,,0.01,filled,2026-08-10 11:49:52.22031,
382,64513,KXHIGHLAX-26AUG10-B76.5,kalshi,KXHIGHLAX-26AUG10-B76.5,weather,yes,0.02,38.2752913840267,2026-08-10 11:49:52.714952,true,2026-08-10 11:54:34.457716,1,win,37.51,0.98,0.03,0.95,maker_limit,,0.02,filled,2026-08-10 11:49:52.467323,
383,64514,KXHIGHDEN-26AUG10-T99,kalshi,KXHIGHDEN-26AUG10-T99,weather,yes,0.02,38.2752913840267,2026-08-10 11:49:53.212082,true,2026-08-10 11:54:34.628944,1,win,37.51,0.98,0.03,0.95,maker_limit,,0.02,filled,2026-08-10 11:49:52.963016,
384,64534,KXHIGHMIA-26AUG10-T95,kalshi,KXHIGHMIA-26AUG10-T95,weather,yes,0.01,38.1794976764227,2026-08-10 11:54:45.351306,true,2026-08-10 11:59:34.76302,1,win,37.8,0.98,0.02,0.96,maker_limit,,0.01,filled,2026-08-10 11:54:45.350135,
385,64535,KXHIGHLAX-26AUG10-B76.5,kalshi,KXHIGHLAX-26AUG10-B76.5,weather,yes,0.02,38.1794976764227,2026-08-10 11:54:45.85306,true,2026-08-10 11:59:34.919817,1,win,37.42,0.98,0.03,0.95,maker_limit,,0.02,filled,2026-08-10 11:54:45.605921,
386,64536,KXHIGHDEN-26AUG10-T99,kalshi,KXHIGHDEN-26AUG10-T99,weather,yes,0.02,38.1794976764227,2026-08-10 11:54:46.350551,true,2026-08-10 11:59:35.078209,1,win,37.42,0.98,0.03,0.95,maker_limit,,0.02,filled,2026-08-10 11:54:46.103378,
387,64556,KXHIGHMIA-26AUG10-T95,kalshi,KXHIGHMIA-26AUG10-T95,weather,yes,0.01,38.0845730249593,2026-08-10 11:59:45.692729,true,2026-08-10 12:04:33.022469,1,win,37.7,0.98,0.02,0.96,maker_limit,,0.01,filled,2026-08-10 11:59:45.691103,
388,64557,KXHIGHLAX-26AUG10-B76.5,kalshi,KXHIGHLAX-26AUG10-B76.5,weather,yes,0.02,38.0845730249593,2026-08-10 11:59:46.176506,true,2026-08-10 12:04:33.184154,1,win,37.32,0.98,0.03,0.95,maker_limit,,0.02,filled,2026-08-10 11:59:45.932031,
389,64558,KXHIGHDEN-26AUG10-T99,kalshi,KXHIGHDEN-26AUG10-T99,weather,yes,0.02,38.0845730249593,2026-08-10 11:59:46.667031,true,2026-08-10 12:04:33.349397,1,win,37.32,0.98,0.03,0.95,maker_limit,,0.02,filled,2026-08-10 11:59:46.424841,
390,64578,KXHIGHMIA-26AUG10-T95,kalshi,KXHIGHMIA-26AUG10-T95,weather,yes,0.01,37.9888870712154,2026-08-10 12:04:44.69306,true,2026-08-10 12:09:34.149911,1,win,37.61,0.98,0.02,0.96,maker_limit,,0.01,filled,2026-08-10 12:04:44.691808,
391,64579,KXHIGHLAX-26AUG10-B76.5,kalshi,KXHIGHLAX-26AUG10-B76.5,weather,yes,0.02,37.9888870712154,2026-08-10 12:04:45.175485,true,2026-08-10 12:09:34.312967,1,win,37.23,0.98,0.03,0.95,maker_limit,,0.02,filled,2026-08-10 12:04:44.936276,
392,64580,KXHIGHDEN-26AUG10-T99,kalshi,KXHIGHDEN-26AUG10-T99,weather,yes,0.02,37.9888870712154,2026-08-10 12:04:45.665977,true,2026-08-10 12:09:34.471346,1,win,37.23,0.98,0.03,0.95,maker_limit,,0.02,filled,2026-08-10 12:04:45.424698,
393,64599,KXHIGHMIA-26AUG10-T95,kalshi,KXHIGHMIA-26AUG10-T95,weather,yes,0.01,37.8940540105331,2026-08-10 12:09:51.947867,true,2026-08-10 12:14:33.006983,1,win,37.52,0.98,0.02,0.96,maker_limit,,0.01,filled,2026-08-10 12:09:51.946159,
394,64600,KXHIGHDEN-26AUG10-T99,kalshi,KXHIGHDEN-26AUG10-T99,weather,yes,0.01,37.8940540105331,2026-08-10 12:09:52.4474,true,2026-08-10 12:14:33.173494,1,win,37.52,0.98,0.02,0.96,maker_limit,,0.01,filled,2026-08-10 12:09:52.199371,
395,64601,KXHIGHLAX-26AUG10-B76.5,kalshi,KXHIGHLAX-26AUG10-B76.5,weather,yes,0.02,37.8940540105331,2026-08-10 12:09:52.952964,true,2026-08-10 12:14:33.338664,1,win,37.14,0.98,0.03,0.95,maker_limit,,0.02,filled,2026-08-10 12:09:52.703045,
396,64620,KXHIGHMIA-26AUG10-T95,kalshi,KXHIGHMIA-26AUG10-T95,weather,yes,0.01,37.8189459089532,2026-08-10 12:14:44.711409,true,2026-08-10 12:19:34.223333,1,win,37.44,0.98,0.02,0.96,maker_limit,,0.01,filled,2026-08-10 12:14:44.710322,
397,64621,KXHIGHDEN-26AUG10-T99,kalshi,KXHIGHDEN-26AUG10-T99,weather,yes,0.01,37.8189459089532,2026-08-10 12:14:45.207016,true,2026-08-10 12:19:34.396566,1,win,37.44,0.98,0.02,0.96,maker_limit,,0.01,filled,2026-08-10 12:14:44.957648,
398,64622,KXHIGHLAX-26AUG10-B76.5,kalshi,KXHIGHLAX-26AUG10-B76.5,weather,yes,0.02,37.8189459089532,2026-08-10 12:14:45.70366,true,2026-08-10 12:19:34.566789,1,win,37.06,0.98,0.03,0.95,maker_limit,,0.02,filled,2026-08-10 12:14:45.455273,
399,64641,KXHIGHMIA-26AUG10-T95,kalshi,KXHIGHMIA-26AUG10-T95,weather,yes,0.01,37.7431040226102,2026-08-10 12:19:45.20605,true,2026-08-10 12:24:33.01628,1,win,37.37,0.98,0.02,0.96,maker_limit,,0.01,filled,2026-08-10 12:19:45.204338,
400,64642,KXHIGHLAX-26AUG10-B76.5,kalshi,KXHIGHLAX-26AUG10-B76.5,weather,yes,0.01,37.7431040226102,2026-08-10 12:19:45.70953,true,2026-08-10 12:24:33.18656,1,win,37.37,0.98,0.02,0.96,maker_limit,,0.01,filled,2026-08-10 12:19:45.460147,
401,64643,KXHIGHDEN-26AUG10-T99,kalshi,KXHIGHDEN-26AUG10-T99,weather,yes,0.01,37.7431040226102,2026-08-10 12:19:46.213049,true,2026-08-10 12:24:33.357773,1,win,37.37,0.98,0.02,0.96,maker_limit,,0.01,filled,2026-08-10 12:19:45.966172,
402,64662,KXHIGHMIA-26AUG10-T95,kalshi,KXHIGHMIA-26AUG10-T95,weather,yes,0.01,37.6871384192186,2026-08-10 12:24:51.848838,true,2026-08-10 12:29:34.62061,1,win,37.31,0.98,0.02,0.96,maker_limit,,0.01,filled,2026-08-10 12:24:51.847207,
403,64663,KXHIGHLAX-26AUG10-B76.5,kalshi,KXHIGHLAX-26AUG10-B76.5,weather,yes,0.01,37.6871384192186,2026-08-10 12:24:52.353835,true,2026-08-10 12:29:34.786218,1,win,37.31,0.98,0.02,0.96,maker_limit,,0.01,filled,2026-08-10 12:24:52.104726,
404,64664,KXHIGHDEN-26AUG10-T99,kalshi,KXHIGHDEN-26AUG10-T99,weather,yes,0.01,37.6871384192186,2026-08-10 12:24:52.850334,true,2026-08-10 12:29:34.956584,1,win,37.31,0.98,0.02,0.96,maker_limit,,0.01,filled,2026-08-10 12:24:52.602252,
405,64683,KXHIGHMIA-26AUG10-T95,kalshi,KXHIGHMIA-26AUG10-T95,weather,yes,0.01,37.6305676563358,2026-08-10 12:29:45.528063,true,2026-08-10 12:34:33.015096,1,win,37.25,0.98,0.02,0.96,maker_limit,,0.01,filled,2026-08-10 12:29:45.526763,
406,64684,KXHIGHLAX-26AUG10-B76.5,kalshi,KXHIGHLAX-26AUG10-B76.5,weather,yes,0.01,37.6305676563358,2026-08-10 12:29:46.025594,true,2026-08-10 12:34:33.177461,1,win,37.25,0.98,0.02,0.96,maker_limit,,0.01,filled,2026-08-10 12:29:45.777943,
407,64685,KXHIGHDEN-26AUG10-T99,kalshi,KXHIGHDEN-26AUG10-T99,weather,yes,0.01,37.6305676563358,2026-08-10 12:29:46.516625,true,2026-08-10 12:34:33.343057,1,win,37.25,0.98,0.02,0.96,maker_limit,,0.01,filled,2026-08-10 12:29:46.273252,
408,64704,KXHIGHMIA-26AUG10-T95,kalshi,KXHIGHMIA-26AUG10-T95,weather,yes,0.01,37.5734825078855,2026-08-10 12:34:44.706688,true,2026-08-10 12:39:34.271854,1,win,37.2,0.98,0.02,0.96,maker_limit,,0.01,filled,2026-08-10 12:34:44.705105,
409,64705,KXHIGHLAX-26AUG10-B76.5,kalshi,KXHIGHLAX-26AUG10-B76.5,weather,yes,0.01,37.5734825078855,2026-08-10 12:34:45.195876,true,2026-08-10 12:39:34.429253,1,win,37.2,0.98,0.02,0.96,maker_limit,,0.01,filled,2026-08-10 12:34:44.962011,
410,64706,KXHIGHDEN-26AUG10-T99,kalshi,KXHIGHDEN-26AUG10-T99,weather,yes,0.01,37.5734825078855,2026-08-10 12:34:45.680798,true,2026-08-10 12:39:34.593448,1,win,37.2,0.98,0.02,0.96,maker_limit,,0.01,filled,2026-08-10 12:34:45.43334,
411,64725,KXHIGHMIA-26AUG10-T95,kalshi,KXHIGHMIA-26AUG10-T95,weather,yes,0.01,37.5174601317026,2026-08-10 12:39:51.961047,true,2026-08-10 12:44:33.006961,1,win,37.14,0.98,0.02,0.96,maker_limit,,0.01,filled,2026-08-10 12:39:51.959372,
412,64726,KXHIGHLAX-26AUG10-B76.5,kalshi,KXHIGHLAX-26AUG10-B76.5,weather,yes,0.01,37.5174601317026,2026-08-10 12:39:52.454912,true,2026-08-10 12:44:33.167818,1,win,37.14,0.98,0.02,0.96,maker_limit,,0.01,filled,2026-08-10 12:39:52.206641,
413,64727,KXHIGHDEN-26AUG10-T99,kalshi,KXHIGHDEN-26AUG10-T99,weather,yes,0.01,37.5174601317026,2026-08-10 12:39:52.952802,true,2026-08-10 12:44:33.333957,1,win,37.14,0.98,0.02,0.96,maker_limit,,0.01,filled,2026-08-10 12:39:52.704298,
414,64746,KXHIGHMIA-26AUG10-T95,kalshi,KXHIGHMIA-26AUG10-T95,weather,yes,0.01,37.4608411119472,2026-08-10 12:44:44.984692,true,2026-08-10 12:49:34.193216,1,win,37.09,0.98,0.02,0.96,maker_limit,,0.01,filled,2026-08-10 12:44:44.983104,
415,64747,KXHIGHLAX-26AUG10-B76.5,kalshi,KXHIGHLAX-26AUG10-B76.5,weather,yes,0.01,37.4608411119472,2026-08-10 12:44:45.471178,true,2026-08-10 12:49:34.363537,1,win,37.09,0.98,0.02,0.96,maker_limit,,0.01,filled,2026-08-10 12:44:45.237223,
416,64748,KXHIGHDEN-26AUG10-T99,kalshi,KXHIGHDEN-26AUG10-T99,weather,yes,0.01,37.4608411119472,2026-08-10 12:44:45.95922,true,2026-08-10 12:49:34.534283,1,win,37.09,0.98,0.02,0.96,maker_limit,,0.01,filled,2026-08-10 12:44:45.715009,
417,64768,KXHIGHMIA-26AUG10-T95,kalshi,KXHIGHMIA-26AUG10-T95,weather,yes,0.01,37.4052149451552,2026-08-10 12:49:45.019809,true,2026-08-10 12:54:33.008806,1,win,37.03,0.98,0.02,0.96,maker_limit,,0.01,filled,2026-08-10 12:49:45.018809,
418,64769,KXHIGHLAX-26AUG10-B76.5,kalshi,KXHIGHLAX-26AUG10-B76.5,weather,yes,0.01,37.4052149451552,2026-08-10 12:49:45.509394,true,2026-08-10 12:54:33.176924,1,win,37.03,0.98,0.02,0.96,maker_limit,,0.01,filled,2026-08-10 12:49:45.266279,
419,64770,KXHIGHDEN-26AUG10-T99,kalshi,KXHIGHDEN-26AUG10-T99,weather,yes,0.01,37.4052149451552,2026-08-10 12:49:45.999812,true,2026-08-10 12:54:33.342217,1,win,37.03,0.98,0.02,0.96,maker_limit,,0.01,filled,2026-08-10 12:49:45.751755,
420,64790,KXHIGHMIA-26AUG10-T95,kalshi,KXHIGHMIA-26AUG10-T95,weather,yes,0.01,37.3489327033818,2026-08-10 12:54:51.852917,true,2026-08-10 12:59:35.102002,1,win,36.98,0.98,0.02,0.96,maker_limit,,0.01,filled,2026-08-10 12:54:51.851825,
421,64791,KXHIGHLAX-26AUG10-B76.5,kalshi,KXHIGHLAX-26AUG10-B76.5,weather,yes,0.01,37.3489327033818,2026-08-10 12:54:52.355796,true,2026-08-10 12:59:35.264198,1,win,36.98,0.98,0.02,0.96,maker_limit,,0.01,filled,2026-08-10 12:54:52.106395,
422,64792,KXHIGHDEN-26AUG10-T99,kalshi,KXHIGHDEN-26AUG10-T99,weather,yes,0.01,37.3489327033818,2026-08-10 12:54:52.853144,true,2026-08-10 12:59:35.434005,1,win,36.98,0.98,0.02,0.96,maker_limit,,0.01,filled,2026-08-10 12:54:52.605033,
423,64812,KXHIGHMIA-26AUG10-T95,kalshi,KXHIGHMIA-26AUG10-T95,weather,yes,0.01,37.2935927978746,2026-08-10 12:59:45.683232,true,2026-08-10 13:04:33.037958,1,win,36.92,0.98,0.02,0.96,maker_limit,,0.01,filled,2026-08-10 12:59:45.681892,
424,64813,KXHIGHLAX-26AUG10-B76.5,kalshi,KXHIGHLAX-26AUG10-B76.5,weather,yes,0.01,37.2935927978746,2026-08-10 12:59:46.173292,true,2026-08-10 13:04:33.205725,1,win,36.92,0.98,0.02,0.96,maker_limit,,0.01,filled,2026-08-10 12:59:45.93225,
425,64814,KXHIGHDEN-26AUG10-T99,kalshi,KXHIGHDEN-26AUG10-T99,weather,yes,0.01,37.2935927978746,2026-08-10 12:59:46.66388,true,2026-08-10 13:04:33.371166,1,win,36.92,0.98,0.02,0.96,maker_limit,,0.01,filled,2026-08-10 12:59:46.422679,
426,64834,KXHIGHMIA-26AUG10-T95,kalshi,KXHIGHMIA-26AUG10-T95,weather,yes,0.01,37.2375538781934,2026-08-10 13:04:44.804039,true,2026-08-10 13:09:34.432665,1,win,36.87,0.98,0.02,0.96,maker_limit,,0.01,filled,2026-08-10 13:04:44.802761,
427,64835,KXHIGHLAX-26AUG10-B76.5,kalshi,KXHIGHLAX-26AUG10-B76.5,weather,yes,0.01,37.2375538781934,2026-08-10 13:04:45.290108,true,2026-08-10 13:09:34.588726,1,win,36.87,0.98,0.02,0.96,maker_limit,,0.01,filled,2026-08-10 13:04:45.056646,
428,64836,KXHIGHDEN-26AUG10-T99,kalshi,KXHIGHDEN-26AUG10-T99,weather,yes,0.01,37.2375538781934,2026-08-10 13:04:45.772179,true,2026-08-10 13:09:34.756656,1,win,36.87,0.98,0.02,0.96,maker_limit,,0.01,filled,2026-08-10 13:04:45.531295,
429,64855,KXHIGHMIA-26AUG10-T95,kalshi,KXHIGHMIA-26AUG10-T95,weather,yes,0.01,37.1824207964644,2026-08-10 13:09:51.855179,true,2026-08-10 13:14:44.098784,1,win,36.81,0.98,0.02,0.96,maker_limit,,0.01,filled,2026-08-10 13:09:51.853529,
430,64856,KXHIGHLAX-26AUG10-B76.5,kalshi,KXHIGHLAX-26AUG10-B76.5,weather,yes,0.01,37.1824207964644,2026-08-10 13:09:52.347691,true,2026-08-10 13:14:44.263925,1,win,36.81,0.98,0.02,0.96,maker_limit,,0.01,filled,2026-08-10 13:09:52.102758,
431,64857,KXHIGHDEN-26AUG10-T99,kalshi,KXHIGHDEN-26AUG10-T99,weather,yes,0.01,37.1824207964644,2026-08-10 13:09:52.83677,true,2026-08-10 13:14:44.423776,1,win,36.81,0.98,0.02,0.96,maker_limit,,0.01,filled,2026-08-10 13:09:52.596314,
432,64897,KXHIGHMIA-26AUG10-T95,kalshi,KXHIGHMIA-26AUG10-T95,weather,yes,0.01,37.1265576769948,2026-08-10 13:19:43.618877,true,2026-08-10 13:24:34.546998,1,win,36.76,0.98,0.02,0.96,maker_limit,,0.01,filled,2026-08-10 13:19:43.617981,
433,64898,KXHIGHLAX-26AUG10-B76.5,kalshi,KXHIGHLAX-26AUG10-B76.5,weather,yes,0.01,37.1265576769948,2026-08-10 13:19:44.116224,true,2026-08-10 13:24:34.717328,1,win,36.76,0.98,0.02,0.96,maker_limit,,0.01,filled,2026-08-10 13:19:43.868083,
434,64899,KXHIGHDEN-26AUG10-T99,kalshi,KXHIGHDEN-26AUG10-T99,weather,yes,0.01,37.1265576769948,2026-08-10 13:19:44.607663,true,2026-08-10 13:24:34.886359,1,win,36.76,0.98,0.02,0.96,maker_limit,,0.01,filled,2026-08-10 13:19:44.365537,
435,64918,KXHIGHMIA-26AUG10-T95,kalshi,KXHIGHMIA-26AUG10-T95,weather,yes,0.01,37.0715740254455,2026-08-10 13:24:52.287254,true,2026-08-10 13:29:44.814696,1,win,36.7,0.98,0.02,0.96,maker_limit,,0.01,filled,2026-08-10 13:24:52.28587,
436,64919,KXHIGHLAX-26AUG10-B76.5,kalshi,KXHIGHLAX-26AUG10-B76.5,weather,yes,0.01,37.0715740254455,2026-08-10 13:24:52.785038,true,2026-08-10 13:29:44.97965,1,win,36.7,0.98,0.02,0.96,maker_limit,,0.01,filled,2026-08-10 13:24:52.538598,
437,64920,KXHIGHDEN-26AUG10-T99,kalshi,KXHIGHDEN-26AUG10-T99,weather,yes,0.01,37.0715740254455,2026-08-10 13:24:53.280555,true,2026-08-10 13:29:45.146288,1,win,36.7,0.98,0.02,0.96,maker_limit,,0.01,filled,2026-08-10 13:24:53.033425,
438,64962,KXHIGHMIA-26AUG10-T95,kalshi,KXHIGHMIA-26AUG10-T95,weather,yes,0.01,37.0158379216287,2026-08-10 13:34:43.693287,true,2026-08-10 13:39:34.301235,1,win,36.65,0.98,0.02,0.96,maker_limit,,0.01,filled,2026-08-10 13:34:43.691787,
439,64963,KXHIGHLAX-26AUG10-B76.5,kalshi,KXHIGHLAX-26AUG10-B76.5,weather,yes,0.01,37.0158379216287,2026-08-10 13:34:44.193323,true,2026-08-10 13:39:34.465518,1,win,36.65,0.98,0.02,0.96,maker_limit,,0.01,filled,2026-08-10 13:34:43.945233,
440,64964,KXHIGHDEN-26AUG10-T99,kalshi,KXHIGHDEN-26AUG10-T99,weather,yes,0.01,37.0158379216287,2026-08-10 13:34:44.690922,true,2026-08-10 13:39:34.635545,1,win,36.65,0.98,0.02,0.96,maker_limit,,0.01,filled,2026-08-10 13:34:44.442476,
441,64983,KXHIGHMIA-26AUG10-T95,kalshi,KXHIGHMIA-26AUG10-T95,weather,yes,0.01,36.9609622333844,2026-08-10 13:39:51.807017,true,2026-08-10 13:44:34.393155,1,win,36.59,0.98,0.02,0.96,maker_limit,,0.01,filled,2026-08-10 13:39:51.805799,
442,64984,KXHIGHLAX-26AUG10-B76.5,kalshi,KXHIGHLAX-26AUG10-B76.5,weather,yes,0.01,36.9609622333844,2026-08-10 13:39:52.285976,true,2026-08-10 13:44:34.556393,1,win,36.59,0.98,0.02,0.96,maker_limit,,0.01,filled,2026-08-10 13:39:52.050131,
443,64985,KXHIGHDEN-26AUG10-T99,kalshi,KXHIGHDEN-26AUG10-T99,weather,yes,0.01,36.9609622333844,2026-08-10 13:39:52.757923,true,2026-08-10 13:44:34.721854,1,win,36.59,0.98,0.02,0.96,maker_limit,,0.01,filled,2026-08-10 13:39:52.520887,
444,65005,KXHIGHMIA-26AUG10-T95,kalshi,KXHIGHMIA-26AUG10-T95,weather,yes,0.01,36.9053178983768,2026-08-10 13:44:45.048276,true,2026-08-10 13:49:32.997625,1,win,36.54,0.98,0.02,0.96,maker_limit,,0.01,filled,2026-08-10 13:44:45.04669,
445,65006,KXHIGHLAX-26AUG10-B76.5,kalshi,KXHIGHLAX-26AUG10-B76.5,weather,yes,0.01,36.9053178983768,2026-08-10 13:44:45.549983,true,2026-08-10 13:49:33.166911,1,win,36.54,0.98,0.02,0.96,maker_limit,,0.01,filled,2026-08-10 13:44:45.301444,
446,65007,KXHIGHDEN-26AUG10-T99,kalshi,KXHIGHDEN-26AUG10-T99,weather,yes,0.01,36.9053178983768,2026-08-10 13:44:46.045503,true,2026-08-10 13:49:33.330202,1,win,36.54,0.98,0.02,0.96,maker_limit,,0.01,filled,2026-08-10 13:44:45.795216,
447,65026,KXHIGHMIA-26AUG10-T95,kalshi,KXHIGHMIA-26AUG10-T95,weather,yes,0.01,36.8505202136202,2026-08-10 13:49:44.421465,true,2026-08-10 13:54:34.812739,1,win,36.48,0.98,0.02,0.96,maker_limit,,0.01,filled,2026-08-10 13:49:44.419926,
448,65027,KXHIGHLAX-26AUG10-B76.5,kalshi,KXHIGHLAX-26AUG10-B76.5,weather,yes,0.01,36.8505202136202,2026-08-10 13:49:44.91708,true,2026-08-10 13:54:34.97831,1,win,36.48,0.98,0.02,0.96,maker_limit,,0.01,filled,2026-08-10 13:49:44.668121,
449,65028,KXHIGHDEN-26AUG10-T99,kalshi,KXHIGHDEN-26AUG10-T99,weather,yes,0.01,36.8505202136202,2026-08-10 13:49:45.413933,true,2026-08-10 13:54:35.144416,1,win,36.48,0.98,0.02,0.96,maker_limit,,0.01,filled,2026-08-10 13:49:45.165243,
450,65047,KXHIGHMIA-26AUG10-T95,kalshi,KXHIGHMIA-26AUG10-T95,weather,yes,0.01,36.7949421815772,2026-08-10 13:54:44.747935,true,2026-08-10 13:59:34.915332,1,win,36.43,0.98,0.02,0.96,maker_limit,,0.01,filled,2026-08-10 13:54:44.746751,
451,65048,KXHIGHLAX-26AUG10-B76.5,kalshi,KXHIGHLAX-26AUG10-B76.5,weather,yes,0.01,36.7949421815772,2026-08-10 13:54:45.229298,true,2026-08-10 13:59:35.081384,1,win,36.43,0.98,0.02,0.96,maker_limit,,0.01,filled,2026-08-10 13:54:44.993485,
452,65049,KXHIGHDEN-26AUG10-T99,kalshi,KXHIGHDEN-26AUG10-T99,weather,yes,0.01,36.7949421815772,2026-08-10 13:54:45.720054,true,2026-08-10 13:59:35.247028,1,win,36.43,0.98,0.02,0.96,maker_limit,,0.01,filled,2026-08-10 13:54:45.478524,
453,65068,KXHIGHMIA-26AUG10-T95,kalshi,KXHIGHMIA-26AUG10-T95,weather,yes,0.01,36.7402008543406,2026-08-10 13:59:52.1923,true,2026-08-10 14:04:32.997176,1,win,36.37,0.98,0.02,0.96,maker_limit,,0.01,filled,2026-08-10 13:59:52.1911,
454,65069,KXHIGHLAX-26AUG10-B76.5,kalshi,KXHIGHLAX-26AUG10-B76.5,weather,yes,0.01,36.7402008543406,2026-08-10 13:59:52.678949,true,2026-08-10 14:04:33.165595,1,win,36.37,0.98,0.02,0.96,maker_limit,,0.01,filled,2026-08-10 13:59:52.444394,
455,65070,KXHIGHDEN-26AUG10-T99,kalshi,KXHIGHDEN-26AUG10-T99,weather,yes,0.01,36.7402008543406,2026-08-10 13:59:53.172197,true,2026-08-10 14:04:33.329786,1,win,36.37,0.98,0.02,0.96,maker_limit,,0.01,filled,2026-08-10 13:59:52.924828,
456,65089,KXHIGHNY-26AUG11-T96,kalshi,KXHIGHNY-26AUG11-T96,weather,yes,0.01,36.6846707261895,2026-08-10 14:04:58.852841,true,2026-08-11 01:22:33.278434,1,win,36.32,0.98,0.02,0.96,maker_limit,,0.01,filled,2026-08-10 14:04:58.851075,
457,65090,KXHIGHCHI-26AUG11-T87,kalshi,KXHIGHCHI-26AUG11-T87,weather,yes,0.01,36.6846707261895,2026-08-10 14:04:59.351531,true,2026-08-11 00:22:38.22811,1,win,36.32,0.98,0.02,0.96,maker_limit,,0.01,filled,2026-08-10 14:04:59.103375,
458,65091,KXHIGHMIA-26AUG10-T95,kalshi,KXHIGHMIA-26AUG10-T95,weather,yes,0.01,36.6846707261895,2026-08-10 14:04:59.843765,true,2026-08-10 14:09:34.281408,1,win,36.32,0.98,0.02,0.96,maker_limit,,0.01,filled,2026-08-10 14:04:59.595709,
459,65138,KXHIGHMIA-26AUG10-T95,kalshi,KXHIGHMIA-26AUG10-T95,weather,yes,0.01,32.997970117261,2026-08-10 14:09:54.996162,true,2026-08-10 14:14:36.828621,1,win,32.67,0.98,0.02,0.96,maker_limit,,0.01,filled,2026-08-10 14:09:54.994841,
460,65139,KXHIGHLAX-26AUG10-B76.5,kalshi,KXHIGHLAX-26AUG10-B76.5,weather,yes,0.01,32.997970117261,2026-08-10 14:09:55.492398,true,2026-08-10 14:14:36.994909,1,win,32.67,0.98,0.02,0.96,maker_limit,,0.01,filled,2026-08-10 14:09:55.242772,
461,65185,KXHIGHMIA-26AUG10-T95,kalshi,KXHIGHMIA-26AUG10-T95,weather,yes,0.01,32.965173105535,2026-08-10 14:15:02.120091,true,2026-08-10 14:19:34.003224,1,win,32.64,0.98,0.02,0.96,maker_limit,,0.01,filled,2026-08-10 14:15:02.118387,
462,65186,KXHIGHLAX-26AUG10-B76.5,kalshi,KXHIGHLAX-26AUG10-B76.5,weather,yes,0.01,32.965173105535,2026-08-10 14:15:02.607513,true,2026-08-10 14:19:34.173521,1,win,32.64,0.98,0.02,0.96,maker_limit,,0.01,filled,2026-08-10 14:15:02.366857,
463,65234,KXHIGHLAX-26AUG10-B76.5,kalshi,KXHIGHLAX-26AUG10-B76.5,weather,yes,0.01,32.9326557949815,2026-08-10 14:19:58.389713,true,2026-08-10 14:24:34.288861,1,win,32.6,0.98,0.02,0.96,maker_limit,,0.01,filled,2026-08-10 14:19:58.388104,
464,65281,KXHIGHLAX-26AUG10-B76.5,kalshi,KXHIGHLAX-26AUG10-B76.5,weather,yes,0.01,32.9160230052324,2026-08-10 14:24:54.673243,true,2026-08-10 14:29:34.86063,1,win,32.59,0.98,0.02,0.96,maker_limit,,0.01,filled,2026-08-10 14:24:54.672044,
465,65328,KXHIGHLAX-26AUG10-B76.5,kalshi,KXHIGHLAX-26AUG10-B76.5,weather,yes,0.01,32.8997218549708,2026-08-10 14:30:01.995652,true,2026-08-10 14:34:33.636726,1,win,32.57,0.98,0.02,0.96,maker_limit,,0.01,filled,2026-08-10 14:30:01.994047,
466,65375,KXHIGHLAX-26AUG10-B76.5,kalshi,KXHIGHLAX-26AUG10-B76.5,weather,yes,0.01,32.8832357622222,2026-08-10 14:34:56.268135,true,2026-08-10 14:39:34.439923,1,win,32.55,0.98,0.02,0.96,maker_limit,,0.01,filled,2026-08-10 14:34:56.266542,
467,65422,KXHIGHDEN-26AUG10-T99,kalshi,KXHIGHDEN-26AUG10-T99,weather,yes,0.01,32.8665739741112,2026-08-10 14:39:56.16211,true,2026-08-10 14:44:33.890097,1,win,32.54,0.98,0.02,0.96,maker_limit,,0.01,filled,2026-08-10 14:39:56.160552,
468,65468,KXHIGHDEN-26AUG10-T99,kalshi,KXHIGHDEN-26AUG10-T99,weather,yes,0.01,32.8502452754056,2026-08-10 14:44:57.881817,true,2026-08-10 14:49:34.117927,1,win,32.52,0.98,0.02,0.96,maker_limit,,0.01,filled,2026-08-10 14:44:57.880162,
469,65514,KXHIGHDEN-26AUG10-T99,kalshi,KXHIGHDEN-26AUG10-T99,weather,yes,0.01,32.8337330116353,2026-08-10 14:49:59.464176,true,2026-08-10 14:54:33.74041,1,win,32.51,0.98,0.02,0.96,maker_limit,,0.01,filled,2026-08-10 14:49:59.46364,
470,65560,KXHIGHDEN-26AUG10-T99,kalshi,KXHIGHDEN-26AUG10-T99,weather,yes,0.01,32.8175463610536,2026-08-10 14:54:56.177881,true,2026-08-10 14:59:34.573057,1,win,32.49,0.98,0.02,0.96,maker_limit,,0.01,filled,2026-08-10 14:54:56.176381,
471,65607,KXHIGHDEN-26AUG10-T99,kalshi,KXHIGHDEN-26AUG10-T99,weather,yes,0.01,32.8011690430009,2026-08-10 14:59:58.268376,true,2026-08-10 15:04:33.638998,1,win,32.47,0.98,0.02,0.96,maker_limit,,0.01,filled,2026-08-10 14:59:58.266798,
472,65654,KXHIGHDEN-26AUG10-T99,kalshi,KXHIGHDEN-26AUG10-T99,weather,yes,0.01,32.7846105908508,2026-08-10 15:04:59.269652,true,2026-08-10 15:09:34.331441,1,win,32.46,0.98,0.02,0.96,maker_limit,,0.01,filled,2026-08-10 15:04:59.264188,
473,65699,KXHIGHDEN-26AUG10-T99,kalshi,KXHIGHDEN-26AUG10-T99,weather,yes,0.01,32.7683800613082,2026-08-10 15:09:56.096182,true,2026-08-10 15:14:34.757109,1,win,32.44,0.98,0.02,0.96,maker_limit,,0.01,filled,2026-08-10 15:09:56.094661,
474,65744,KXHIGHDEN-26AUG10-T99,kalshi,KXHIGHDEN-26AUG10-T99,weather,yes,0.01,32.7519610582429,2026-08-10 15:14:54.37097,true,2026-08-10 15:19:33.723949,1,win,32.42,0.98,0.02,0.96,maker_limit,,0.01,filled,2026-08-10 15:14:54.369587,
475,65789,KXHIGHDEN-26AUG10-T99,kalshi,KXHIGHDEN-26AUG10-T99,weather,yes,0.01,32.7353630053307,2026-08-10 15:20:02.904064,true,2026-08-10 15:24:34.475815,1,win,32.41,0.98,0.02,0.96,maker_limit,,0.01,filled,2026-08-10 15:20:02.902386,
476,65834,KXHIGHDEN-26AUG10-T99,kalshi,KXHIGHDEN-26AUG10-T99,weather,yes,0.01,32.7190948550641,2026-08-10 15:24:56.682619,true,2026-08-10 15:29:34.705868,1,win,32.39,0.98,0.02,0.96,maker_limit,,0.01,filled,2026-08-10 15:24:56.681441,
477,65879,KXHIGHDEN-26AUG10-T99,kalshi,KXHIGHDEN-26AUG10-T99,weather,yes,0.01,32.702640112311,2026-08-10 15:29:55.496563,true,2026-08-10 15:34:33.768991,1,win,32.38,0.98,0.02,0.96,maker_limit,,0.01,filled,2026-08-10 15:29:55.495271,
478,65924,KXHIGHDEN-26AUG10-T99,kalshi,KXHIGHDEN-26AUG10-T99,weather,yes,0.01,32.6865081066954,2026-08-10 15:35:02.425791,true,2026-08-10 15:39:34.291372,1,win,32.36,0.98,0.02,0.96,maker_limit,,0.01,filled,2026-08-10 15:35:02.42419,
479,65969,KXHIGHDEN-26AUG10-T99,kalshi,KXHIGHDEN-26AUG10-T99,weather,yes,0.01,32.6701827013607,2026-08-10 15:39:54.023884,true,2026-08-10 15:44:33.897361,1,win,32.34,0.98,0.02,0.96,maker_limit,,0.01,filled,2026-08-10 15:39:54.022319,
480,66014,KXHIGHDEN-26AUG10-T99,kalshi,KXHIGHDEN-26AUG10-T99,weather,yes,0.01,32.6536735662926,2026-08-10 15:44:55.568749,true,2026-08-10 15:49:34.30955,1,win,32.33,0.98,0.02,0.96,maker_limit,,0.01,filled,2026-08-10 15:44:55.567159,
481,66058,KXHIGHDEN-26AUG10-T99,kalshi,KXHIGHDEN-26AUG10-T99,weather,yes,0.01,32.6374898879779,2026-08-10 15:50:02.29734,true,2026-08-10 15:54:33.879011,1,win,32.31,0.98,0.02,0.96,maker_limit,,0.01,filled,2026-08-10 15:50:02.296144,
482,66102,KXHIGHDEN-26AUG10-T99,kalshi,KXHIGHDEN-26AUG10-T99,weather,yes,0.01,32.6211153935791,2026-08-10 15:54:53.496501,true,2026-08-10 15:59:34.418455,1,win,32.29,0.98,0.02,0.96,maker_limit,,0.01,filled,2026-08-10 15:54:53.496126,
483,66146,KXHIGHDEN-26AUG10-T99,kalshi,KXHIGHDEN-26AUG10-T99,weather,yes,0.01,32.6045596239001,2026-08-10 15:59:55.560834,true,2026-08-10 16:04:33.873889,1,win,32.28,0.98,0.02,0.96,maker_limit,,0.01,filled,2026-08-10 15:59:55.559707,
484,66191,KXHIGHDEN-26AUG10-T99,kalshi,KXHIGHDEN-26AUG10-T99,weather,yes,0.01,32.5883316427051,2026-08-10 16:04:53.497954,true,2026-08-10 16:09:34.040834,1,win,32.26,0.98,0.02,0.96,maker_limit,,0.01,filled,2026-08-10 16:04:53.497711,
485,66236,KXHIGHDEN-26AUG10-T99,kalshi,KXHIGHDEN-26AUG10-T99,weather,yes,0.01,32.5719150605699,2026-08-10 16:10:03.864082,true,2026-08-10 16:14:34.3531,1,win,32.25,0.98,0.02,0.96,maker_limit,,0.01,filled,2026-08-10 16:10:03.862626,
486,66280,KXHIGHDEN-26AUG10-T99,kalshi,KXHIGHDEN-26AUG10-T99,weather,yes,0.01,32.5558193075413,2026-08-10 16:14:55.428468,true,2026-08-10 16:19:33.958617,1,win,32.23,0.98,0.02,0.96,maker_limit,,0.01,filled,2026-08-10 16:14:55.426902,
487,66324,KXHIGHDEN-26AUG10-T99,kalshi,KXHIGHDEN-26AUG10-T99,weather,yes,0.01,32.5395283421643,2026-08-10 16:19:53.635248,true,2026-08-10 16:24:34.036209,1,win,32.21,0.98,0.02,0.96,maker_limit,,0.01,filled,2026-08-10 16:19:53.634289,
488,66366,KXHIGHDEN-26AUG10-T99,kalshi,KXHIGHDEN-26AUG10-T99,weather,yes,0.01,32.5230519250561,2026-08-10 16:24:57.006726,true,2026-08-10 16:29:34.912515,1,win,32.2,0.98,0.02,0.96,maker_limit,,0.01,filled,2026-08-10 16:24:57.005283,
489,66367,KXHIGHDEN-26AUG11-T100,kalshi,KXHIGHDEN-26AUG11-T100,weather,yes,0.02,32.5230519250561,2026-08-10 16:24:57.500448,true,2026-08-11 01:22:32.77872,1,win,31.87,0.98,0.03,0.95,maker_limit,,0.02,filled,2026-08-10 16:24:57.256001,
490,66408,KXHIGHDEN-26AUG10-T99,kalshi,KXHIGHDEN-26AUG10-T99,weather,yes,0.01,30.8807467325505,2026-08-10 16:29:59.787649,true,2026-08-10 16:34:34.625238,1,win,30.57,0.98,0.02,0.96,maker_limit,,0.01,filled,2026-08-10 16:29:59.786437,
491,66410,KXHIGHMIA-26AUG11-T95,kalshi,KXHIGHMIA-26AUG11-T95,weather,yes,0.03,30.8807467325505,2026-08-10 16:30:00.35383,true,2026-08-11 00:22:38.056287,1,win,29.95,0.98,0.04,0.94,maker_limit,,0.03,filled,2026-08-10 16:30:00.1172,
492,66452,KXHIGHDEN-26AUG10-T99,kalshi,KXHIGHDEN-26AUG10-T99,weather,yes,0.01,29.3211720592955,2026-08-10 16:34:52.68537,true,2026-08-10 16:39:34.699311,1,win,29.03,0.98,0.02,0.96,maker_limit,,0.01,filled,2026-08-10 16:34:52.684329,
493,66495,KXHIGHDEN-26AUG10-T99,kalshi,KXHIGHDEN-26AUG10-T99,weather,yes,0.01,29.3066134563307,2026-08-10 16:39:56.787087,true,2026-08-10 16:44:34.468179,1,win,29.01,0.98,0.02,0.96,maker_limit,,0.01,filled,2026-08-10 16:39:56.785739,
494,66537,KXHIGHDEN-26AUG10-T99,kalshi,KXHIGHDEN-26AUG10-T99,weather,yes,0.01,29.2917827835142,2026-08-10 16:44:52.808515,true,2026-08-10 16:49:34.917894,1,win,29,0.98,0.02,0.96,maker_limit,,0.01,filled,2026-08-10 16:44:52.807161,
495,66578,KXHIGHDEN-26AUG10-T99,kalshi,KXHIGHDEN-26AUG10-T99,weather,yes,0.01,29.2771936443385,2026-08-10 16:49:58.860291,true,2026-08-10 16:54:34.15109,1,win,28.98,0.98,0.02,0.96,maker_limit,,0.01,filled,2026-08-10 16:49:58.858835,
496,66620,KXHIGHDEN-26AUG10-T99,kalshi,KXHIGHDEN-26AUG10-T99,weather,yes,0.01,29.2623339621216,2026-08-10 16:54:53.571951,true,2026-08-10 16:59:35.148968,1,win,28.97,0.98,0.02,0.96,maker_limit,,0.01,filled,2026-08-10 16:54:53.571625,
497,66663,KXHIGHDEN-26AUG10-T99,kalshi,KXHIGHDEN-26AUG10-T99,weather,yes,0.01,29.2477172640154,2026-08-10 16:59:56.804095,true,2026-08-10 17:04:34.581107,1,win,28.96,0.98,0.02,0.96,maker_limit,,0.01,filled,2026-08-10 16:59:56.802601,
498,66664,KXHIGHNY-26AUG10-T89,kalshi,KXHIGHNY-26AUG10-T89,weather,no,0.05,29.2477172640154,2026-08-10 16:59:57.300963,true,2026-08-10 17:04:34.746133,1,loss,-1.46,0.02,0.96,0.94,maker_limit,,0.05,filled,2026-08-10 16:59:57.060318,
499,66706,KXHIGHNY-26AUG10-T89,kalshi,KXHIGHNY-26AUG10-T89,weather,no,0.04,27.6979455376139,2026-08-10 17:04:58.900157,true,2026-08-10 17:09:34.505425,1,loss,-1.11,0.02,0.96,0.94,maker_limit,,0.04,filled,2026-08-10 17:04:58.899475,
500,66748,KXHIGHNY-26AUG10-T89,kalshi,KXHIGHNY-26AUG10-T89,weather,no,0.03,26.2575482607332,2026-08-10 17:09:53.524674,true,2026-08-10 17:14:34.557317,1,loss,-0.79,0.02,0.97,0.95,maker_limit,,0.03,filled,2026-08-10 17:09:53.524418,
501,66791,KXHIGHNY-26AUG10-T89,kalshi,KXHIGHNY-26AUG10-T89,weather,no,0.03,24.9051708476966,2026-08-10 17:14:52.531998,true,2026-08-10 17:19:34.055134,1,loss,-0.75,0.02,0.97,0.95,maker_limit,,0.03,filled,2026-08-10 17:14:52.530385,
502,66792,KXHIGHNY-26AUG10-B89.5,kalshi,KXHIGHNY-26AUG10-B89.5,weather,yes,0.03,24.9051708476966,2026-08-10 17:14:53.042053,true,2026-08-10 17:19:34.224376,0,loss,-0.75,0.98,0.04,0.94,maker_limit,,0.03,filled,2026-08-10 17:14:52.796369,
503,66834,KXHIGHNY-26AUG10-T89,kalshi,KXHIGHNY-26AUG10-T89,weather,no,0.04,22.3396537629269,2026-08-10 17:20:02.350528,true,2026-08-10 17:24:34.691747,1,loss,-0.89,0.02,0.96,0.94,maker_limit,,0.04,filled,2026-08-10 17:20:02.348988,
504,66835,KXHIGHNY-26AUG10-B89.5,kalshi,KXHIGHNY-26AUG10-B89.5,weather,yes,0.03,22.3396537629269,2026-08-10 17:20:02.832809,true,2026-08-10 17:24:34.859976,0,loss,-0.67,0.98,0.04,0.94,maker_limit,,0.03,filled,2026-08-10 17:20:02.59827,
505,66876,KXHIGHNY-26AUG10-T89,kalshi,KXHIGHNY-26AUG10-T89,weather,no,0.04,20.0276883866342,2026-08-10 17:24:53.121618,true,2026-08-10 17:29:35.713875,1,loss,-0.8,0.02,0.96,0.94,maker_limit,,0.04,filled,2026-08-10 17:24:53.120681,
506,66877,KXHIGHNY-26AUG10-B89.5,kalshi,KXHIGHNY-26AUG10-B89.5,weather,yes,0.03,20.0276883866342,2026-08-10 17:24:53.615698,true,2026-08-10 17:29:35.877712,0,loss,-0.6,0.98,0.04,0.94,maker_limit,,0.03,filled,2026-08-10 17:24:53.375727,
507,66918,KXHIGHNY-26AUG10-T89,kalshi,KXHIGHNY-26AUG10-T89,weather,no,0.04,17.9549195479708,2026-08-10 17:29:53.100941,true,2026-08-10 17:34:34.010259,1,loss,-0.72,0.02,0.96,0.94,maker_limit,,0.04,filled,2026-08-10 17:29:53.099323,
508,66960,KXHIGHNY-26AUG10-T89,kalshi,KXHIGHNY-26AUG10-T89,weather,no,0.04,17.0211735705723,2026-08-10 17:34:52.142828,true,2026-08-10 17:39:34.668995,1,loss,-0.68,0.02,0.96,0.94,maker_limit,,0.04,filled,2026-08-10 17:34:52.141396,
509,67002,KXHIGHNY-26AUG10-T89,kalshi,KXHIGHNY-26AUG10-T89,weather,no,0.04,16.1361148920437,2026-08-10 17:40:02.067167,true,2026-08-10 17:44:53.496548,1,loss,-0.65,0.02,0.96,0.94,maker_limit,,0.04,filled,2026-08-10 17:40:02.065871,
510,67003,KXHIGHTBOS-26AUG11-T92,kalshi,KXHIGHTBOS-26AUG11-T92,weather,yes,0.03,16.1361148920437,2026-08-10 17:40:02.561497,true,2026-08-11 00:22:38.391982,1,win,15.65,0.98,0.04,0.94,maker_limit,,0.03,filled,2026-08-10 17:40:02.313366,
511,67085,KXHIGHNY-26AUG10-T89,kalshi,KXHIGHNY-26AUG10-T89,weather,no,0.05,14.4900034028393,2026-08-10 17:49:51.631605,true,2026-08-10 17:54:51.420138,1,loss,-0.72,0.02,0.95,0.93,maker_limit,,0.05,filled,2026-08-10 17:49:51.630474,
512,67163,KXHIGHNY-26AUG10-T89,kalshi,KXHIGHNY-26AUG10-T89,weather,no,0.04,13.7295032326974,2026-08-10 18:00:02.164921,true,2026-08-10 18:04:34.937553,1,loss,-0.55,0.02,0.96,0.94,maker_limit,,0.04,filled,2026-08-10 18:00:02.163832,
513,67202,KXHIGHNY-26AUG10-T89,kalshi,KXHIGHNY-26AUG10-T89,weather,no,0.05,13.0155280710625,2026-08-10 18:04:51.703897,true,2026-08-10 18:09:34.894219,1,loss,-0.65,0.02,0.96,0.94,maker_limit,,0.05,filled,2026-08-10 18:04:51.70234,
514,67315,KXHIGHNY-26AUG10-T89,kalshi,KXHIGHNY-26AUG10-T89,weather,no,0.04,12.3322516675094,2026-08-10 18:20:00.163768,true,2026-08-10 18:24:50.886882,1,loss,-0.49,0.02,0.96,0.94,maker_limit,,0.04,filled,2026-08-10 18:20:00.162642,
515,67507,KXHIGHNY-26AUG10-T89,kalshi,KXHIGHNY-26AUG10-T89,weather,no,0.04,11.6911390841339,2026-08-10 18:44:51.132749,true,2026-08-10 18:49:35.057285,1,loss,-0.47,0.02,0.96,0.94,maker_limit,,0.04,filled,2026-08-10 18:44:51.131279,
516,67586,KXHIGHNY-26AUG10-T89,kalshi,KXHIGHNY-26AUG10-T89,weather,no,0.05,11.0830821299272,2026-08-10 18:54:51.265235,true,2026-08-10 18:59:35.39753,1,loss,-0.55,0.02,0.95,0.93,maker_limit,,0.05,filled,2026-08-10 18:54:51.263972,
517,67624,KXHIGHNY-26AUG10-T89,kalshi,KXHIGHNY-26AUG10-T89,weather,no,0.05,10.5014280234309,2026-08-10 18:59:52.132806,true,2026-08-10 19:04:33.978355,1,loss,-0.53,0.02,0.95,0.93,maker_limit,,0.05,filled,2026-08-10 18:59:52.131498,
518,67661,KXHIGHNY-26AUG10-T89,kalshi,KXHIGHNY-26AUG10-T89,weather,no,0.05,10,2026-08-10 19:04:55.173132,true,2026-08-10 19:09:34.730999,1,loss,-0.5,0.02,0.95,0.93,maker_limit,,0.05,filled,2026-08-10 19:04:55.171571,
519,67809,KXHIGHNY-26AUG10-T89,kalshi,KXHIGHNY-26AUG10-T89,weather,no,0.05,10,2026-08-10 19:25:00.648064,true,2026-08-10 19:29:35.15102,1,loss,-0.5,0.02,0.96,0.94,maker_limit,,0.05,filled,2026-08-10 19:25:00.646579,
520,67846,KXHIGHNY-26AUG10-T89,kalshi,KXHIGHNY-26AUG10-T89,weather,no,0.05,10,2026-08-10 19:29:51.811984,true,2026-08-10 19:34:34.441406,1,loss,-0.5,0.02,0.96,0.94,maker_limit,,0.05,filled,2026-08-10 19:29:51.810723,
521,67883,KXHIGHNY-26AUG10-T89,kalshi,KXHIGHNY-26AUG10-T89,weather,no,0.05,10,2026-08-10 19:34:51.642154,true,2026-08-10 19:39:34.77285,1,loss,-0.5,0.02,0.96,0.94,maker_limit,,0.05,filled,2026-08-10 19:34:51.640629,
522,67921,KXHIGHNY-26AUG10-T89,kalshi,KXHIGHNY-26AUG10-T89,weather,no,0.05,10,2026-08-10 19:40:01.719667,true,2026-08-10 19:44:34.721762,1,loss,-0.5,0.02,0.96,0.94,maker_limit,,0.05,filled,2026-08-10 19:40:01.718031,
523,67959,KXHIGHNY-26AUG10-B89.5,kalshi,KXHIGHNY-26AUG10-B89.5,weather,yes,0.03,10,2026-08-10 19:44:51.507455,true,2026-08-10 19:49:34.854984,0,loss,-0.3,0.98,0.04,0.94,maker_limit,,0.03,filled,2026-08-10 19:44:51.506345,
524,67997,KXHIGHNY-26AUG10-T89,kalshi,KXHIGHNY-26AUG10-T89,weather,no,0.04,10,2026-08-10 19:49:51.504823,true,2026-08-10 19:54:34.152969,1,loss,-0.4,0.02,0.97,0.95,maker_limit,,0.04,filled,2026-08-10 19:49:51.503667,
525,67998,KXHIGHNY-26AUG10-B89.5,kalshi,KXHIGHNY-26AUG10-B89.5,weather,yes,0.03,10,2026-08-10 19:49:52.01734,true,2026-08-10 19:54:34.330829,0,loss,-0.3,0.98,0.04,0.94,maker_limit,,0.03,filled,2026-08-10 19:49:51.761181,
526,68035,KXHIGHNY-26AUG10-B89.5,kalshi,KXHIGHNY-26AUG10-B89.5,weather,yes,0.01,10,2026-08-10 19:55:01.612648,true,2026-08-10 19:59:35.215333,0,loss,-0.1,0.98,0.02,0.96,maker_limit,,0.01,filled,2026-08-10 19:55:01.610983,
527,68071,KXHIGHMIA-26AUG10-B92.5,kalshi,KXHIGHMIA-26AUG10-B92.5,weather,no,0.02,10,2026-08-10 19:59:51.18536,true,2026-08-11 11:12:24.708173,1,loss,-0.2,0.02,0.98,0.96,maker_limit,,0.02,filled,2026-08-10 19:59:51.184469,
528,68140,KXHIGHNY-26AUG10-T89,kalshi,KXHIGHNY-26AUG10-T89,weather,no,0.02,10,2026-08-10 20:09:49.42932,true,2026-08-10 20:14:34.917792,1,loss,-0.2,0.02,0.98,0.96,maker_limit,,0.02,filled,2026-08-10 20:09:49.427713,
529,68468,KXHIGHDEN-26AUG10-T99,kalshi,KXHIGHDEN-26AUG10-T99,weather,yes,0.01,10,2026-08-10 20:59:49.635775,true,2026-08-10 21:04:34.314963,1,win,9.9,0.98,0.02,0.96,maker_limit,,0.01,filled,2026-08-10 20:59:49.634255,
530,68836,KXHIGHLAX-26AUG10-B80.5,kalshi,KXHIGHLAX-26AUG10-B80.5,weather,yes,0.01,10,2026-08-10 21:59:47.528654,true,2026-08-11 11:12:24.424706,0,loss,-0.1,0.98,0.02,0.96,maker_limit,,0.01,filled,2026-08-10 21:59:47.527017,
531,68895,KXHIGHTBOS-26AUG10-T86,kalshi,KXHIGHTBOS-26AUG10-T86,weather,no,0.03,10,2026-08-10 22:09:48.494989,true,2026-08-11 11:12:24.963026,1,loss,-0.3,0.02,0.98,0.96,maker_limit,,0.03,filled,2026-08-10 22:09:48.494724,
532,69620,KXHIGHMIA-26AUG11-T95,kalshi,KXHIGHMIA-26AUG11-T95,weather,yes,0.02,10,2026-08-11 00:27:35.505882,true,2026-08-11 00:32:29.157774,1,win,9.8,0.98,0.03,0.95,maker_limit,,0.02,filled,2026-08-11 00:27:35.50285,
533,69621,KXHIGHTBOS-26AUG11-T92,kalshi,KXHIGHTBOS-26AUG11-T92,weather,yes,0.02,10,2026-08-11 00:27:36.131737,true,2026-08-11 00:32:29.320869,1,win,9.8,0.98,0.03,0.95,maker_limit,,0.02,filled,2026-08-11 00:27:35.8832,
534,69643,KXHIGHMIA-26AUG11-T95,kalshi,KXHIGHMIA-26AUG11-T95,weather,yes,0.02,10,2026-08-11 00:32:40.119483,true,2026-08-11 00:37:24.444901,1,win,9.8,0.98,0.03,0.95,maker_limit,,0.02,filled,2026-08-11 00:32:40.11843,
535,69644,KXHIGHTBOS-26AUG11-T92,kalshi,KXHIGHTBOS-26AUG11-T92,weather,yes,0.02,10,2026-08-11 00:32:40.617838,true,2026-08-11 00:37:24.600955,1,win,9.8,0.98,0.03,0.95,maker_limit,,0.02,filled,2026-08-11 00:32:40.369686,
536,69666,KXHIGHMIA-26AUG11-T95,kalshi,KXHIGHMIA-26AUG11-T95,weather,yes,0.02,10,2026-08-11 00:37:36.547303,true,2026-08-11 00:42:37.742056,1,win,9.8,0.98,0.03,0.95,maker_limit,,0.02,filled,2026-08-11 00:37:36.546084,
537,69667,KXHIGHTBOS-26AUG11-T92,kalshi,KXHIGHTBOS-26AUG11-T92,weather,yes,0.02,10,2026-08-11 00:37:37.061408,true,2026-08-11 00:42:37.902823,1,win,9.8,0.98,0.03,0.95,maker_limit,,0.02,filled,2026-08-11 00:37:36.796318,
538,69712,KXHIGHMIA-26AUG11-T95,kalshi,KXHIGHMIA-26AUG11-T95,weather,yes,0.02,10,2026-08-11 00:47:37.382254,true,2026-08-11 00:52:32.534007,1,win,9.8,0.98,0.03,0.95,maker_limit,,0.02,filled,2026-08-11 00:47:37.380797,
539,69713,KXHIGHTBOS-26AUG11-T92,kalshi,KXHIGHTBOS-26AUG11-T92,weather,yes,0.02,10,2026-08-11 00:47:37.86618,true,2026-08-11 00:52:32.701748,1,win,9.8,0.98,0.03,0.95,maker_limit,,0.02,filled,2026-08-11 00:47:37.632094,
540,69734,KXHIGHMIA-26AUG11-T95,kalshi,KXHIGHMIA-26AUG11-T95,weather,yes,0.01,10,2026-08-11 00:52:38.283825,true,2026-08-11 00:57:24.612105,1,win,9.9,0.98,0.02,0.96,maker_limit,,0.01,filled,2026-08-11 00:52:38.282106,
541,69736,KXHIGHTBOS-26AUG11-T92,kalshi,KXHIGHTBOS-26AUG11-T92,weather,yes,0.02,10,2026-08-11 00:52:38.875075,true,2026-08-11 00:57:24.768092,1,win,9.8,0.98,0.03,0.95,maker_limit,,0.02,filled,2026-08-11 00:52:38.624087,
542,69757,KXHIGHMIA-26AUG11-T95,kalshi,KXHIGHMIA-26AUG11-T95,weather,yes,0.01,10,2026-08-11 00:57:36.304204,true,2026-08-11 01:02:37.589769,1,win,9.9,0.98,0.02,0.96,maker_limit,,0.01,filled,2026-08-11 00:57:36.3028,
543,69759,KXHIGHTBOS-26AUG11-T92,kalshi,KXHIGHTBOS-26AUG11-T92,weather,yes,0.02,10,2026-08-11 00:57:36.885338,true,2026-08-11 01:02:37.75508,1,win,9.8,0.98,0.03,0.95,maker_limit,,0.02,filled,2026-08-11 00:57:36.636985,
544,69803,KXHIGHMIA-26AUG11-T95,kalshi,KXHIGHMIA-26AUG11-T95,weather,yes,0.01,10,2026-08-11 01:07:37.186836,true,2026-08-11 01:12:38.386468,1,win,9.9,0.98,0.02,0.96,maker_limit,,0.01,filled,2026-08-11 01:07:37.185105,
545,69805,KXHIGHTBOS-26AUG11-T92,kalshi,KXHIGHTBOS-26AUG11-T92,weather,yes,0.02,10,2026-08-11 01:07:37.76466,true,2026-08-11 01:12:38.548399,1,win,9.8,0.98,0.03,0.95,maker_limit,,0.02,filled,2026-08-11 01:07:37.515926,
546,69849,KXHIGHMIA-26AUG11-T95,kalshi,KXHIGHMIA-26AUG11-T95,weather,yes,0.01,10,2026-08-11 01:17:37.159062,true,2026-08-11 01:22:32.947134,1,win,9.9,0.98,0.02,0.96,maker_limit,,0.01,filled,2026-08-11 01:17:37.157458,
547,69851,KXHIGHTBOS-26AUG11-T92,kalshi,KXHIGHTBOS-26AUG11-T92,weather,yes,0.02,10,2026-08-11 01:17:37.735534,true,2026-08-11 01:22:33.109288,1,win,9.8,0.98,0.03,0.95,maker_limit,,0.02,filled,2026-08-11 01:17:37.499983,
548,69872,KXHIGHMIA-26AUG11-T95,kalshi,KXHIGHMIA-26AUG11-T95,weather,yes,0.01,10,2026-08-11 01:22:38.763472,true,2026-08-11 01:27:23.767912,1,win,9.9,0.98,0.02,0.96,maker_limit,,0.01,filled,2026-08-11 01:22:38.761778,
549,69873,KXHIGHDEN-26AUG11-T100,kalshi,KXHIGHDEN-26AUG11-T100,weather,yes,0.01,10,2026-08-11 01:22:39.247363,true,2026-08-11 01:27:23.929485,1,win,9.9,0.98,0.02,0.96,maker_limit,,0.01,filled,2026-08-11 01:22:39.013876,
550,69874,KXHIGHTBOS-26AUG11-T92,kalshi,KXHIGHTBOS-26AUG11-T92,weather,yes,0.02,10,2026-08-11 01:22:39.73938,true,2026-08-11 01:27:24.092363,1,win,9.8,0.98,0.03,0.95,maker_limit,,0.02,filled,2026-08-11 01:22:39.496352,
551,69895,KXHIGHMIA-26AUG11-T95,kalshi,KXHIGHMIA-26AUG11-T95,weather,yes,0.01,10.6003566222593,2026-08-11 01:27:36.628509,true,2026-08-11 01:32:27.684697,1,win,10.49,0.98,0.02,0.96,maker_limit,,0.01,filled,2026-08-11 01:27:36.62691,
552,69896,KXHIGHDEN-26AUG11-T100,kalshi,KXHIGHDEN-26AUG11-T100,weather,yes,0.01,10.6003566222593,2026-08-11 01:27:37.131319,true,2026-08-11 01:32:27.844731,1,win,10.49,0.98,0.02,0.96,maker_limit,,0.01,filled,2026-08-11 01:27:36.884231,
553,69897,KXHIGHTBOS-26AUG11-T92,kalshi,KXHIGHTBOS-26AUG11-T92,weather,yes,0.02,10.6003566222593,2026-08-11 01:27:37.625924,true,2026-08-11 01:32:28.006422,1,win,10.39,0.98,0.03,0.95,maker_limit,,0.02,filled,2026-08-11 01:27:37.381063,
554,69918,KXHIGHMIA-26AUG11-T95,kalshi,KXHIGHMIA-26AUG11-T95,weather,yes,0.01,10.5788031289204,2026-08-11 01:32:38.437493,true,2026-08-11 01:37:23.760021,1,win,10.47,0.98,0.02,0.96,maker_limit,,0.01,filled,2026-08-11 01:32:38.436005,
555,69919,KXHIGHDEN-26AUG11-T100,kalshi,KXHIGHDEN-26AUG11-T100,weather,yes,0.01,10.5788031289204,2026-08-11 01:32:38.935624,true,2026-08-11 01:37:23.922714,1,win,10.47,0.98,0.02,0.96,maker_limit,,0.01,filled,2026-08-11 01:32:38.687588,
556,69920,KXHIGHTBOS-26AUG11-T92,kalshi,KXHIGHTBOS-26AUG11-T92,weather,yes,0.02,10.5788031289204,2026-08-11 01:32:39.431136,true,2026-08-11 01:37:24.083652,1,win,10.37,0.98,0.03,0.95,maker_limit,,0.02,filled,2026-08-11 01:32:39.188002,
557,69941,KXHIGHMIA-26AUG11-T95,kalshi,KXHIGHMIA-26AUG11-T95,weather,yes,0.01,10.5574826595823,2026-08-11 01:37:38.192119,true,2026-08-11 01:42:37.955265,1,win,10.45,0.98,0.02,0.96,maker_limit,,0.01,filled,2026-08-11 01:37:38.190628,
558,69942,KXHIGHDEN-26AUG11-T100,kalshi,KXHIGHDEN-26AUG11-T100,weather,yes,0.01,10.5574826595823,2026-08-11 01:37:38.709734,true,2026-08-11 01:42:38.121872,1,win,10.45,0.98,0.02,0.96,maker_limit,,0.01,filled,2026-08-11 01:37:38.466607,
559,69943,KXHIGHTBOS-26AUG11-T92,kalshi,KXHIGHTBOS-26AUG11-T92,weather,yes,0.02,10.5574826595823,2026-08-11 01:37:39.191243,true,2026-08-11 01:42:38.287787,1,win,10.35,0.98,0.03,0.95,maker_limit,,0.02,filled,2026-08-11 01:37:38.95133,
560,69987,KXHIGHMIA-26AUG11-T95,kalshi,KXHIGHMIA-26AUG11-T95,weather,yes,0.01,10.536360260645,2026-08-11 01:47:36.567966,true,2026-08-11 01:52:30.111053,1,win,10.43,0.98,0.02,0.96,maker_limit,,0.01,filled,2026-08-11 01:47:36.566519,
561,69988,KXHIGHDEN-26AUG11-T100,kalshi,KXHIGHDEN-26AUG11-T100,weather,yes,0.01,10.536360260645,2026-08-11 01:47:37.070367,true,2026-08-11 01:52:30.281607,1,win,10.43,0.98,0.02,0.96,maker_limit,,0.01,filled,2026-08-11 01:47:36.822297,
562,69989,KXHIGHTBOS-26AUG11-T92,kalshi,KXHIGHTBOS-26AUG11-T92,weather,yes,0.02,10.536360260645,2026-08-11 01:47:37.561763,true,2026-08-11 01:52:30.452153,1,win,10.33,0.98,0.03,0.95,maker_limit,,0.02,filled,2026-08-11 01:47:37.318269,
563,70010,KXHIGHMIA-26AUG11-T95,kalshi,KXHIGHMIA-26AUG11-T95,weather,yes,0.01,10,2026-08-11 01:52:39.058289,true,2026-08-11 01:57:25.872678,1,win,9.9,0.98,0.02,0.96,maker_limit,,0.01,filled,2026-08-11 01:52:39.056739,
564,70011,KXHIGHDEN-26AUG11-T100,kalshi,KXHIGHDEN-26AUG11-T100,weather,yes,0.01,10.5154062215483,2026-08-11 01:52:39.543571,true,2026-08-11 01:57:26.039938,1,win,10.41,0.98,0.02,0.96,maker_limit,,0.01,filled,2026-08-11 01:52:39.301545,
565,70012,KXHIGHTBOS-26AUG11-T92,kalshi,KXHIGHTBOS-26AUG11-T92,weather,yes,0.03,10.5154062215483,2026-08-11 01:52:40.054157,true,2026-08-11 01:57:26.197142,1,win,10.2,0.98,0.04,0.94,maker_limit,,0.03,filled,2026-08-11 01:52:39.801936,
566,70033,KXHIGHMIA-26AUG11-T95,kalshi,KXHIGHMIA-26AUG11-T95,weather,yes,0.01,10.4893655993934,2026-08-11 01:57:36.486388,true,2026-08-11 02:02:35.429475,1,win,10.38,0.98,0.02,0.96,maker_limit,,0.01,filled,2026-08-11 01:57:36.485197,
567,70034,KXHIGHDEN-26AUG11-T100,kalshi,KXHIGHDEN-26AUG11-T100,weather,yes,0.01,10.4893655993934,2026-08-11 01:57:36.973853,true,2026-08-11 02:02:35.598006,1,win,10.38,0.98,0.02,0.96,maker_limit,,0.01,filled,2026-08-11 01:57:36.733655,
568,70035,KXHIGHTBOS-26AUG11-T92,kalshi,KXHIGHTBOS-26AUG11-T92,weather,yes,0.03,10.4893655993934,2026-08-11 01:57:37.461522,true,2026-08-11 02:02:35.765548,1,win,10.17,0.98,0.04,0.94,maker_limit,,0.03,filled,2026-08-11 01:57:37.21727,
569,70077,KXHIGHDEN-26AUG11-T100,kalshi,KXHIGHDEN-26AUG11-T100,weather,yes,0.01,10.4624607594844,2026-08-11 02:07:38.259589,true,2026-08-11 02:12:36.761974,1,win,10.36,0.98,0.02,0.96,maker_limit,,0.01,filled,2026-08-11 02:07:38.258244,
570,70078,KXHIGHTBOS-26AUG11-T92,kalshi,KXHIGHTBOS-26AUG11-T92,weather,yes,0.03,10.4624607594844,2026-08-11 02:07:38.753656,true,2026-08-11 02:12:36.923852,1,win,10.15,0.98,0.04,0.94,maker_limit,,0.03,filled,2026-08-11 02:07:38.506011,
571,70079,KXHIGHDEN-26AUG11-B93.5,kalshi,KXHIGHDEN-26AUG11-B93.5,weather,yes,0.05,10.4624607594844,2026-08-11 02:07:39.245254,true,2026-08-11 02:12:37.092638,0,loss,-0.52,0.98,0.06,0.92,maker_limit,,0.05,filled,2026-08-11 02:07:39.002174,
572,70119,KXHIGHDEN-26AUG11-T100,kalshi,KXHIGHDEN-26AUG11-T100,weather,yes,0.01,10,2026-08-11 02:17:34.7741,true,2026-08-11 02:22:29.769214,1,win,9.9,0.98,0.02,0.96,maker_limit,,0.01,filled,2026-08-11 02:17:34.772893,
573,70120,KXHIGHTBOS-26AUG11-T92,kalshi,KXHIGHTBOS-26AUG11-T92,weather,yes,0.03,10,2026-08-11 02:17:35.288008,true,2026-08-11 02:22:29.43808,1,win,9.7,0.98,0.04,0.94,maker_limit,,0.03,filled,2026-08-11 02:17:35.039846,
574,70121,KXHIGHDEN-26AUG11-B93.5,kalshi,KXHIGHDEN-26AUG11-B93.5,weather,yes,0.05,10,2026-08-11 02:17:35.801196,true,2026-08-11 02:22:29.604289,0,loss,-0.5,0.98,0.06,0.92,maker_limit,,0.05,filled,2026-08-11 02:17:35.54566,
575,70140,KXHIGHDEN-26AUG11-T100,kalshi,KXHIGHDEN-26AUG11-T100,weather,yes,0.01,10,2026-08-11 02:22:39.80556,true,2026-08-11 02:27:23.774198,1,win,9.9,0.98,0.02,0.96,maker_limit,,0.01,filled,2026-08-11 02:22:39.804485,
576,70141,KXHIGHTBOS-26AUG11-T92,kalshi,KXHIGHTBOS-26AUG11-T92,weather,yes,0.03,10,2026-08-11 02:22:40.317968,true,2026-08-11 02:27:23.939073,1,win,9.7,0.98,0.04,0.94,maker_limit,,0.03,filled,2026-08-11 02:22:40.068379,
577,70142,KXHIGHDEN-26AUG11-B93.5,kalshi,KXHIGHDEN-26AUG11-B93.5,weather,yes,0.05,10,2026-08-11 02:22:40.83381,true,2026-08-11 02:27:24.105067,0,loss,-0.5,0.98,0.06,0.92,maker_limit,,0.05,filled,2026-08-11 02:22:40.574884,
578,70161,KXHIGHDEN-26AUG11-T100,kalshi,KXHIGHDEN-26AUG11-T100,weather,yes,0.01,10,2026-08-11 02:27:35.966505,true,2026-08-11 02:32:36.386217,1,win,9.9,0.98,0.02,0.96,maker_limit,,0.01,filled,2026-08-11 02:27:35.964888,
579,70162,KXHIGHTBOS-26AUG11-T92,kalshi,KXHIGHTBOS-26AUG11-T92,weather,yes,0.03,10,2026-08-11 02:27:36.490086,true,2026-08-11 02:32:36.548324,1,win,9.7,0.98,0.04,0.94,maker_limit,,0.03,filled,2026-08-11 02:27:36.235153,
580,70163,KXHIGHDEN-26AUG11-B93.5,kalshi,KXHIGHDEN-26AUG11-B93.5,weather,yes,0.05,10,2026-08-11 02:27:37.000731,true,2026-08-11 02:32:36.714787,0,loss,-0.5,0.98,0.06,0.92,maker_limit,,0.05,filled,2026-08-11 02:27:36.745329,
581,70203,KXHIGHDEN-26AUG11-T100,kalshi,KXHIGHDEN-26AUG11-T100,weather,yes,0.01,10,2026-08-11 02:37:36.608209,true,2026-08-11 02:42:30.755302,1,win,9.9,0.98,0.02,0.96,maker_limit,,0.01,filled,2026-08-11 02:37:36.607184,
582,70204,KXHIGHTBOS-26AUG11-T92,kalshi,KXHIGHTBOS-26AUG11-T92,weather,yes,0.02,10,2026-08-11 02:37:37.131407,true,2026-08-11 02:42:30.919451,1,win,9.8,0.98,0.03,0.95,maker_limit,,0.02,filled,2026-08-11 02:37:36.870848,
583,70205,KXHIGHDEN-26AUG11-B93.5,kalshi,KXHIGHDEN-26AUG11-B93.5,weather,yes,0.05,10,2026-08-11 02:37:37.642094,true,2026-08-11 02:42:31.084461,0,loss,-0.5,0.98,0.06,0.92,maker_limit,,0.05,filled,2026-08-11 02:37:37.387556,
584,70224,KXHIGHDEN-26AUG11-T100,kalshi,KXHIGHDEN-26AUG11-T100,weather,yes,0.01,10,2026-08-11 02:42:38.885873,true,2026-08-11 02:47:23.785925,1,win,9.9,0.98,0.02,0.96,maker_limit,,0.01,filled,2026-08-11 02:42:38.884974,
585,70225,KXHIGHTBOS-26AUG11-T92,kalshi,KXHIGHTBOS-26AUG11-T92,weather,yes,0.02,10,2026-08-11 02:42:39.386795,true,2026-08-11 02:47:23.956238,1,win,9.8,0.98,0.03,0.95,maker_limit,,0.02,filled,2026-08-11 02:42:39.147307,
586,70226,KXHIGHDEN-26AUG11-B93.5,kalshi,KXHIGHDEN-26AUG11-B93.5,weather,yes,0.05,10,2026-08-11 02:42:39.864751,true,2026-08-11 02:47:24.126312,0,loss,-0.5,0.98,0.06,0.92,maker_limit,,0.05,filled,2026-08-11 02:42:39.62616,
587,70245,KXHIGHDEN-26AUG11-T100,kalshi,KXHIGHDEN-26AUG11-T100,weather,yes,0.01,10,2026-08-11 02:47:36.03417,true,2026-08-11 02:52:27.851633,1,win,9.9,0.98,0.02,0.96,maker_limit,,0.01,filled,2026-08-11 02:47:36.032671,
588,70246,KXHIGHTBOS-26AUG11-T92,kalshi,KXHIGHTBOS-26AUG11-T92,weather,yes,0.02,10,2026-08-11 02:47:36.522276,true,2026-08-11 02:52:28.021143,1,win,9.8,0.98,0.03,0.95,maker_limit,,0.02,filled,2026-08-11 02:47:36.287253,
589,70247,KXHIGHDEN-26AUG11-B93.5,kalshi,KXHIGHDEN-26AUG11-B93.5,weather,yes,0.05,10,2026-08-11 02:47:37.017844,true,2026-08-11 02:52:28.196445,0,loss,-0.5,0.98,0.06,0.92,maker_limit,,0.05,filled,2026-08-11 02:47:36.769779,
590,70266,KXHIGHDEN-26AUG11-T100,kalshi,KXHIGHDEN-26AUG11-T100,weather,yes,0.01,10,2026-08-11 02:52:38.168073,true,2026-08-11 02:57:23.777982,1,win,9.9,0.98,0.02,0.96,maker_limit,,0.01,filled,2026-08-11 02:52:38.166356,
591,70267,KXHIGHTBOS-26AUG11-T92,kalshi,KXHIGHTBOS-26AUG11-T92,weather,yes,0.02,10,2026-08-11 02:52:38.677625,true,2026-08-11 02:57:23.948195,1,win,9.8,0.98,0.03,0.95,maker_limit,,0.02,filled,2026-08-11 02:52:38.429141,
592,70268,KXHIGHDEN-26AUG11-B93.5,kalshi,KXHIGHDEN-26AUG11-B93.5,weather,yes,0.05,10,2026-08-11 02:52:39.270727,true,2026-08-11 02:57:24.115306,0,loss,-0.5,0.98,0.06,0.92,maker_limit,,0.05,filled,2026-08-11 02:52:38.946153,
593,70287,KXHIGHDEN-26AUG11-T100,kalshi,KXHIGHDEN-26AUG11-T100,weather,yes,0.01,10,2026-08-11 02:57:37.540303,true,2026-08-11 03:02:36.217272,1,win,9.9,0.98,0.02,0.96,maker_limit,,0.01,filled,2026-08-11 02:57:37.539173,
594,70288,KXHIGHTBOS-26AUG11-T92,kalshi,KXHIGHTBOS-26AUG11-T92,weather,yes,0.02,10,2026-08-11 02:57:38.036909,true,2026-08-11 03:02:36.387594,1,win,9.8,0.98,0.03,0.95,maker_limit,,0.02,filled,2026-08-11 02:57:37.788855,
595,70289,KXHIGHDEN-26AUG11-B93.5,kalshi,KXHIGHDEN-26AUG11-B93.5,weather,yes,0.05,10,2026-08-11 02:57:38.534043,true,2026-08-11 03:02:36.552503,0,loss,-0.5,0.98,0.06,0.92,maker_limit,,0.05,filled,2026-08-11 02:57:38.285063,
596,70329,KXHIGHDEN-26AUG11-T100,kalshi,KXHIGHDEN-26AUG11-T100,weather,yes,0.01,10,2026-08-11 03:07:34.745847,true,2026-08-11 03:12:29.73073,1,win,9.9,0.98,0.02,0.96,maker_limit,,0.01,filled,2026-08-11 03:07:34.7448,
597,70330,KXHIGHTBOS-26AUG11-T92,kalshi,KXHIGHTBOS-26AUG11-T92,weather,yes,0.02,10,2026-08-11 03:07:35.228121,true,2026-08-11 03:12:29.902324,1,win,9.8,0.98,0.03,0.95,maker_limit,,0.02,filled,2026-08-11 03:07:34.993744,
598,70331,KXHIGHDEN-26AUG11-B93.5,kalshi,KXHIGHDEN-26AUG11-B93.5,weather,yes,0.05,10,2026-08-11 03:07:35.711359,true,2026-08-11 03:12:30.067487,0,loss,-0.5,0.98,0.06,0.92,maker_limit,,0.05,filled,2026-08-11 03:07:35.476286,
599,70350,KXHIGHDEN-26AUG11-T100,kalshi,KXHIGHDEN-26AUG11-T100,weather,yes,0.01,10,2026-08-11 03:12:40.339886,true,2026-08-11 03:17:23.784627,1,win,9.9,0.98,0.02,0.96,maker_limit,,0.01,filled,2026-08-11 03:12:40.338382,
600,70351,KXHIGHTBOS-26AUG11-T92,kalshi,KXHIGHTBOS-26AUG11-T92,weather,yes,0.02,10,2026-08-11 03:12:40.831864,true,2026-08-11 03:17:23.956644,1,win,9.8,0.98,0.03,0.95,maker_limit,,0.02,filled,2026-08-11 03:12:40.589598,
601,70352,KXHIGHDEN-26AUG11-B93.5,kalshi,KXHIGHDEN-26AUG11-B93.5,weather,yes,0.05,10,2026-08-11 03:12:41.355782,true,2026-08-11 03:17:24.122676,0,loss,-0.5,0.98,0.06,0.92,maker_limit,,0.05,filled,2026-08-11 03:12:41.109302,
602,70371,KXHIGHDEN-26AUG11-T100,kalshi,KXHIGHDEN-26AUG11-T100,weather,yes,0.01,10,2026-08-11 03:17:35.961166,true,2026-08-11 03:22:36.259413,1,win,9.9,0.98,0.02,0.96,maker_limit,,0.01,filled,2026-08-11 03:17:35.959968,
603,70372,KXHIGHTBOS-26AUG11-T92,kalshi,KXHIGHTBOS-26AUG11-T92,weather,yes,0.02,10,2026-08-11 03:17:36.454591,true,2026-08-11 03:22:36.420036,1,win,9.8,0.98,0.03,0.95,maker_limit,,0.02,filled,2026-08-11 03:17:36.208461,
604,70373,KXHIGHDEN-26AUG11-B93.5,kalshi,KXHIGHDEN-26AUG11-B93.5,weather,yes,0.05,10,2026-08-11 03:17:36.952116,true,2026-08-11 03:22:36.583857,0,loss,-0.5,0.98,0.06,0.92,maker_limit,,0.05,filled,2026-08-11 03:17:36.703002,
605,70413,KXHIGHDEN-26AUG11-T100,kalshi,KXHIGHDEN-26AUG11-T100,weather,yes,0.01,10,2026-08-11 03:27:34.831256,true,2026-08-11 03:32:29.047929,1,win,9.9,0.98,0.02,0.96,maker_limit,,0.01,filled,2026-08-11 03:27:34.829931,
606,70414,KXHIGHTBOS-26AUG11-T92,kalshi,KXHIGHTBOS-26AUG11-T92,weather,yes,0.02,10,2026-08-11 03:27:35.342652,true,2026-08-11 03:32:29.215314,1,win,9.8,0.98,0.03,0.95,maker_limit,,0.02,filled,2026-08-11 03:27:35.087502,
607,70415,KXHIGHDEN-26AUG11-B93.5,kalshi,KXHIGHDEN-26AUG11-B93.5,weather,yes,0.05,10,2026-08-11 03:27:35.838223,true,2026-08-11 03:32:29.378238,0,loss,-0.5,0.98,0.06,0.92,maker_limit,,0.05,filled,2026-08-11 03:27:35.590918,
608,70434,KXHIGHDEN-26AUG11-T100,kalshi,KXHIGHDEN-26AUG11-T100,weather,yes,0.01,10,2026-08-11 03:32:39.678107,true,2026-08-11 03:37:23.791049,1,win,9.9,0.98,0.02,0.96,maker_limit,,0.01,filled,2026-08-11 03:32:39.676702,
609,70435,KXHIGHTBOS-26AUG11-T92,kalshi,KXHIGHTBOS-26AUG11-T92,weather,yes,0.02,10,2026-08-11 03:32:40.182205,true,2026-08-11 03:37:23.961635,1,win,9.8,0.98,0.03,0.95,maker_limit,,0.02,filled,2026-08-11 03:32:39.93336,
610,70436,KXHIGHDEN-26AUG11-B93.5,kalshi,KXHIGHDEN-26AUG11-B93.5,weather,yes,0.05,10,2026-08-11 03:32:40.677978,true,2026-08-11 03:37:24.129728,0,loss,-0.5,0.98,0.06,0.92,maker_limit,,0.05,filled,2026-08-11 03:32:40.429879,
611,70455,KXHIGHDEN-26AUG11-T100,kalshi,KXHIGHDEN-26AUG11-T100,weather,yes,0.01,10,2026-08-11 03:37:35.960531,true,2026-08-11 03:42:36.285756,1,win,9.9,0.98,0.02,0.96,maker_limit,,0.01,filled,2026-08-11 03:37:35.959293,
612,70456,KXHIGHTBOS-26AUG11-T92,kalshi,KXHIGHTBOS-26AUG11-T92,weather,yes,0.02,10,2026-08-11 03:37:36.467976,true,2026-08-11 03:42:36.454106,1,win,9.8,0.98,0.03,0.95,maker_limit,,0.02,filled,2026-08-11 03:37:36.221402,
613,70457,KXHIGHDEN-26AUG11-B93.5,kalshi,KXHIGHDEN-26AUG11-B93.5,weather,yes,0.05,10,2026-08-11 03:37:36.966982,true,2026-08-11 03:42:36.626222,0,loss,-0.5,0.98,0.06,0.92,maker_limit,,0.05,filled,2026-08-11 03:37:36.71795,
614,70497,KXHIGHDEN-26AUG11-T100,kalshi,KXHIGHDEN-26AUG11-T100,weather,yes,0.01,10,2026-08-11 03:47:36.517582,true,2026-08-11 03:52:30.422167,1,win,9.9,0.98,0.02,0.96,maker_limit,,0.01,filled,2026-08-11 03:47:36.516019,
615,70498,KXHIGHTBOS-26AUG11-T92,kalshi,KXHIGHTBOS-26AUG11-T92,weather,yes,0.02,10,2026-08-11 03:47:37.003061,true,2026-08-11 03:52:30.583508,1,win,9.8,0.98,0.03,0.95,maker_limit,,0.02,filled,2026-08-11 03:47:36.766429,
616,70499,KXHIGHDEN-26AUG11-B93.5,kalshi,KXHIGHDEN-26AUG11-B93.5,weather,yes,0.05,10,2026-08-11 03:47:37.492797,true,2026-08-11 03:52:30.749904,0,loss,-0.5,0.98,0.06,0.92,maker_limit,,0.05,filled,2026-08-11 03:47:37.244871,
617,70518,KXHIGHDEN-26AUG11-T100,kalshi,KXHIGHDEN-26AUG11-T100,weather,yes,0.01,10,2026-08-11 03:52:37.828997,true,2026-08-11 03:57:23.76611,1,win,9.9,0.98,0.02,0.96,maker_limit,,0.01,filled,2026-08-11 03:52:37.827343,
618,70519,KXHIGHTBOS-26AUG11-T92,kalshi,KXHIGHTBOS-26AUG11-T92,weather,yes,0.02,10,2026-08-11 03:52:38.33105,true,2026-08-11 03:57:23.93023,1,win,9.8,0.98,0.03,0.95,maker_limit,,0.02,filled,2026-08-11 03:52:38.082616,
619,70520,KXHIGHDEN-26AUG11-B93.5,kalshi,KXHIGHDEN-26AUG11-B93.5,weather,yes,0.05,10,2026-08-11 03:52:38.845286,true,2026-08-11 03:57:24.093043,0,loss,-0.5,0.98,0.06,0.92,maker_limit,,0.05,filled,2026-08-11 03:52:38.601435,
620,70539,KXHIGHDEN-26AUG11-T100,kalshi,KXHIGHDEN-26AUG11-T100,weather,yes,0.01,10,2026-08-11 03:57:35.308261,true,2026-08-11 04:02:27.610948,1,win,9.9,0.98,0.02,0.96,maker_limit,,0.01,filled,2026-08-11 03:57:35.306722,
621,70540,KXHIGHTBOS-26AUG11-T92,kalshi,KXHIGHTBOS-26AUG11-T92,weather,yes,0.02,10,2026-08-11 03:57:35.801389,true,2026-08-11 04:02:27.783211,1,win,9.8,0.98,0.03,0.95,maker_limit,,0.02,filled,2026-08-11 03:57:35.552987,
622,70559,KXHIGHDEN-26AUG11-T100,kalshi,KXHIGHDEN-26AUG11-T100,weather,yes,0.01,10,2026-08-11 04:02:38.90421,true,2026-08-11 04:07:23.77926,1,win,9.9,0.98,0.02,0.96,maker_limit,,0.01,filled,2026-08-11 04:02:38.902839,
623,70560,KXHIGHTBOS-26AUG11-T92,kalshi,KXHIGHTBOS-26AUG11-T92,weather,yes,0.02,10,2026-08-11 04:02:39.413075,true,2026-08-11 04:07:23.944947,1,win,9.8,0.98,0.03,0.95,maker_limit,,0.02,filled,2026-08-11 04:02:39.16603,
624,70580,KXHIGHDEN-26AUG11-T100,kalshi,KXHIGHDEN-26AUG11-T100,weather,yes,0.01,10,2026-08-11 04:07:38.694148,true,2026-08-11 04:12:36.075073,1,win,9.9,0.98,0.02,0.96,maker_limit,,0.01,filled,2026-08-11 04:07:38.692492,
625,70581,KXHIGHTBOS-26AUG11-T92,kalshi,KXHIGHTBOS-26AUG11-T92,weather,yes,0.02,10,2026-08-11 04:07:39.187834,true,2026-08-11 04:12:36.243419,1,win,9.8,0.98,0.03,0.95,maker_limit,,0.02,filled,2026-08-11 04:07:38.935801,
626,70622,KXHIGHDEN-26AUG11-T100,kalshi,KXHIGHDEN-26AUG11-T100,weather,yes,0.01,10,2026-08-11 04:17:34.341566,true,2026-08-11 04:22:28.094161,1,win,9.9,0.98,0.02,0.96,maker_limit,,0.01,filled,2026-08-11 04:17:34.341179,
627,70623,KXHIGHTBOS-26AUG11-T92,kalshi,KXHIGHTBOS-26AUG11-T92,weather,yes,0.02,10,2026-08-11 04:17:34.849426,true,2026-08-11 04:22:28.254421,1,win,9.8,0.98,0.03,0.95,maker_limit,,0.02,filled,2026-08-11 04:17:34.598174,
628,70643,KXHIGHDEN-26AUG11-T100,kalshi,KXHIGHDEN-26AUG11-T100,weather,yes,0.01,10,2026-08-11 04:22:42.333977,true,2026-08-11 04:27:23.758445,1,win,9.9,0.98,0.02,0.96,maker_limit,,0.01,filled,2026-08-11 04:22:42.332333,
629,70644,KXHIGHTBOS-26AUG11-T92,kalshi,KXHIGHTBOS-26AUG11-T92,weather,yes,0.02,10,2026-08-11 04:22:42.842306,true,2026-08-11 04:27:23.938467,1,win,9.8,0.98,0.03,0.95,maker_limit,,0.02,filled,2026-08-11 04:22:42.594172,
630,70664,KXHIGHDEN-26AUG11-T100,kalshi,KXHIGHDEN-26AUG11-T100,weather,yes,0.01,10,2026-08-11 04:27:35.119772,true,2026-08-11 04:32:36.02507,1,win,9.9,0.98,0.02,0.96,maker_limit,,0.01,filled,2026-08-11 04:27:35.118154,
631,70665,KXHIGHTBOS-26AUG11-T92,kalshi,KXHIGHTBOS-26AUG11-T92,weather,yes,0.02,10,2026-08-11 04:27:35.609345,true,2026-08-11 04:32:36.193535,1,win,9.8,0.98,0.03,0.95,maker_limit,,0.02,filled,2026-08-11 04:27:35.368463,
632,70706,KXHIGHDEN-26AUG11-T100,kalshi,KXHIGHDEN-26AUG11-T100,weather,yes,0.01,10,2026-08-11 04:37:36.676614,true,2026-08-11 04:42:28.754918,1,win,9.9,0.98,0.02,0.96,maker_limit,,0.01,filled,2026-08-11 04:37:36.675023,
633,70707,KXHIGHTBOS-26AUG11-T92,kalshi,KXHIGHTBOS-26AUG11-T92,weather,yes,0.02,10,2026-08-11 04:37:37.177511,true,2026-08-11 04:42:28.917452,1,win,9.8,0.98,0.03,0.95,maker_limit,,0.02,filled,2026-08-11 04:37:36.93155,
634,70728,KXHIGHDEN-26AUG11-T100,kalshi,KXHIGHDEN-26AUG11-T100,weather,yes,0.01,10,2026-08-11 04:42:40.653208,true,2026-08-11 04:47:23.777605,1,win,9.9,0.98,0.02,0.96,maker_limit,,0.01,filled,2026-08-11 04:42:40.651567,
635,70729,KXHIGHTBOS-26AUG11-T92,kalshi,KXHIGHTBOS-26AUG11-T92,weather,yes,0.02,10,2026-08-11 04:42:41.143006,true,2026-08-11 04:47:23.942719,1,win,9.8,0.98,0.03,0.95,maker_limit,,0.02,filled,2026-08-11 04:42:40.906919,
636,70750,KXHIGHDEN-26AUG11-T100,kalshi,KXHIGHDEN-26AUG11-T100,weather,yes,0.01,10,2026-08-11 04:47:35.344992,true,2026-08-11 04:52:27.660266,1,win,9.9,0.98,0.02,0.96,maker_limit,,0.01,filled,2026-08-11 04:47:35.34381,
637,70751,KXHIGHTBOS-26AUG11-T92,kalshi,KXHIGHTBOS-26AUG11-T92,weather,yes,0.02,10,2026-08-11 04:47:35.843743,true,2026-08-11 04:52:27.824349,1,win,9.8,0.98,0.03,0.95,maker_limit,,0.02,filled,2026-08-11 04:47:35.597832,
638,70772,KXHIGHDEN-26AUG11-T100,kalshi,KXHIGHDEN-26AUG11-T100,weather,yes,0.01,10,2026-08-11 04:52:38.180633,true,2026-08-11 04:57:24.610343,1,win,9.9,0.98,0.02,0.96,maker_limit,,0.01,filled,2026-08-11 04:52:38.17895,
639,70773,KXHIGHTBOS-26AUG11-T92,kalshi,KXHIGHTBOS-26AUG11-T92,weather,yes,0.02,10,2026-08-11 04:52:38.678536,true,2026-08-11 04:57:24.767137,1,win,9.8,0.98,0.03,0.95,maker_limit,,0.02,filled,2026-08-11 04:52:38.434255,
640,70794,KXHIGHDEN-26AUG11-T100,kalshi,KXHIGHDEN-26AUG11-T100,weather,yes,0.01,10,2026-08-11 04:57:36.585517,true,2026-08-11 05:02:30.16951,1,win,9.9,0.98,0.02,0.96,maker_limit,,0.01,filled,2026-08-11 04:57:36.584077,
641,70795,KXHIGHTBOS-26AUG11-T92,kalshi,KXHIGHTBOS-26AUG11-T92,weather,yes,0.02,10,2026-08-11 04:57:37.112242,true,2026-08-11 05:02:30.336895,1,win,9.8,0.98,0.03,0.95,maker_limit,,0.02,filled,2026-08-11 04:57:36.869556,
642,70816,KXHIGHDEN-26AUG11-T100,kalshi,KXHIGHDEN-26AUG11-T100,weather,yes,0.01,10,2026-08-11 05:02:39.102237,true,2026-08-11 05:07:24.626999,1,win,9.9,0.98,0.02,0.96,maker_limit,,0.01,filled,2026-08-11 05:02:39.100543,
643,70817,KXHIGHTBOS-26AUG11-T92,kalshi,KXHIGHTBOS-26AUG11-T92,weather,yes,0.02,10,2026-08-11 05:02:39.587865,true,2026-08-11 05:07:24.789704,1,win,9.8,0.98,0.03,0.95,maker_limit,,0.02,filled,2026-08-11 05:02:39.346837,
644,70838,KXHIGHDEN-26AUG11-T100,kalshi,KXHIGHDEN-26AUG11-T100,weather,yes,0.01,10,2026-08-11 05:07:37.996103,true,2026-08-11 05:12:29.267375,1,win,9.9,0.98,0.02,0.96,maker_limit,,0.01,filled,2026-08-11 05:07:37.995142,
645,70839,KXHIGHTBOS-26AUG11-T92,kalshi,KXHIGHTBOS-26AUG11-T92,weather,yes,0.02,10,2026-08-11 05:07:38.512688,true,2026-08-11 05:12:29.434021,1,win,9.8,0.98,0.03,0.95,maker_limit,,0.02,filled,2026-08-11 05:07:38.260097,
646,70860,KXHIGHDEN-26AUG11-T100,kalshi,KXHIGHDEN-26AUG11-T100,weather,yes,0.01,10,2026-08-11 05:12:37.239737,true,2026-08-11 05:17:23.790167,1,win,9.9,0.98,0.02,0.96,maker_limit,,0.01,filled,2026-08-11 05:12:37.238066,
647,70861,KXHIGHTBOS-26AUG11-T92,kalshi,KXHIGHTBOS-26AUG11-T92,weather,yes,0.02,10,2026-08-11 05:12:37.758485,true,2026-08-11 05:17:23.955039,1,win,9.8,0.98,0.03,0.95,maker_limit,,0.02,filled,2026-08-11 05:12:37.503976,
648,70882,KXHIGHDEN-26AUG11-T100,kalshi,KXHIGHDEN-26AUG11-T100,weather,yes,0.01,10,2026-08-11 05:17:38.874684,true,2026-08-11 05:22:36.399407,1,win,9.9,0.98,0.02,0.96,maker_limit,,0.01,filled,2026-08-11 05:17:38.872989,
649,70883,KXHIGHTBOS-26AUG11-T92,kalshi,KXHIGHTBOS-26AUG11-T92,weather,yes,0.02,10,2026-08-11 05:17:39.395863,true,2026-08-11 05:22:36.573792,1,win,9.8,0.98,0.03,0.95,maker_limit,,0.02,filled,2026-08-11 05:17:39.14712,
650,70926,KXHIGHDEN-26AUG11-T100,kalshi,KXHIGHDEN-26AUG11-T100,weather,yes,0.01,10,2026-08-11 05:27:37.829097,true,2026-08-11 05:32:36.599119,1,win,9.9,0.98,0.02,0.96,maker_limit,,0.01,filled,2026-08-11 05:27:37.827729,
651,70927,KXHIGHTBOS-26AUG11-T92,kalshi,KXHIGHTBOS-26AUG11-T92,weather,yes,0.02,10,2026-08-11 05:27:38.336239,true,2026-08-11 05:32:36.769314,1,win,9.8,0.98,0.03,0.95,maker_limit,,0.02,filled,2026-08-11 05:27:38.084599,
652,70970,KXHIGHDEN-26AUG11-T100,kalshi,KXHIGHDEN-26AUG11-T100,weather,yes,0.01,10,2026-08-11 05:37:37.84221,true,2026-08-11 05:42:28.118814,1,win,9.9,0.98,0.02,0.96,maker_limit,,0.01,filled,2026-08-11 05:37:37.840941,
653,70992,KXHIGHDEN-26AUG11-T100,kalshi,KXHIGHDEN-26AUG11-T100,weather,yes,0.01,10,2026-08-11 05:42:39.117736,true,2026-08-11 05:47:23.769821,1,win,9.9,0.98,0.02,0.96,maker_limit,,0.01,filled,2026-08-11 05:42:39.116127,
654,71014,KXHIGHDEN-26AUG11-T100,kalshi,KXHIGHDEN-26AUG11-T100,weather,yes,0.01,10,2026-08-11 05:47:34.635568,true,2026-08-11 05:52:29.483534,1,win,9.9,0.98,0.02,0.96,maker_limit,,0.01,filled,2026-08-11 05:47:34.63413,
655,71035,KXHIGHDEN-26AUG11-T100,kalshi,KXHIGHDEN-26AUG11-T100,weather,yes,0.01,10,2026-08-11 05:52:38.48957,true,2026-08-11 05:57:24.604116,1,win,9.9,0.98,0.02,0.96,maker_limit,,0.01,filled,2026-08-11 05:52:38.488356,
656,71057,KXHIGHDEN-26AUG11-T100,kalshi,KXHIGHDEN-26AUG11-T100,weather,yes,0.01,10,2026-08-11 05:57:38.521364,true,2026-08-11 06:02:35.95305,1,win,9.9,0.98,0.02,0.96,maker_limit,,0.01,filled,2026-08-11 05:57:38.519889,
657,71099,KXHIGHDEN-26AUG11-T100,kalshi,KXHIGHDEN-26AUG11-T100,weather,yes,0.01,10,2026-08-11 06:07:37.841504,true,2026-08-11 06:12:26.307747,1,win,9.9,0.98,0.02,0.96,maker_limit,,0.01,filled,2026-08-11 06:07:37.840886,
658,71120,KXHIGHDEN-26AUG11-T100,kalshi,KXHIGHDEN-26AUG11-T100,weather,yes,0.01,10,2026-08-11 06:12:38.833602,true,2026-08-11 06:17:23.780725,1,win,9.9,0.98,0.02,0.96,maker_limit,,0.01,filled,2026-08-11 06:12:38.832248,
659,71141,KXHIGHDEN-26AUG11-T100,kalshi,KXHIGHDEN-26AUG11-T100,weather,yes,0.01,10,2026-08-11 06:17:34.594618,true,2026-08-11 06:22:29.700526,1,win,9.9,0.98,0.02,0.96,maker_limit,,0.01,filled,2026-08-11 06:17:34.593114,
660,71162,KXHIGHDEN-26AUG11-T100,kalshi,KXHIGHDEN-26AUG11-T100,weather,yes,0.01,10,2026-08-11 06:22:38.617311,true,2026-08-11 06:27:23.773686,1,win,9.9,0.98,0.02,0.96,maker_limit,,0.01,filled,2026-08-11 06:22:38.616167,
661,71184,KXHIGHDEN-26AUG11-T100,kalshi,KXHIGHDEN-26AUG11-T100,weather,yes,0.01,10,2026-08-11 06:27:37.288625,true,2026-08-11 06:32:28.575856,1,win,9.9,0.98,0.02,0.96,maker_limit,,0.01,filled,2026-08-11 06:27:37.287017,
662,71205,KXHIGHDEN-26AUG11-T100,kalshi,KXHIGHDEN-26AUG11-T100,weather,yes,0.01,10,2026-08-11 06:32:36.359177,true,2026-08-11 06:37:23.781404,1,win,9.9,0.98,0.02,0.96,maker_limit,,0.01,filled,2026-08-11 06:32:36.35755,
663,71226,KXHIGHDEN-26AUG11-T100,kalshi,KXHIGHDEN-26AUG11-T100,weather,yes,0.01,10,2026-08-11 06:37:38.146183,true,2026-08-11 06:42:28.732541,1,win,9.9,0.98,0.02,0.96,maker_limit,,0.01,filled,2026-08-11 06:37:38.144964,
664,71247,KXHIGHDEN-26AUG11-T100,kalshi,KXHIGHDEN-26AUG11-T100,weather,yes,0.01,10,2026-08-11 06:42:38.02918,true,2026-08-11 06:47:23.776331,1,win,9.9,0.98,0.02,0.96,maker_limit,,0.01,filled,2026-08-11 06:42:38.027712,
665,71267,KXHIGHDEN-26AUG11-T100,kalshi,KXHIGHDEN-26AUG11-T100,weather,yes,0.01,10,2026-08-11 06:47:35.913754,true,2026-08-11 06:52:35.594846,1,win,9.9,0.98,0.02,0.96,maker_limit,,0.01,filled,2026-08-11 06:47:35.912644,
666,71307,KXHIGHDEN-26AUG11-T100,kalshi,KXHIGHDEN-26AUG11-T100,weather,yes,0.01,10,2026-08-11 06:57:37.74919,true,2026-08-11 07:02:27.696202,1,win,9.9,0.98,0.02,0.96,maker_limit,,0.01,filled,2026-08-11 06:57:37.747541,
667,71327,KXHIGHDEN-26AUG11-T100,kalshi,KXHIGHDEN-26AUG11-T100,weather,yes,0.01,10,2026-08-11 07:02:38.490917,true,2026-08-11 07:07:23.778346,1,win,9.9,0.98,0.02,0.96,maker_limit,,0.01,filled,2026-08-11 07:02:38.49031,
668,71347,KXHIGHDEN-26AUG11-T100,kalshi,KXHIGHDEN-26AUG11-T100,weather,yes,0.01,10,2026-08-11 07:07:34.744014,true,2026-08-11 07:12:29.761843,1,win,9.9,0.98,0.02,0.96,maker_limit,,0.01,filled,2026-08-11 07:07:34.742935,
669,71366,KXHIGHDEN-26AUG11-T100,kalshi,KXHIGHDEN-26AUG11-T100,weather,yes,0.01,10,2026-08-11 07:12:38.941725,true,2026-08-11 07:17:23.786132,1,win,9.9,0.98,0.02,0.96,maker_limit,,0.01,filled,2026-08-11 07:12:38.940245,
670,71385,KXHIGHDEN-26AUG11-T100,kalshi,KXHIGHDEN-26AUG11-T100,weather,yes,0.01,10,2026-08-11 07:17:38.320178,true,2026-08-11 07:22:35.584893,1,win,9.9,0.98,0.02,0.96,maker_limit,,0.01,filled,2026-08-11 07:17:38.318503,
671,71422,KXHIGHDEN-26AUG11-T100,kalshi,KXHIGHDEN-26AUG11-T100,weather,yes,0.01,10,2026-08-11 07:27:34.344433,true,2026-08-11 07:32:30.79526,1,win,9.9,0.98,0.02,0.96,maker_limit,,0.01,filled,2026-08-11 07:27:34.344061,
672,71443,KXHIGHDEN-26AUG11-T100,kalshi,KXHIGHDEN-26AUG11-T100,weather,yes,0.01,10,2026-08-11 07:32:39.34537,true,2026-08-11 07:37:23.798536,1,win,9.9,0.98,0.02,0.96,maker_limit,,0.01,filled,2026-08-11 07:32:39.345005,
673,71464,KXHIGHDEN-26AUG11-T100,kalshi,KXHIGHDEN-26AUG11-T100,weather,yes,0.01,10,2026-08-11 07:37:38.503957,true,2026-08-11 07:42:36.123886,1,win,9.9,0.98,0.02,0.96,maker_limit,,0.01,filled,2026-08-11 07:37:38.502436,
674,71504,KXHIGHDEN-26AUG11-T100,kalshi,KXHIGHDEN-26AUG11-T100,weather,yes,0.01,10,2026-08-11 07:47:36.719073,true,2026-08-11 07:52:35.987155,1,win,9.9,0.98,0.02,0.96,maker_limit,,0.01,filled,2026-08-11 07:47:36.718081,
675,71545,KXHIGHDEN-26AUG11-T100,kalshi,KXHIGHDEN-26AUG11-T100,weather,yes,0.01,10,2026-08-11 07:57:37.97057,true,2026-08-11 08:02:29.475687,1,win,9.9,0.98,0.02,0.96,maker_limit,,0.01,filled,2026-08-11 07:57:37.969057,
676,71566,KXHIGHDEN-26AUG11-T100,kalshi,KXHIGHDEN-26AUG11-T100,weather,yes,0.01,10,2026-08-11 08:02:37.412997,true,2026-08-11 08:07:24.18069,1,win,9.9,0.98,0.02,0.96,maker_limit,,0.01,filled,2026-08-11 08:02:37.411343,
677,71587,KXHIGHDEN-26AUG11-T100,kalshi,KXHIGHDEN-26AUG11-T100,weather,yes,0.01,10,2026-08-11 08:07:36.439483,true,2026-08-11 08:12:28.130295,1,win,9.9,0.98,0.02,0.96,maker_limit,,0.01,filled,2026-08-11 08:07:36.438269,
678,71608,KXHIGHTBOS-26AUG11-T92,kalshi,KXHIGHTBOS-26AUG11-T92,weather,yes,0.02,10,2026-08-11 08:12:39.832528,true,2026-08-11 08:17:24.590994,1,win,9.8,0.98,0.03,0.95,maker_limit,,0.02,filled,2026-08-11 08:12:39.83117,
679,71630,KXHIGHTBOS-26AUG11-T92,kalshi,KXHIGHTBOS-26AUG11-T92,weather,yes,0.02,10,2026-08-11 08:17:37.834126,true,2026-08-11 08:22:31.864096,1,win,9.8,0.98,0.03,0.95,maker_limit,,0.02,filled,2026-08-11 08:17:37.83286,
680,71652,KXHIGHTBOS-26AUG11-T92,kalshi,KXHIGHTBOS-26AUG11-T92,weather,yes,0.02,10,2026-08-11 08:22:37.49169,true,2026-08-11 08:27:23.785466,1,win,9.8,0.98,0.03,0.95,maker_limit,,0.02,filled,2026-08-11 08:22:37.489963,
681,71675,KXHIGHTBOS-26AUG11-T92,kalshi,KXHIGHTBOS-26AUG11-T92,weather,yes,0.02,10,2026-08-11 08:27:40.381553,true,2026-08-11 08:32:36.809474,1,win,9.8,0.98,0.03,0.95,maker_limit,,0.02,filled,2026-08-11 08:27:40.380275,
682,71721,KXHIGHDEN-26AUG11-T100,kalshi,KXHIGHDEN-26AUG11-T100,weather,yes,0.02,10,2026-08-11 08:37:37.94584,true,2026-08-11 08:42:36.508385,1,win,9.8,0.98,0.03,0.95,maker_limit,,0.02,filled,2026-08-11 08:37:37.944443,
683,71763,KXHIGHDEN-26AUG11-T100,kalshi,KXHIGHDEN-26AUG11-T100,weather,yes,0.02,10,2026-08-11 08:47:38.232498,true,2026-08-11 08:52:29.466864,1,win,9.8,0.98,0.03,0.95,maker_limit,,0.02,filled,2026-08-11 08:47:38.231409,
684,71785,KXHIGHDEN-26AUG11-T100,kalshi,KXHIGHDEN-26AUG11-T100,weather,yes,0.02,10,2026-08-11 08:52:39.318436,true,2026-08-11 08:57:23.787314,1,win,9.8,0.98,0.03,0.95,maker_limit,,0.02,filled,2026-08-11 08:52:39.318132,
685,71807,KXHIGHDEN-26AUG11-T100,kalshi,KXHIGHDEN-26AUG11-T100,weather,yes,0.02,10,2026-08-11 08:57:35.230273,true,2026-08-11 09:02:26.712038,1,win,9.8,0.98,0.03,0.95,maker_limit,,0.02,filled,2026-08-11 08:57:35.229012,
686,71829,KXHIGHTBOS-26AUG11-T92,kalshi,KXHIGHTBOS-26AUG11-T92,weather,yes,0.02,10,2026-08-11 09:02:38.564827,true,2026-08-11 09:07:24.37116,1,win,9.8,0.98,0.03,0.95,maker_limit,,0.02,filled,2026-08-11 09:02:38.5635,
687,71851,KXHIGHTBOS-26AUG11-T92,kalshi,KXHIGHTBOS-26AUG11-T92,weather,yes,0.02,10,2026-08-11 09:07:38.787114,true,2026-08-11 09:12:36.76362,1,win,9.8,0.98,0.03,0.95,maker_limit,,0.02,filled,2026-08-11 09:07:38.785946,
688,71892,KXHIGHTBOS-26AUG11-T92,kalshi,KXHIGHTBOS-26AUG11-T92,weather,yes,0.02,10,2026-08-11 09:17:38.029565,true,2026-08-11 09:22:36.216581,1,win,9.8,0.98,0.03,0.95,maker_limit,,0.02,filled,2026-08-11 09:17:38.028573,
689,71934,KXHIGHTBOS-26AUG11-T92,kalshi,KXHIGHTBOS-26AUG11-T92,weather,yes,0.02,10,2026-08-11 09:27:38.281403,true,2026-08-11 09:32:35.463202,1,win,9.8,0.98,0.03,0.95,maker_limit,,0.02,filled,2026-08-11 09:27:38.279752,
690,71976,KXHIGHTBOS-26AUG11-T92,kalshi,KXHIGHTBOS-26AUG11-T92,weather,yes,0.02,10,2026-08-11 09:37:37.962996,true,2026-08-11 09:42:30.805485,1,win,9.8,0.98,0.03,0.95,maker_limit,,0.02,filled,2026-08-11 09:37:37.961349,
691,71996,KXHIGHTBOS-26AUG11-T92,kalshi,KXHIGHTBOS-26AUG11-T92,weather,yes,0.02,10,2026-08-11 09:42:39.339409,true,2026-08-11 09:47:23.797565,1,win,9.8,0.98,0.03,0.95,maker_limit,,0.02,filled,2026-08-11 09:42:39.339081,
692,72016,KXHIGHTBOS-26AUG11-T92,kalshi,KXHIGHTBOS-26AUG11-T92,weather,yes,0.02,10,2026-08-11 09:47:35.368353,true,2026-08-11 09:52:27.481214,1,win,9.8,0.98,0.03,0.95,maker_limit,,0.02,filled,2026-08-11 09:47:35.36667,
693,72037,KXHIGHTBOS-26AUG11-T92,kalshi,KXHIGHTBOS-26AUG11-T92,weather,yes,0.02,10,2026-08-11 09:52:39.215278,true,2026-08-11 09:57:23.784022,1,win,9.8,0.98,0.03,0.95,maker_limit,,0.02,filled,2026-08-11 09:52:39.213869,
694,72058,KXHIGHTBOS-26AUG11-T92,kalshi,KXHIGHTBOS-26AUG11-T92,weather,yes,0.02,10,2026-08-11 09:57:38.562244,true,2026-08-11 10:02:36.634008,1,win,9.8,0.98,0.03,0.95,maker_limit,,0.02,filled,2026-08-11 09:57:38.560774,
695,72099,KXHIGHDEN-26AUG11-T100,kalshi,KXHIGHDEN-26AUG11-T100,weather,yes,0.01,10,2026-08-11 10:07:37.101729,true,2026-08-11 10:12:29.022285,1,win,9.9,0.98,0.02,0.96,maker_limit,,0.01,filled,2026-08-11 10:07:37.10023,
696,72120,KXHIGHDEN-26AUG11-T100,kalshi,KXHIGHDEN-26AUG11-T100,weather,yes,0.01,10,2026-08-11 10:12:40.63472,true,2026-08-11 10:17:23.781735,1,win,9.9,0.98,0.02,0.96,maker_limit,,0.01,filled,2026-08-11 10:12:40.633125,
697,72141,KXHIGHDEN-26AUG11-T100,kalshi,KXHIGHDEN-26AUG11-T100,weather,yes,0.01,10,2026-08-11 10:17:35.320235,true,2026-08-11 10:22:27.874622,1,win,9.9,0.98,0.02,0.96,maker_limit,,0.01,filled,2026-08-11 10:17:35.318968,
698,72162,KXHIGHDEN-26AUG11-T100,kalshi,KXHIGHDEN-26AUG11-T100,weather,yes,0.01,10,2026-08-11 10:22:37.736536,true,2026-08-11 10:27:23.77802,1,win,9.9,0.98,0.02,0.96,maker_limit,,0.01,filled,2026-08-11 10:22:37.735122,
699,72182,KXHIGHDEN-26AUG11-T100,kalshi,KXHIGHDEN-26AUG11-T100,weather,yes,0.01,10,2026-08-11 10:27:36.590338,true,2026-08-11 10:32:29.704929,1,win,9.9,0.98,0.02,0.96,maker_limit,,0.01,filled,2026-08-11 10:27:36.589212,
700,72203,KXHIGHDEN-26AUG11-T100,kalshi,KXHIGHDEN-26AUG11-T100,weather,yes,0.01,10,2026-08-11 10:32:39.032315,true,2026-08-11 10:37:24.62553,1,win,9.9,0.98,0.02,0.96,maker_limit,,0.01,filled,2026-08-11 10:32:39.030651,
701,72224,KXHIGHDEN-26AUG11-T100,kalshi,KXHIGHDEN-26AUG11-T100,weather,yes,0.01,10,2026-08-11 10:37:37.839697,true,2026-08-11 10:42:29.511565,1,win,9.9,0.98,0.02,0.96,maker_limit,,0.01,filled,2026-08-11 10:37:37.838485,
702,72245,KXHIGHDEN-26AUG11-T100,kalshi,KXHIGHDEN-26AUG11-T100,weather,yes,0.01,10,2026-08-11 10:42:37.330607,true,2026-08-11 10:47:23.780093,1,win,9.9,0.98,0.02,0.96,maker_limit,,0.01,filled,2026-08-11 10:42:37.329163,
703,72266,KXHIGHDEN-26AUG11-T100,kalshi,KXHIGHDEN-26AUG11-T100,weather,yes,0.01,10,2026-08-11 10:47:38.758391,true,2026-08-11 10:52:36.054153,1,win,9.9,0.98,0.02,0.96,maker_limit,,0.01,filled,2026-08-11 10:47:38.756821,
704,72308,KXHIGHDEN-26AUG11-T100,kalshi,KXHIGHDEN-26AUG11-T100,weather,yes,0.01,10,2026-08-11 10:57:38.272918,true,2026-08-11 11:02:39.375892,1,win,9.9,0.98,0.02,0.96,maker_limit,,0.01,filled,2026-08-11 10:57:38.271414,
705,72351,KXHIGHDEN-26AUG11-T100,kalshi,KXHIGHDEN-26AUG11-T100,weather,yes,0.01,10,2026-08-11 11:07:38.326408,true,2026-08-11 11:12:28.260042,1,win,9.9,0.98,0.02,0.96,maker_limit,,0.01,filled,2026-08-11 11:07:38.325017,
706,72373,KXHIGHDEN-26AUG11-T100,kalshi,KXHIGHDEN-26AUG11-T100,weather,yes,0.01,10,2026-08-11 11:12:41.40265,true,2026-08-11 11:17:23.785237,1,win,9.9,0.98,0.02,0.96,maker_limit,,0.01,filled,2026-08-11 11:12:41.400997,
707,72394,KXHIGHDEN-26AUG11-T100,kalshi,KXHIGHDEN-26AUG11-T100,weather,yes,0.01,10,2026-08-11 11:17:35.09076,true,2026-08-11 11:22:24.369803,1,win,9.9,0.98,0.02,0.96,maker_limit,,0.01,filled,2026-08-11 11:17:35.089466,
708,72413,KXHIGHDEN-26AUG11-T100,kalshi,KXHIGHDEN-26AUG11-T100,weather,yes,0.01,10,2026-08-11 11:22:38.9481,true,2026-08-11 11:27:23.769579,1,win,9.9,0.98,0.02,0.96,maker_limit,,0.01,filled,2026-08-11 11:22:38.946442,
709,72433,KXHIGHDEN-26AUG11-T100,kalshi,KXHIGHDEN-26AUG11-T100,weather,yes,0.01,10,2026-08-11 11:27:34.781377,true,2026-08-11 11:32:24.393193,1,win,9.9,0.98,0.02,0.96,maker_limit,,0.01,filled,2026-08-11 11:27:34.780189,
710,72452,KXHIGHDEN-26AUG11-T100,kalshi,KXHIGHDEN-26AUG11-T100,weather,yes,0.01,10,2026-08-11 11:32:38.666527,true,2026-08-11 11:37:23.778721,1,win,9.9,0.98,0.02,0.96,maker_limit,,0.01,filled,2026-08-11 11:32:38.664971,
711,72471,KXHIGHDEN-26AUG11-T100,kalshi,KXHIGHDEN-26AUG11-T100,weather,yes,0.01,10,2026-08-11 11:37:34.786091,true,2026-08-11 11:42:24.824918,1,win,9.9,0.98,0.02,0.96,maker_limit,,0.01,filled,2026-08-11 11:37:34.784724,
712,72490,KXHIGHDEN-26AUG11-T100,kalshi,KXHIGHDEN-26AUG11-T100,weather,yes,0.01,10,2026-08-11 11:42:39.111493,true,2026-08-11 11:47:23.785685,1,win,9.9,0.98,0.02,0.96,maker_limit,,0.01,filled,2026-08-11 11:42:39.109928,
713,72510,KXHIGHDEN-26AUG11-T100,kalshi,KXHIGHDEN-26AUG11-T100,weather,yes,0.01,10,2026-08-11 11:47:38.418003,true,2026-08-11 11:52:24.310998,1,win,9.9,0.98,0.02,0.96,maker_limit,,0.01,filled,2026-08-11 11:47:38.416492,
714,72530,KXHIGHDEN-26AUG11-T100,kalshi,KXHIGHDEN-26AUG11-T100,weather,yes,0.01,10,2026-08-11 11:52:35.331787,true,2026-08-11 11:57:23.780098,1,win,9.9,0.98,0.02,0.96,maker_limit,,0.01,filled,2026-08-11 11:52:35.330121,
715,72550,KXHIGHDEN-26AUG11-T100,kalshi,KXHIGHDEN-26AUG11-T100,weather,yes,0.01,10,2026-08-11 11:57:38.797904,true,2026-08-11 12:02:24.302557,1,win,9.9,0.98,0.02,0.96,maker_limit,,0.01,filled,2026-08-11 11:57:38.796379,
716,72570,KXHIGHDEN-26AUG11-T100,kalshi,KXHIGHDEN-26AUG11-T100,weather,yes,0.01,10,2026-08-11 12:02:38.794301,true,2026-08-11 12:07:24.267457,1,win,9.9,0.98,0.02,0.96,maker_limit,,0.01,filled,2026-08-11 12:02:38.792842,
717,72590,KXHIGHDEN-26AUG11-T100,kalshi,KXHIGHDEN-26AUG11-T100,weather,yes,0.01,10,2026-08-11 12:07:35.261388,true,2026-08-11 12:12:24.66988,1,win,9.9,0.98,0.02,0.96,maker_limit,,0.01,filled,2026-08-11 12:07:35.260133,
718,72609,KXHIGHDEN-26AUG11-T100,kalshi,KXHIGHDEN-26AUG11-T100,weather,yes,0.01,10,2026-08-11 12:12:39.140032,true,2026-08-11 12:17:23.790698,1,win,9.9,0.98,0.02,0.96,maker_limit,,0.01,filled,2026-08-11 12:12:39.138417,
719,72629,KXHIGHDEN-26AUG11-T100,kalshi,KXHIGHDEN-26AUG11-T100,weather,yes,0.01,10,2026-08-11 12:17:38.669418,true,2026-08-11 12:22:24.432524,1,win,9.9,0.98,0.02,0.96,maker_limit,,0.01,filled,2026-08-11 12:17:38.667929,
720,72649,KXHIGHTBOS-26AUG11-T92,kalshi,KXHIGHTBOS-26AUG11-T92,weather,yes,0.02,10,2026-08-11 12:22:35.08317,true,2026-08-11 12:27:24.678252,1,win,9.8,0.98,0.03,0.95,maker_limit,,0.02,filled,2026-08-11 12:22:35.081861,
721,72668,KXHIGHTBOS-26AUG11-T92,kalshi,KXHIGHTBOS-26AUG11-T92,weather,yes,0.02,10,2026-08-11 12:27:38.499114,true,2026-08-11 12:32:24.7508,1,win,9.8,0.98,0.03,0.95,maker_limit,,0.02,filled,2026-08-11 12:27:38.497471,
722,72687,KXHIGHTBOS-26AUG11-T92,kalshi,KXHIGHTBOS-26AUG11-T92,weather,yes,0.02,10,2026-08-11 12:32:38.58905,true,2026-08-11 12:37:23.786498,1,win,9.8,0.98,0.03,0.95,maker_limit,,0.02,filled,2026-08-11 12:32:38.587993,
723,72706,KXHIGHTBOS-26AUG11-T92,kalshi,KXHIGHTBOS-26AUG11-T92,weather,yes,0.02,10,2026-08-11 12:37:34.770836,true,2026-08-11 12:42:25.103564,1,win,9.8,0.98,0.03,0.95,maker_limit,,0.02,filled,2026-08-11 12:37:34.769283,
724,72725,KXHIGHTBOS-26AUG11-T92,kalshi,KXHIGHTBOS-26AUG11-T92,weather,yes,0.02,10,2026-08-11 12:42:38.816039,true,2026-08-11 12:47:23.777975,1,win,9.8,0.98,0.03,0.95,maker_limit,,0.02,filled,2026-08-11 12:42:38.815073,
725,76233,KXHIGHDEN-26AUG12-B87.5,kalshi,KXHIGHDEN-26AUG12-B87.5,weather,yes,0.02,100,2026-08-11 21:03:45.842958,true,2026-08-12 00:52:35.698275,0,loss,-2,0.98,0.03,0.95,maker_limit,,0.02,filled,2026-08-11 21:03:45.838664,
726,76234,KXHIGHMIA-26AUG12-T96,kalshi,KXHIGHMIA-26AUG12-T96,weather,yes,0.03,100,2026-08-11 21:03:46.421437,true,2026-08-12 00:22:35.271539,1,win,97,0.98,0.04,0.94,maker_limit,,0.03,filled,2026-08-11 21:03:46.122512,
727,76235,KXHIGHLAX-26AUG12-B74.5,kalshi,KXHIGHLAX-26AUG12-B74.5,weather,yes,0.03,100,2026-08-11 21:03:46.932359,true,2026-08-12 18:22:36.871623,1,win,97,0.98,0.04,0.94,maker_limit,,0.03,filled,2026-08-11 21:03:46.683669,
728,76449,KXHIGHNY-26AUG12-B83.5,kalshi,KXHIGHNY-26AUG12-B83.5,weather,yes,0.36,100,2026-08-12 00:02:40.689164,true,2026-08-12 01:12:35.621416,0,loss,-36,0.98,0.36,0.62,simulated,,0.36,filled,2026-08-12 00:02:40.688151,
729,76460,KXHIGHMIA-26AUG12-T96,kalshi,KXHIGHMIA-26AUG12-T96,weather,yes,0.04,100,2026-08-12 00:22:41.259978,true,2026-08-12 00:27:35.895943,1,win,96,0.98,0.04,0.94,simulated,,0.04,filled,2026-08-12 00:22:41.25968,
730,76463,KXHIGHMIA-26AUG12-T96,kalshi,KXHIGHMIA-26AUG12-T96,weather,yes,0.04,100,2026-08-12 00:27:40.181099,true,2026-08-12 00:32:34.741211,1,win,96,0.98,0.04,0.94,simulated,,0.04,filled,2026-08-12 00:27:40.18066,
731,76466,KXHIGHMIA-26AUG12-T96,kalshi,KXHIGHMIA-26AUG12-T96,weather,yes,0.04,100,2026-08-12 00:32:41.365753,true,2026-08-12 00:37:36.121859,1,win,96,0.98,0.04,0.94,simulated,,0.04,filled,2026-08-12 00:32:41.365423,
732,76469,KXHIGHMIA-26AUG12-T96,kalshi,KXHIGHMIA-26AUG12-T96,weather,yes,0.04,100,2026-08-12 00:37:42.964583,true,2026-08-12 00:42:35.044783,1,win,96,0.98,0.04,0.94,simulated,,0.04,filled,2026-08-12 00:37:42.964304,
733,76472,KXHIGHMIA-26AUG12-T96,kalshi,KXHIGHMIA-26AUG12-T96,weather,yes,0.04,100,2026-08-12 00:42:39.7553,true,2026-08-12 00:47:34.997251,1,win,96,0.98,0.04,0.94,simulated,,0.04,filled,2026-08-12 00:42:39.754993,
734,76475,KXHIGHMIA-26AUG12-T96,kalshi,KXHIGHMIA-26AUG12-T96,weather,yes,0.04,100,2026-08-12 00:47:41.447619,true,2026-08-12 00:52:35.866247,1,win,96,0.98,0.04,0.94,simulated,,0.04,filled,2026-08-12 00:47:41.447287,
735,76477,KXHIGHDEN-26AUG12-B87.5,kalshi,KXHIGHDEN-26AUG12-B87.5,weather,yes,0.03,100,2026-08-12 00:52:42.886534,true,2026-08-12 00:57:35.139815,0,loss,-3,0.98,0.03,0.95,simulated,,0.03,filled,2026-08-12 00:52:42.886193,
736,76478,KXHIGHMIA-26AUG12-T96,kalshi,KXHIGHMIA-26AUG12-T96,weather,yes,0.04,100,2026-08-12 00:52:43.610682,true,2026-08-12 00:57:35.311327,1,win,96,0.98,0.04,0.94,simulated,,0.04,filled,2026-08-12 00:52:43.356561,
737,76480,KXHIGHDEN-26AUG12-B87.5,kalshi,KXHIGHDEN-26AUG12-B87.5,weather,yes,0.03,100,2026-08-12 00:57:40.499255,true,2026-08-12 01:02:35.737172,0,loss,-3,0.98,0.03,0.95,simulated,,0.03,filled,2026-08-12 00:57:40.498965,
738,76481,KXHIGHMIA-26AUG12-T96,kalshi,KXHIGHMIA-26AUG12-T96,weather,yes,0.04,100,2026-08-12 00:57:41.196436,true,2026-08-12 01:02:35.909255,1,win,96,0.98,0.04,0.94,simulated,,0.04,filled,2026-08-12 00:57:40.943415,
739,76483,KXHIGHDEN-26AUG12-B87.5,kalshi,KXHIGHDEN-26AUG12-B87.5,weather,yes,0.03,100,2026-08-12 01:02:41.897431,true,2026-08-12 01:07:34.651738,0,loss,-3,0.98,0.03,0.95,simulated,,0.03,filled,2026-08-12 01:02:41.897087,
740,76484,KXHIGHMIA-26AUG12-T96,kalshi,KXHIGHMIA-26AUG12-T96,weather,yes,0.04,100,2026-08-12 01:02:42.588497,true,2026-08-12 01:07:34.823167,1,win,96,0.98,0.04,0.94,simulated,,0.04,filled,2026-08-12 01:02:42.33544,
741,76486,KXHIGHMIA-26AUG12-T96,kalshi,KXHIGHMIA-26AUG12-T96,weather,yes,0.03,100,2026-08-12 01:07:39.970696,true,2026-08-12 01:12:35.786716,1,win,97,0.98,0.03,0.95,simulated,,0.03,filled,2026-08-12 01:07:39.970375,
742,76487,KXHIGHDEN-26AUG12-B87.5,kalshi,KXHIGHDEN-26AUG12-B87.5,weather,yes,0.03,100,2026-08-12 01:07:40.655586,true,2026-08-12 01:12:35.958451,0,loss,-3,0.98,0.03,0.95,simulated,,0.03,filled,2026-08-12 01:07:40.404556,
743,76489,KXHIGHMIA-26AUG12-T96,kalshi,KXHIGHMIA-26AUG12-T96,weather,yes,0.02,100,2026-08-12 01:12:43.063638,true,2026-08-12 01:17:34.136416,1,win,98,0.98,0.02,0.96,simulated,,0.02,filled,2026-08-12 01:12:43.063289,
744,76490,KXHIGHDEN-26AUG12-B87.5,kalshi,KXHIGHDEN-26AUG12-B87.5,weather,yes,0.03,100,2026-08-12 01:12:43.774896,true,2026-08-12 01:17:34.302435,0,loss,-3,0.98,0.03,0.95,simulated,,0.03,filled,2026-08-12 01:12:43.523676,
745,76491,KXHIGHNY-26AUG12-B83.5,kalshi,KXHIGHNY-26AUG12-B83.5,weather,yes,0.36,100,2026-08-12 01:12:44.468461,true,2026-08-12 01:17:34.467575,0,loss,-36,0.98,0.36,0.62,simulated,,0.36,filled,2026-08-12 01:12:44.219528,
746,76492,KXHIGHMIA-26AUG12-T96,kalshi,KXHIGHMIA-26AUG12-T96,weather,yes,0.02,100,2026-08-12 01:17:40.469678,true,2026-08-12 01:22:35.561324,1,win,98,0.98,0.02,0.96,simulated,,0.02,filled,2026-08-12 01:17:40.469139,
747,76493,KXHIGHDEN-26AUG12-B87.5,kalshi,KXHIGHDEN-26AUG12-B87.5,weather,yes,0.03,100,2026-08-12 01:17:41.139885,true,2026-08-12 01:22:35.733521,0,loss,-3,0.98,0.03,0.95,simulated,,0.03,filled,2026-08-12 01:17:40.887272,
748,76494,KXHIGHNY-26AUG12-B83.5,kalshi,KXHIGHNY-26AUG12-B83.5,weather,yes,0.32,100,2026-08-12 01:17:41.818425,true,2026-08-12 01:22:35.904209,0,loss,-32,0.98,0.32,0.66,simulated,,0.32,filled,2026-08-12 01:17:41.567244,
749,76495,KXHIGHMIA-26AUG12-T96,kalshi,KXHIGHMIA-26AUG12-T96,weather,yes,0.02,100,2026-08-12 01:22:41.357649,true,2026-08-12 01:27:35.864382,1,win,98,0.98,0.02,0.96,simulated,,0.02,filled,2026-08-12 01:22:41.357305,
750,76496,KXHIGHDEN-26AUG12-B87.5,kalshi,KXHIGHDEN-26AUG12-B87.5,weather,yes,0.03,100,2026-08-12 01:22:42.052102,true,2026-08-12 01:27:36.037715,0,loss,-3,0.98,0.03,0.95,simulated,,0.03,filled,2026-08-12 01:22:41.803041,
751,76497,KXHIGHNY-26AUG12-B83.5,kalshi,KXHIGHNY-26AUG12-B83.5,weather,yes,0.26,100,2026-08-12 01:22:42.723162,true,2026-08-12 01:27:36.280181,0,loss,-26,0.98,0.26,0.72,simulated,,0.26,filled,2026-08-12 01:22:42.461692,
752,76498,KXHIGHMIA-26AUG12-T96,kalshi,KXHIGHMIA-26AUG12-T96,weather,yes,0.02,100,2026-08-12 01:27:43.509912,true,2026-08-12 01:32:34.198541,1,win,98,0.98,0.02,0.96,simulated,,0.02,filled,2026-08-12 01:27:43.509583,
753,76499,KXHIGHDEN-26AUG12-B87.5,kalshi,KXHIGHDEN-26AUG12-B87.5,weather,yes,0.03,100,2026-08-12 01:27:44.202204,true,2026-08-12 01:32:34.374955,0,loss,-3,0.98,0.03,0.95,simulated,,0.03,filled,2026-08-12 01:27:43.955097,
754,76500,KXHIGHNY-26AUG12-B83.5,kalshi,KXHIGHNY-26AUG12-B83.5,weather,yes,0.26,100,2026-08-12 01:27:44.872576,true,2026-08-12 01:32:34.554595,0,loss,-26,0.98,0.26,0.72,simulated,,0.26,filled,2026-08-12 01:27:44.618882,
755,76501,KXHIGHMIA-26AUG12-T96,kalshi,KXHIGHMIA-26AUG12-T96,weather,yes,0.02,100,2026-08-12 01:32:40.520442,true,2026-08-12 01:37:35.442085,1,win,98,0.98,0.02,0.96,simulated,,0.02,filled,2026-08-12 01:32:40.520153,
756,76502,KXHIGHDEN-26AUG12-B87.5,kalshi,KXHIGHDEN-26AUG12-B87.5,weather,yes,0.03,100,2026-08-12 01:32:41.193166,true,2026-08-12 01:37:35.617098,0,loss,-3,0.98,0.03,0.95,simulated,,0.03,filled,2026-08-12 01:32:40.942416,
757,76503,KXHIGHNY-26AUG12-B83.5,kalshi,KXHIGHNY-26AUG12-B83.5,weather,yes,0.26,100,2026-08-12 01:32:41.855659,true,2026-08-12 01:37:35.788853,0,loss,-26,0.98,0.26,0.72,simulated,,0.26,filled,2026-08-12 01:32:41.606161,
758,76504,KXHIGHMIA-26AUG12-T96,kalshi,KXHIGHMIA-26AUG12-T96,weather,yes,0.03,100,2026-08-12 01:37:40.126828,true,2026-08-12 01:42:35.564008,1,win,97,0.98,0.03,0.95,simulated,,0.03,filled,2026-08-12 01:37:40.126475,
759,76505,KXHIGHDEN-26AUG12-B87.5,kalshi,KXHIGHDEN-26AUG12-B87.5,weather,yes,0.03,100,2026-08-12 01:37:40.812096,true,2026-08-12 01:42:35.741196,0,loss,-3,0.98,0.03,0.95,simulated,,0.03,filled,2026-08-12 01:37:40.558739,
760,76506,KXHIGHNY-26AUG12-B83.5,kalshi,KXHIGHNY-26AUG12-B83.5,weather,yes,0.27,100,2026-08-12 01:37:41.487789,true,2026-08-12 01:42:35.913991,0,loss,-27,0.98,0.27,0.71,simulated,,0.27,filled,2026-08-12 01:37:41.240572,
761,76507,KXHIGHMIA-26AUG12-T96,kalshi,KXHIGHMIA-26AUG12-T96,weather,yes,0.03,100,2026-08-12 01:42:44.490406,true,2026-08-12 01:47:34.157698,1,win,97,0.98,0.03,0.95,simulated,,0.03,filled,2026-08-12 01:42:44.489908,
762,76508,KXHIGHDEN-26AUG12-B87.5,kalshi,KXHIGHDEN-26AUG12-B87.5,weather,yes,0.03,100,2026-08-12 01:42:45.174365,true,2026-08-12 01:47:34.337661,0,loss,-3,0.98,0.03,0.95,simulated,,0.03,filled,2026-08-12 01:42:44.920766,
763,76509,KXHIGHNY-26AUG12-B83.5,kalshi,KXHIGHNY-26AUG12-B83.5,weather,yes,0.26,100,2026-08-12 01:42:45.874089,true,2026-08-12 01:47:34.519095,0,loss,-26,0.98,0.26,0.72,simulated,,0.26,filled,2026-08-12 01:42:45.623716,
764,76510,KXHIGHMIA-26AUG12-T96,kalshi,KXHIGHMIA-26AUG12-T96,weather,yes,0.03,100,2026-08-12 01:47:40.766843,true,2026-08-12 01:52:35.688498,1,win,97,0.98,0.03,0.95,simulated,,0.03,filled,2026-08-12 01:47:40.766394,
765,76511,KXHIGHDEN-26AUG12-B87.5,kalshi,KXHIGHDEN-26AUG12-B87.5,weather,yes,0.03,100,2026-08-12 01:47:41.446375,true,2026-08-12 01:52:35.858358,0,loss,-3,0.98,0.03,0.95,simulated,,0.03,filled,2026-08-12 01:47:41.197905,
766,76512,KXHIGHNY-26AUG12-B83.5,kalshi,KXHIGHNY-26AUG12-B83.5,weather,yes,0.26,100,2026-08-12 01:47:42.13909,true,2026-08-12 01:52:36.03007,0,loss,-26,0.98,0.26,0.72,simulated,,0.26,filled,2026-08-12 01:47:41.887607,
767,76513,KXHIGHMIA-26AUG12-T96,kalshi,KXHIGHMIA-26AUG12-T96,weather,yes,0.03,100,2026-08-12 01:52:40.20301,true,2026-08-12 01:57:35.921456,1,win,97,0.98,0.03,0.95,simulated,,0.03,filled,2026-08-12 01:52:40.202702,
768,76514,KXHIGHDEN-26AUG12-B87.5,kalshi,KXHIGHDEN-26AUG12-B87.5,weather,yes,0.03,100,2026-08-12 01:52:40.862402,true,2026-08-12 01:57:36.096764,0,loss,-3,0.98,0.03,0.95,simulated,,0.03,filled,2026-08-12 01:52:40.608791,
769,76515,KXHIGHNY-26AUG12-B83.5,kalshi,KXHIGHNY-26AUG12-B83.5,weather,yes,0.26,100,2026-08-12 01:52:41.538767,true,2026-08-12 01:57:36.271427,0,loss,-26,0.98,0.26,0.72,simulated,,0.26,filled,2026-08-12 01:52:41.287648,
770,76516,KXHIGHMIA-26AUG12-T96,kalshi,KXHIGHMIA-26AUG12-T96,weather,yes,0.03,100,2026-08-12 01:57:44.746643,true,2026-08-12 02:02:34.144941,1,win,97,0.98,0.03,0.95,simulated,,0.03,filled,2026-08-12 01:57:44.746319,
771,76517,KXHIGHDEN-26AUG12-B87.5,kalshi,KXHIGHDEN-26AUG12-B87.5,weather,yes,0.03,100,2026-08-12 01:57:45.409509,true,2026-08-12 02:02:34.322548,0,loss,-3,0.98,0.03,0.95,simulated,,0.03,filled,2026-08-12 01:57:45.158157,
772,76518,KXHIGHNY-26AUG12-B83.5,kalshi,KXHIGHNY-26AUG12-B83.5,weather,yes,0.26,100,2026-08-12 01:57:46.08833,true,2026-08-12 02:02:34.494124,0,loss,-26,0.98,0.26,0.72,simulated,,0.26,filled,2026-08-12 01:57:45.837309,
773,76519,KXHIGHMIA-26AUG12-T96,kalshi,KXHIGHMIA-26AUG12-T96,weather,yes,0.03,100,2026-08-12 02:02:40.026177,true,2026-08-12 02:07:35.469362,1,win,97,0.98,0.03,0.95,simulated,,0.03,filled,2026-08-12 02:02:40.025873,
774,76520,KXHIGHDEN-26AUG12-B87.5,kalshi,KXHIGHDEN-26AUG12-B87.5,weather,yes,0.03,100,2026-08-12 02:02:40.682705,true,2026-08-12 02:07:35.639363,0,loss,-3,0.98,0.03,0.95,simulated,,0.03,filled,2026-08-12 02:02:40.42905,
775,76521,KXHIGHNY-26AUG12-B83.5,kalshi,KXHIGHNY-26AUG12-B83.5,weather,yes,0.26,100,2026-08-12 02:02:41.353077,true,2026-08-12 02:07:35.810879,0,loss,-26,0.98,0.26,0.72,simulated,,0.26,filled,2026-08-12 02:02:41.102765,
776,76522,KXHIGHMIA-26AUG12-T96,kalshi,KXHIGHMIA-26AUG12-T96,weather,yes,0.03,100,2026-08-12 02:07:40.651533,true,2026-08-12 02:12:34.162294,1,win,97,0.98,0.03,0.95,simulated,,0.03,filled,2026-08-12 02:07:40.651233,
777,76523,KXHIGHDEN-26AUG12-B87.5,kalshi,KXHIGHDEN-26AUG12-B87.5,weather,yes,0.03,100,2026-08-12 02:07:41.353099,true,2026-08-12 02:12:34.342999,0,loss,-3,0.98,0.03,0.95,simulated,,0.03,filled,2026-08-12 02:07:41.097639,
778,76524,KXHIGHNY-26AUG12-B83.5,kalshi,KXHIGHNY-26AUG12-B83.5,weather,yes,0.26,100,2026-08-12 02:07:42.111704,true,2026-08-12 02:12:34.523165,0,loss,-26,0.98,0.26,0.72,simulated,,0.26,filled,2026-08-12 02:07:41.858891,
779,76525,KXHIGHMIA-26AUG12-T96,kalshi,KXHIGHMIA-26AUG12-T96,weather,yes,0.03,100,2026-08-12 02:12:39.942301,true,2026-08-12 02:17:35.79116,1,win,97,0.98,0.03,0.95,simulated,,0.03,filled,2026-08-12 02:12:39.94201,
780,76526,KXHIGHDEN-26AUG12-B87.5,kalshi,KXHIGHDEN-26AUG12-B87.5,weather,yes,0.03,100,2026-08-12 02:12:40.627842,true,2026-08-12 02:17:35.965387,0,loss,-3,0.98,0.03,0.95,simulated,,0.03,filled,2026-08-12 02:12:40.37477,
781,76527,KXHIGHNY-26AUG12-B83.5,kalshi,KXHIGHNY-26AUG12-B83.5,weather,yes,0.26,100,2026-08-12 02:12:41.357586,true,2026-08-12 02:17:36.136858,0,loss,-26,0.98,0.26,0.72,simulated,,0.26,filled,2026-08-12 02:12:41.103166,
782,76528,KXHIGHMIA-26AUG12-T96,kalshi,KXHIGHMIA-26AUG12-T96,weather,yes,0.03,100,2026-08-12 02:17:43.235257,true,2026-08-12 02:22:34.73971,1,win,97,0.98,0.03,0.95,simulated,,0.03,filled,2026-08-12 02:17:43.234985,
783,76529,KXHIGHDEN-26AUG12-B87.5,kalshi,KXHIGHDEN-26AUG12-B87.5,weather,yes,0.03,100,2026-08-12 02:17:43.925824,true,2026-08-12 02:22:34.921076,0,loss,-3,0.98,0.03,0.95,simulated,,0.03,filled,2026-08-12 02:17:43.668561,
784,76530,KXHIGHNY-26AUG12-B83.5,kalshi,KXHIGHNY-26AUG12-B83.5,weather,yes,0.26,100,2026-08-12 02:17:44.615281,true,2026-08-12 02:22:35.090908,0,loss,-26,0.98,0.26,0.72,simulated,,0.26,filled,2026-08-12 02:17:44.369467,
785,76531,KXHIGHMIA-26AUG12-T96,kalshi,KXHIGHMIA-26AUG12-T96,weather,yes,0.03,100,2026-08-12 02:22:41.156423,true,2026-08-12 02:27:36.328739,1,win,97,0.98,0.03,0.95,simulated,,0.03,filled,2026-08-12 02:22:41.156061,
786,76532,KXHIGHDEN-26AUG12-B87.5,kalshi,KXHIGHDEN-26AUG12-B87.5,weather,yes,0.03,100,2026-08-12 02:22:41.855838,true,2026-08-12 02:27:36.502479,0,loss,-3,0.98,0.03,0.95,simulated,,0.03,filled,2026-08-12 02:22:41.606212,
787,76533,KXHIGHNY-26AUG12-B83.5,kalshi,KXHIGHNY-26AUG12-B83.5,weather,yes,0.26,100,2026-08-12 02:22:42.541192,true,2026-08-12 02:27:36.672466,0,loss,-26,0.98,0.26,0.72,simulated,,0.26,filled,2026-08-12 02:22:42.292052,
788,76534,KXHIGHMIA-26AUG12-T96,kalshi,KXHIGHMIA-26AUG12-T96,weather,yes,0.03,100,2026-08-12 02:27:40.879699,true,2026-08-12 02:32:34.206093,1,win,97,0.98,0.03,0.95,simulated,,0.03,filled,2026-08-12 02:27:40.879355,
789,76535,KXHIGHDEN-26AUG12-B87.5,kalshi,KXHIGHDEN-26AUG12-B87.5,weather,yes,0.03,100,2026-08-12 02:27:41.587168,true,2026-08-12 02:32:34.378277,0,loss,-3,0.98,0.03,0.95,simulated,,0.03,filled,2026-08-12 02:27:41.329574,
790,76536,KXHIGHNY-26AUG12-B83.5,kalshi,KXHIGHNY-26AUG12-B83.5,weather,yes,0.26,100,2026-08-12 02:27:42.2748,true,2026-08-12 02:32:34.548174,0,loss,-26,0.98,0.26,0.72,simulated,,0.26,filled,2026-08-12 02:27:42.019402,
791,76537,KXHIGHMIA-26AUG12-T96,kalshi,KXHIGHMIA-26AUG12-T96,weather,yes,0.03,100,2026-08-12 02:32:40.157937,true,2026-08-12 02:37:35.477199,1,win,97,0.98,0.03,0.95,simulated,,0.03,filled,2026-08-12 02:32:40.157637,
792,76538,KXHIGHDEN-26AUG12-B87.5,kalshi,KXHIGHDEN-26AUG12-B87.5,weather,yes,0.03,100,2026-08-12 02:32:40.841863,true,2026-08-12 02:37:35.648522,0,loss,-3,0.98,0.03,0.95,simulated,,0.03,filled,2026-08-12 02:32:40.588737,
793,76539,KXHIGHNY-26AUG12-B83.5,kalshi,KXHIGHNY-26AUG12-B83.5,weather,yes,0.26,100,2026-08-12 02:32:41.541198,true,2026-08-12 02:37:35.818919,0,loss,-26,0.98,0.26,0.72,simulated,,0.26,filled,2026-08-12 02:32:41.289481,
794,76540,KXHIGHMIA-26AUG12-T96,kalshi,KXHIGHMIA-26AUG12-T96,weather,yes,0.03,100,2026-08-12 02:37:43.174766,true,2026-08-12 02:42:35.48466,1,win,97,0.98,0.03,0.95,simulated,,0.03,filled,2026-08-12 02:37:43.17443,
795,76541,KXHIGHDEN-26AUG12-B87.5,kalshi,KXHIGHDEN-26AUG12-B87.5,weather,yes,0.03,100,2026-08-12 02:37:43.892121,true,2026-08-12 02:42:35.656941,0,loss,-3,0.98,0.03,0.95,simulated,,0.03,filled,2026-08-12 02:37:43.629143,
796,76542,KXHIGHNY-26AUG12-B83.5,kalshi,KXHIGHNY-26AUG12-B83.5,weather,yes,0.26,100,2026-08-12 02:37:44.591449,true,2026-08-12 02:42:35.827046,0,loss,-26,0.98,0.26,0.72,simulated,,0.26,filled,2026-08-12 02:37:44.331586,
797,76543,KXHIGHMIA-26AUG12-T96,kalshi,KXHIGHMIA-26AUG12-T96,weather,yes,0.03,100,2026-08-12 02:42:40.802855,true,2026-08-12 02:47:34.7312,1,win,97,0.98,0.03,0.95,simulated,,0.03,filled,2026-08-12 02:42:40.802541,
798,76544,KXHIGHDEN-26AUG12-B87.5,kalshi,KXHIGHDEN-26AUG12-B87.5,weather,yes,0.03,100,2026-08-12 02:42:41.484178,true,2026-08-12 02:47:34.900455,0,loss,-3,0.98,0.03,0.95,simulated,,0.03,filled,2026-08-12 02:42:41.233044,
799,76545,KXHIGHNY-26AUG12-B83.5,kalshi,KXHIGHNY-26AUG12-B83.5,weather,yes,0.26,100,2026-08-12 02:42:42.191664,true,2026-08-12 02:47:35.072458,0,loss,-26,0.98,0.26,0.72,simulated,,0.26,filled,2026-08-12 02:42:41.941534,
800,76546,KXHIGHMIA-26AUG12-T96,kalshi,KXHIGHMIA-26AUG12-T96,weather,yes,0.03,100,2026-08-12 02:47:40.318175,true,2026-08-12 02:52:35.525416,1,win,97,0.98,0.03,0.95,simulated,,0.03,filled,2026-08-12 02:47:40.317864,
801,76547,KXHIGHDEN-26AUG12-B87.5,kalshi,KXHIGHDEN-26AUG12-B87.5,weather,yes,0.03,100,2026-08-12 02:47:41.017292,true,2026-08-12 02:52:35.697743,0,loss,-3,0.98,0.03,0.95,simulated,,0.03,filled,2026-08-12 02:47:40.763808,
802,76548,KXHIGHNY-26AUG12-B83.5,kalshi,KXHIGHNY-26AUG12-B83.5,weather,yes,0.26,100,2026-08-12 02:47:41.733234,true,2026-08-12 02:52:35.868948,0,loss,-26,0.98,0.26,0.72,simulated,,0.26,filled,2026-08-12 02:47:41.469607,
803,76549,KXHIGHMIA-26AUG12-T96,kalshi,KXHIGHMIA-26AUG12-T96,weather,yes,0.03,100,2026-08-12 02:52:43.261047,true,2026-08-12 02:57:35.17951,1,win,97,0.98,0.03,0.95,simulated,,0.03,filled,2026-08-12 02:52:43.260792,
804,76550,KXHIGHDEN-26AUG12-B87.5,kalshi,KXHIGHDEN-26AUG12-B87.5,weather,yes,0.03,100,2026-08-12 02:52:43.918,true,2026-08-12 02:57:35.352316,0,loss,-3,0.98,0.03,0.95,simulated,,0.03,filled,2026-08-12 02:52:43.667982,
805,76551,KXHIGHNY-26AUG12-B83.5,kalshi,KXHIGHNY-26AUG12-B83.5,weather,yes,0.26,100,2026-08-12 02:52:44.600663,true,2026-08-12 02:57:35.522449,0,loss,-26,0.98,0.26,0.72,simulated,,0.26,filled,2026-08-12 02:52:44.346918,
806,76552,KXHIGHMIA-26AUG12-T96,kalshi,KXHIGHMIA-26AUG12-T96,weather,yes,0.03,100,2026-08-12 02:57:41.447684,true,2026-08-12 03:02:35.577669,1,win,97,0.98,0.03,0.95,simulated,,0.03,filled,2026-08-12 02:57:41.447337,
807,76553,KXHIGHDEN-26AUG12-B87.5,kalshi,KXHIGHDEN-26AUG12-B87.5,weather,yes,0.03,100,2026-08-12 02:57:42.132028,true,2026-08-12 03:02:35.750706,0,loss,-3,0.98,0.03,0.95,simulated,,0.03,filled,2026-08-12 02:57:41.872482,
808,76554,KXHIGHNY-26AUG12-B83.5,kalshi,KXHIGHNY-26AUG12-B83.5,weather,yes,0.26,100,2026-08-12 02:57:42.81586,true,2026-08-12 03:02:35.920627,0,loss,-26,0.98,0.26,0.72,simulated,,0.26,filled,2026-08-12 02:57:42.557845,
809,76555,KXHIGHMIA-26AUG12-T96,kalshi,KXHIGHMIA-26AUG12-T96,weather,yes,0.03,100,2026-08-12 03:02:41.504809,true,2026-08-12 03:07:34.658957,1,win,97,0.98,0.03,0.95,simulated,,0.03,filled,2026-08-12 03:02:41.504371,
810,76556,KXHIGHDEN-26AUG12-B87.5,kalshi,KXHIGHDEN-26AUG12-B87.5,weather,yes,0.03,100,2026-08-12 03:02:42.183601,true,2026-08-12 03:07:34.831993,0,loss,-3,0.98,0.03,0.95,simulated,,0.03,filled,2026-08-12 03:02:41.927448,
811,76557,KXHIGHNY-26AUG12-B83.5,kalshi,KXHIGHNY-26AUG12-B83.5,weather,yes,0.26,100,2026-08-12 03:02:42.869176,true,2026-08-12 03:07:35.002217,0,loss,-26,0.98,0.26,0.72,simulated,,0.26,filled,2026-08-12 03:02:42.615595,
812,76558,KXHIGHMIA-26AUG12-T96,kalshi,KXHIGHMIA-26AUG12-T96,weather,yes,0.03,100,2026-08-12 03:07:40.288387,true,2026-08-12 03:12:35.311299,1,win,97,0.98,0.03,0.95,simulated,,0.03,filled,2026-08-12 03:07:40.288106,
813,76559,KXHIGHDEN-26AUG12-B87.5,kalshi,KXHIGHDEN-26AUG12-B87.5,weather,yes,0.03,100,2026-08-12 03:07:40.968416,true,2026-08-12 03:12:35.48898,0,loss,-3,0.98,0.03,0.95,simulated,,0.03,filled,2026-08-12 03:07:40.710507,
814,76560,KXHIGHNY-26AUG12-B83.5,kalshi,KXHIGHNY-26AUG12-B83.5,weather,yes,0.26,100,2026-08-12 03:07:41.655439,true,2026-08-12 03:12:35.666017,0,loss,-26,0.98,0.26,0.72,simulated,,0.26,filled,2026-08-12 03:07:41.397758,
815,76561,KXHIGHMIA-26AUG12-T96,kalshi,KXHIGHMIA-26AUG12-T96,weather,yes,0.03,100,2026-08-12 03:12:43.285749,true,2026-08-12 03:17:35.520303,1,win,97,0.98,0.03,0.95,simulated,,0.03,filled,2026-08-12 03:12:43.285448,
816,76562,KXHIGHDEN-26AUG12-B87.5,kalshi,KXHIGHDEN-26AUG12-B87.5,weather,yes,0.03,100,2026-08-12 03:12:43.990271,true,2026-08-12 03:17:35.687286,0,loss,-3,0.98,0.03,0.95,simulated,,0.03,filled,2026-08-12 03:12:43.722752,
817,76563,KXHIGHNY-26AUG12-B83.5,kalshi,KXHIGHNY-26AUG12-B83.5,weather,yes,0.26,100,2026-08-12 03:12:44.702999,true,2026-08-12 03:17:35.857681,0,loss,-26,0.98,0.26,0.72,simulated,,0.26,filled,2026-08-12 03:12:44.436505,
818,76564,KXHIGHMIA-26AUG12-T96,kalshi,KXHIGHMIA-26AUG12-T96,weather,yes,0.03,100,2026-08-12 03:17:41.990639,true,2026-08-12 03:22:34.665783,1,win,97,0.98,0.03,0.95,simulated,,0.03,filled,2026-08-12 03:17:41.990347,
819,76565,KXHIGHDEN-26AUG12-B87.5,kalshi,KXHIGHDEN-26AUG12-B87.5,weather,yes,0.03,100,2026-08-12 03:17:42.674233,true,2026-08-12 03:22:34.831941,0,loss,-3,0.98,0.03,0.95,simulated,,0.03,filled,2026-08-12 03:17:42.41274,
820,76566,KXHIGHNY-26AUG12-B83.5,kalshi,KXHIGHNY-26AUG12-B83.5,weather,yes,0.26,100,2026-08-12 03:17:43.382675,true,2026-08-12 03:22:35.032054,0,loss,-26,0.98,0.26,0.72,simulated,,0.26,filled,2026-08-12 03:17:43.129491,
821,76567,KXHIGHMIA-26AUG12-T96,kalshi,KXHIGHMIA-26AUG12-T96,weather,yes,0.03,100,2026-08-12 03:22:40.412428,true,2026-08-12 03:27:35.901474,1,win,97,0.98,0.03,0.95,simulated,,0.03,filled,2026-08-12 03:22:40.412098,
822,76568,KXHIGHDEN-26AUG12-B87.5,kalshi,KXHIGHDEN-26AUG12-B87.5,weather,yes,0.03,100,2026-08-12 03:22:41.100916,true,2026-08-12 03:27:36.078328,0,loss,-3,0.98,0.03,0.95,simulated,,0.03,filled,2026-08-12 03:22:40.842432,
823,76569,KXHIGHNY-26AUG12-B83.5,kalshi,KXHIGHNY-26AUG12-B83.5,weather,yes,0.26,100,2026-08-12 03:22:41.784553,true,2026-08-12 03:27:36.25596,0,loss,-26,0.98,0.26,0.72,simulated,,0.26,filled,2026-08-12 03:22:41.526068,
824,76570,KXHIGHMIA-26AUG12-T96,kalshi,KXHIGHMIA-26AUG12-T96,weather,yes,0.03,100,2026-08-12 03:27:43.608817,true,2026-08-12 03:32:34.171057,1,win,97,0.98,0.03,0.95,simulated,,0.03,filled,2026-08-12 03:27:43.608532,
825,76571,KXHIGHDEN-26AUG12-B87.5,kalshi,KXHIGHDEN-26AUG12-B87.5,weather,yes,0.03,100,2026-08-12 03:27:44.323445,true,2026-08-12 03:32:34.343891,0,loss,-3,0.98,0.03,0.95,simulated,,0.03,filled,2026-08-12 03:27:44.062842,
826,76572,KXHIGHNY-26AUG12-B83.5,kalshi,KXHIGHNY-26AUG12-B83.5,weather,yes,0.26,100,2026-08-12 03:27:44.985159,true,2026-08-12 03:32:34.521372,0,loss,-26,0.98,0.26,0.72,simulated,,0.26,filled,2026-08-12 03:27:44.733686,
827,76573,KXHIGHMIA-26AUG12-T96,kalshi,KXHIGHMIA-26AUG12-T96,weather,yes,0.03,100,2026-08-12 03:32:40.575269,true,2026-08-12 03:37:35.599741,1,win,97,0.98,0.03,0.95,simulated,,0.03,filled,2026-08-12 03:32:40.57497,
828,76574,KXHIGHDEN-26AUG12-B87.5,kalshi,KXHIGHDEN-26AUG12-B87.5,weather,yes,0.03,100,2026-08-12 03:32:41.267715,true,2026-08-12 03:37:35.775759,0,loss,-3,0.98,0.03,0.95,simulated,,0.03,filled,2026-08-12 03:32:41.008162,
829,76575,KXHIGHNY-26AUG12-B83.5,kalshi,KXHIGHNY-26AUG12-B83.5,weather,yes,0.26,100,2026-08-12 03:32:41.963088,true,2026-08-12 03:37:35.951144,0,loss,-26,0.98,0.26,0.72,simulated,,0.26,filled,2026-08-12 03:32:41.704632,
830,76576,KXHIGHMIA-26AUG12-T96,kalshi,KXHIGHMIA-26AUG12-T96,weather,yes,0.03,100,2026-08-12 03:37:40.336384,true,2026-08-12 03:42:34.202498,1,win,97,0.98,0.03,0.95,simulated,,0.03,filled,2026-08-12 03:37:40.336079,
831,76577,KXHIGHDEN-26AUG12-B87.5,kalshi,KXHIGHDEN-26AUG12-B87.5,weather,yes,0.03,100,2026-08-12 03:37:41.018001,true,2026-08-12 03:42:34.383742,0,loss,-3,0.98,0.03,0.95,simulated,,0.03,filled,2026-08-12 03:37:40.768284,
832,76578,KXHIGHNY-26AUG12-B83.5,kalshi,KXHIGHNY-26AUG12-B83.5,weather,yes,0.26,100,2026-08-12 03:37:41.687346,true,2026-08-12 03:42:34.55369,0,loss,-26,0.98,0.26,0.72,simulated,,0.26,filled,2026-08-12 03:37:41.429071,
833,76579,KXHIGHMIA-26AUG12-T96,kalshi,KXHIGHMIA-26AUG12-T96,weather,yes,0.03,100,2026-08-12 03:42:40.030705,true,2026-08-12 03:47:35.7593,1,win,97,0.98,0.03,0.95,simulated,,0.03,filled,2026-08-12 03:42:40.030386,
834,76580,KXHIGHDEN-26AUG12-B87.5,kalshi,KXHIGHDEN-26AUG12-B87.5,weather,yes,0.03,100,2026-08-12 03:42:40.717299,true,2026-08-12 03:47:35.929454,0,loss,-3,0.98,0.03,0.95,simulated,,0.03,filled,2026-08-12 03:42:40.457681,
835,76581,KXHIGHNY-26AUG12-B83.5,kalshi,KXHIGHNY-26AUG12-B83.5,weather,yes,0.26,100,2026-08-12 03:42:41.411642,true,2026-08-12 03:47:36.100794,0,loss,-26,0.98,0.26,0.72,simulated,,0.26,filled,2026-08-12 03:42:41.151623,
836,76582,KXHIGHMIA-26AUG12-T96,kalshi,KXHIGHMIA-26AUG12-T96,weather,yes,0.03,100,2026-08-12 03:47:43.775223,true,2026-08-12 03:52:34.718919,1,win,97,0.98,0.03,0.95,simulated,,0.03,filled,2026-08-12 03:47:43.77494,
837,76583,KXHIGHDEN-26AUG12-B87.5,kalshi,KXHIGHDEN-26AUG12-B87.5,weather,yes,0.03,100,2026-08-12 03:47:44.458421,true,2026-08-12 03:52:34.890195,0,loss,-3,0.98,0.03,0.95,simulated,,0.03,filled,2026-08-12 03:47:44.204391,
838,76584,KXHIGHNY-26AUG12-B83.5,kalshi,KXHIGHNY-26AUG12-B83.5,weather,yes,0.26,100,2026-08-12 03:47:45.133432,true,2026-08-12 03:52:35.060033,0,loss,-26,0.98,0.26,0.72,simulated,,0.26,filled,2026-08-12 03:47:44.873052,
839,76585,KXHIGHMIA-26AUG12-T96,kalshi,KXHIGHMIA-26AUG12-T96,weather,yes,0.03,88.6,2026-08-12 03:52:40.437438,true,2026-08-12 03:57:35.897528,1,win,85.94,0.98,0.03,0.95,simulated,,0.03,filled,2026-08-12 03:52:40.437159,
840,76586,KXHIGHDEN-26AUG12-B87.5,kalshi,KXHIGHDEN-26AUG12-B87.5,weather,yes,0.03,88.6,2026-08-12 03:52:41.162353,true,2026-08-12 03:57:36.068027,0,loss,-2.66,0.98,0.03,0.95,simulated,,0.03,filled,2026-08-12 03:52:40.860592,
841,76587,KXHIGHNY-26AUG12-B83.5,kalshi,KXHIGHNY-26AUG12-B83.5,weather,yes,0.26,88.6,2026-08-12 03:52:41.856819,true,2026-08-12 03:57:36.238479,0,loss,-23.04,0.98,0.26,0.72,simulated,,0.26,filled,2026-08-12 03:52:41.598701,
842,76588,KXHIGHDEN-26AUG12-B87.5,kalshi,KXHIGHDEN-26AUG12-B87.5,weather,yes,0.02,78.322,2026-08-12 03:57:40.834153,true,2026-08-12 04:02:34.168724,0,loss,-1.57,0.98,0.02,0.96,simulated,,0.02,filled,2026-08-12 03:57:40.833727,
843,76589,KXHIGHMIA-26AUG12-T96,kalshi,KXHIGHMIA-26AUG12-T96,weather,yes,0.03,78.322,2026-08-12 03:57:41.522313,true,2026-08-12 04:02:34.341827,1,win,75.97,0.98,0.03,0.95,simulated,,0.03,filled,2026-08-12 03:57:41.27213,
844,76590,KXHIGHNY-26AUG12-B83.5,kalshi,KXHIGHNY-26AUG12-B83.5,weather,yes,0.26,78.322,2026-08-12 03:57:42.206891,true,2026-08-12 04:02:34.512533,0,loss,-20.36,0.98,0.26,0.72,simulated,,0.26,filled,2026-08-12 03:57:41.951345,
845,76591,KXHIGHDEN-26AUG12-B87.5,kalshi,KXHIGHDEN-26AUG12-B87.5,weather,yes,0.02,69.2757,2026-08-12 04:02:39.643327,true,2026-08-12 04:07:35.59432,0,loss,-1.39,0.98,0.02,0.96,simulated,,0.02,filled,2026-08-12 04:02:39.643049,
846,76592,KXHIGHMIA-26AUG12-T96,kalshi,KXHIGHMIA-26AUG12-T96,weather,yes,0.03,69.2757,2026-08-12 04:02:40.341388,true,2026-08-12 04:07:35.765215,1,win,67.2,0.98,0.03,0.95,simulated,,0.03,filled,2026-08-12 04:02:40.076723,
847,76593,KXHIGHNY-26AUG12-B83.5,kalshi,KXHIGHNY-26AUG12-B83.5,weather,yes,0.26,69.2757,2026-08-12 04:02:41.172302,true,2026-08-12 04:07:35.935896,0,loss,-18.01,0.98,0.26,0.72,simulated,,0.26,filled,2026-08-12 04:02:40.913748,
848,76594,KXHIGHDEN-26AUG12-B87.5,kalshi,KXHIGHDEN-26AUG12-B87.5,weather,yes,0.02,61.274345,2026-08-12 04:07:46.742423,true,2026-08-12 04:12:34.661984,0,loss,-1.23,0.98,0.02,0.96,simulated,,0.02,filled,2026-08-12 04:07:46.742113,
849,76595,KXHIGHMIA-26AUG12-T96,kalshi,KXHIGHMIA-26AUG12-T96,weather,yes,0.03,61.274345,2026-08-12 04:07:47.425728,true,2026-08-12 04:12:34.834464,1,win,59.44,0.98,0.03,0.95,simulated,,0.03,filled,2026-08-12 04:07:47.17444,
850,76596,KXHIGHNY-26AUG12-B83.5,kalshi,KXHIGHNY-26AUG12-B83.5,weather,yes,0.26,61.274345,2026-08-12 04:07:48.212486,true,2026-08-12 04:12:35.00559,0,loss,-15.93,0.98,0.26,0.72,simulated,,0.26,filled,2026-08-12 04:07:47.958285,
851,76597,KXHIGHDEN-26AUG12-B87.5,kalshi,KXHIGHDEN-26AUG12-B87.5,weather,yes,0.02,54.19719325,2026-08-12 04:12:39.893248,true,2026-08-12 04:17:35.681829,0,loss,-1.08,0.98,0.02,0.96,simulated,,0.02,filled,2026-08-12 04:12:39.892939,
852,76598,KXHIGHMIA-26AUG12-T96,kalshi,KXHIGHMIA-26AUG12-T96,weather,yes,0.03,54.19719325,2026-08-12 04:12:40.562418,true,2026-08-12 04:17:35.854162,1,win,52.57,0.98,0.03,0.95,simulated,,0.03,filled,2026-08-12 04:12:40.307331,
853,76599,KXHIGHNY-26AUG12-B83.5,kalshi,KXHIGHNY-26AUG12-B83.5,weather,yes,0.26,54.19719325,2026-08-12 04:12:41.228991,true,2026-08-12 04:17:36.025863,0,loss,-14.09,0.98,0.26,0.72,simulated,,0.26,filled,2026-08-12 04:12:40.981,
854,76600,KXHIGHDEN-26AUG12-B87.5,kalshi,KXHIGHDEN-26AUG12-B87.5,weather,yes,0.02,47.9376142625,2026-08-12 04:17:40.097134,true,2026-08-12 04:22:34.738891,0,loss,-0.96,0.98,0.02,0.96,simulated,,0.02,filled,2026-08-12 04:17:40.09682,
855,76601,KXHIGHMIA-26AUG12-T96,kalshi,KXHIGHMIA-26AUG12-T96,weather,yes,0.03,47.9376142625,2026-08-12 04:17:40.85975,true,2026-08-12 04:22:34.911679,1,win,46.5,0.98,0.03,0.95,simulated,,0.03,filled,2026-08-12 04:17:40.601404,
856,76602,KXHIGHNY-26AUG12-B83.5,kalshi,KXHIGHNY-26AUG12-B83.5,weather,yes,0.26,47.9376142625,2026-08-12 04:17:41.571384,true,2026-08-12 04:22:35.083344,0,loss,-12.46,0.98,0.26,0.72,simulated,,0.26,filled,2026-08-12 04:17:41.310449,
857,76603,KXHIGHDEN-26AUG12-B87.5,kalshi,KXHIGHDEN-26AUG12-B87.5,weather,yes,0.02,42.400972123125,2026-08-12 04:22:46.983842,true,2026-08-12 04:27:36.218718,0,loss,-0.85,0.98,0.02,0.96,simulated,,0.02,filled,2026-08-12 04:22:46.983465,
858,76604,KXHIGHMIA-26AUG12-T96,kalshi,KXHIGHMIA-26AUG12-T96,weather,yes,0.03,42.400972123125,2026-08-12 04:22:47.67798,true,2026-08-12 04:27:36.39203,1,win,41.13,0.98,0.03,0.95,simulated,,0.03,filled,2026-08-12 04:22:47.430963,
859,76605,KXHIGHNY-26AUG12-B83.5,kalshi,KXHIGHNY-26AUG12-B83.5,weather,yes,0.26,42.400972123125,2026-08-12 04:22:48.362813,true,2026-08-12 04:27:36.57116,0,loss,-11.02,0.98,0.26,0.72,simulated,,0.26,filled,2026-08-12 04:22:48.108701,
860,76606,KXHIGHDEN-26AUG12-B87.5,kalshi,KXHIGHDEN-26AUG12-B87.5,weather,yes,0.02,37.5038263046563,2026-08-12 04:27:40.514222,true,2026-08-12 04:32:34.182613,0,loss,-0.75,0.98,0.02,0.96,simulated,,0.02,filled,2026-08-12 04:27:40.51387,
861,76607,KXHIGHMIA-26AUG12-T96,kalshi,KXHIGHMIA-26AUG12-T96,weather,yes,0.03,37.5038263046563,2026-08-12 04:27:41.188256,true,2026-08-12 04:32:34.358262,1,win,36.38,0.98,0.03,0.95,simulated,,0.03,filled,2026-08-12 04:27:40.931914,
862,76608,KXHIGHNY-26AUG12-B83.5,kalshi,KXHIGHNY-26AUG12-B83.5,weather,yes,0.26,37.5038263046563,2026-08-12 04:27:41.865814,true,2026-08-12 04:32:34.537694,0,loss,-9.75,0.98,0.26,0.72,simulated,,0.26,filled,2026-08-12 04:27:41.607377,
863,76609,KXHIGHDEN-26AUG12-B87.5,kalshi,KXHIGHDEN-26AUG12-B87.5,weather,yes,0.02,33.1722523589578,2026-08-12 04:32:39.580383,true,2026-08-12 04:37:35.618008,0,loss,-0.66,0.98,0.02,0.96,simulated,,0.02,filled,2026-08-12 04:32:39.580126,
864,76610,KXHIGHMIA-26AUG12-T96,kalshi,KXHIGHMIA-26AUG12-T96,weather,yes,0.03,33.1722523589578,2026-08-12 04:32:40.252799,true,2026-08-12 04:37:35.791464,1,win,32.18,0.98,0.03,0.95,simulated,,0.03,filled,2026-08-12 04:32:39.994533,
865,76611,KXHIGHNY-26AUG12-B83.5,kalshi,KXHIGHNY-26AUG12-B83.5,weather,yes,0.26,33.1722523589578,2026-08-12 04:32:40.927749,true,2026-08-12 04:37:35.96966,0,loss,-8.62,0.98,0.26,0.72,simulated,,0.26,filled,2026-08-12 04:32:40.673346,
866,76612,KXHIGHDEN-26AUG12-B87.5,kalshi,KXHIGHDEN-26AUG12-B87.5,weather,yes,0.02,29.3414145051141,2026-08-12 04:37:39.729913,true,2026-08-12 04:42:34.665213,0,loss,-0.59,0.98,0.02,0.96,simulated,,0.02,filled,2026-08-12 04:37:39.729594,
867,76613,KXHIGHMIA-26AUG12-T96,kalshi,KXHIGHMIA-26AUG12-T96,weather,yes,0.04,29.3414145051141,2026-08-12 04:37:40.411168,true,2026-08-12 04:42:34.835518,1,win,28.17,0.98,0.04,0.94,simulated,,0.04,filled,2026-08-12 04:37:40.155929,
868,76614,KXHIGHNY-26AUG12-B83.5,kalshi,KXHIGHNY-26AUG12-B83.5,weather,yes,0.26,29.3414145051141,2026-08-12 04:37:41.114036,true,2026-08-12 04:42:35.015136,0,loss,-7.63,0.98,0.26,0.72,simulated,,0.26,filled,2026-08-12 04:37:40.856018,
869,76615,KXHIGHDEN-26AUG12-B87.5,kalshi,KXHIGHDEN-26AUG12-B87.5,weather,yes,0.02,25.937702329347,2026-08-12 04:42:46.76203,true,2026-08-12 04:47:35.221981,0,loss,-0.52,0.98,0.02,0.96,simulated,,0.02,filled,2026-08-12 04:42:46.761737,
870,76616,KXHIGHMIA-26AUG12-T96,kalshi,KXHIGHMIA-26AUG12-T96,weather,yes,0.05,25.937702329347,2026-08-12 04:42:47.448619,true,2026-08-12 04:47:35.395004,1,win,24.64,0.98,0.05,0.93,simulated,,0.05,filled,2026-08-12 04:42:47.190136,
871,76617,KXHIGHNY-26AUG12-B83.5,kalshi,KXHIGHNY-26AUG12-B83.5,weather,yes,0.26,25.937702329347,2026-08-12 04:42:48.149546,true,2026-08-12 04:47:35.565369,0,loss,-6.74,0.98,0.26,0.72,simulated,,0.26,filled,2026-08-12 04:42:47.892991,
872,76618,KXHIGHDEN-26AUG12-B87.5,kalshi,KXHIGHDEN-26AUG12-B87.5,weather,yes,0.02,22.916046979945,2026-08-12 04:47:39.89168,true,2026-08-12 04:52:35.563677,0,loss,-0.46,0.98,0.02,0.96,simulated,,0.02,filled,2026-08-12 04:47:39.891351,
873,76619,KXHIGHMIA-26AUG12-T96,kalshi,KXHIGHMIA-26AUG12-T96,weather,yes,0.05,22.916046979945,2026-08-12 04:47:40.565093,true,2026-08-12 04:52:35.735951,1,win,21.77,0.98,0.05,0.93,simulated,,0.05,filled,2026-08-12 04:47:40.307888,
874,76620,KXHIGHNY-26AUG12-B83.5,kalshi,KXHIGHNY-26AUG12-B83.5,weather,yes,0.26,22.916046979945,2026-08-12 04:47:41.242459,true,2026-08-12 04:52:35.906645,0,loss,-5.96,0.98,0.26,0.72,simulated,,0.26,filled,2026-08-12 04:47:40.990247,
875,76621,KXHIGHDEN-26AUG12-B87.5,kalshi,KXHIGHDEN-26AUG12-B87.5,weather,yes,0.02,20.2461399329532,2026-08-12 04:52:39.864706,true,2026-08-12 04:57:35.990919,0,loss,-0.4,0.98,0.02,0.96,simulated,,0.02,filled,2026-08-12 04:52:39.864417,
876,76622,KXHIGHMIA-26AUG12-T96,kalshi,KXHIGHMIA-26AUG12-T96,weather,yes,0.05,20.2461399329532,2026-08-12 04:52:40.54932,true,2026-08-12 04:57:36.162615,1,win,19.23,0.98,0.05,0.93,simulated,,0.05,filled,2026-08-12 04:52:40.297936,
877,76623,KXHIGHNY-26AUG12-B83.5,kalshi,KXHIGHNY-26AUG12-B83.5,weather,yes,0.26,20.2461399329532,2026-08-12 04:52:41.235959,true,2026-08-12 04:57:36.333695,0,loss,-5.26,0.98,0.26,0.72,simulated,,0.26,filled,2026-08-12 04:52:40.981514,
878,76624,KXHIGHDEN-26AUG12-B87.5,kalshi,KXHIGHDEN-26AUG12-B87.5,weather,yes,0.02,17.8877189430102,2026-08-12 04:57:47.342091,true,2026-08-12 05:02:34.147783,0,loss,-0.36,0.98,0.02,0.96,simulated,,0.02,filled,2026-08-12 04:57:47.341782,
879,76625,KXHIGHMIA-26AUG12-T96,kalshi,KXHIGHMIA-26AUG12-T96,weather,yes,0.05,17.8877189430102,2026-08-12 04:57:48.03172,true,2026-08-12 05:02:34.32311,1,win,16.99,0.98,0.05,0.93,simulated,,0.05,filled,2026-08-12 04:57:47.774965,
880,76626,KXHIGHNY-26AUG12-B83.5,kalshi,KXHIGHNY-26AUG12-B83.5,weather,yes,0.26,17.8877189430102,2026-08-12 04:57:48.72488,true,2026-08-12 05:02:34.494499,0,loss,-4.65,0.98,0.26,0.72,simulated,,0.26,filled,2026-08-12 04:57:48.471549,
881,76627,KXHIGHDEN-26AUG12-B87.5,kalshi,KXHIGHDEN-26AUG12-B87.5,weather,yes,0.02,15.8035611015587,2026-08-12 05:02:39.531914,true,2026-08-12 05:07:35.483126,0,loss,-0.32,0.98,0.02,0.96,simulated,,0.02,filled,2026-08-12 05:02:39.531609,
882,76628,KXHIGHMIA-26AUG12-T96,kalshi,KXHIGHMIA-26AUG12-T96,weather,yes,0.04,15.8035611015587,2026-08-12 05:02:40.213427,true,2026-08-12 05:07:35.65691,1,win,15.17,0.98,0.04,0.94,simulated,,0.04,filled,2026-08-12 05:02:39.957182,
883,76629,KXHIGHNY-26AUG12-B83.5,kalshi,KXHIGHNY-26AUG12-B83.5,weather,yes,0.27,15.8035611015587,2026-08-12 05:02:40.888226,true,2026-08-12 05:07:35.827312,0,loss,-4.27,0.98,0.27,0.71,simulated,,0.27,filled,2026-08-12 05:02:40.630758,
884,76630,KXHIGHDEN-26AUG12-B87.5,kalshi,KXHIGHDEN-26AUG12-B87.5,weather,yes,0.02,13.9620269363249,2026-08-12 05:07:39.936735,true,2026-08-12 05:12:34.673369,0,loss,-0.28,0.98,0.02,0.96,simulated,,0.02,filled,2026-08-12 05:07:39.936445,
885,76631,KXHIGHMIA-26AUG12-T96,kalshi,KXHIGHMIA-26AUG12-T96,weather,yes,0.04,13.9620269363249,2026-08-12 05:07:40.642151,true,2026-08-12 05:12:34.844178,1,win,13.4,0.98,0.04,0.94,simulated,,0.04,filled,2026-08-12 05:07:40.381417,
886,76632,KXHIGHNY-26AUG12-B83.5,kalshi,KXHIGHNY-26AUG12-B83.5,weather,yes,0.28,13.9620269363249,2026-08-12 05:07:41.327966,true,2026-08-12 05:12:35.015059,0,loss,-3.91,0.98,0.28,0.7,simulated,,0.28,filled,2026-08-12 05:07:41.074536,
887,76633,KXHIGHDEN-26AUG12-B87.5,kalshi,KXHIGHDEN-26AUG12-B87.5,weather,yes,0.02,12.3282228958761,2026-08-12 05:12:39.700717,true,2026-08-12 05:17:35.875642,0,loss,-0.25,0.98,0.02,0.96,simulated,,0.02,filled,2026-08-12 05:12:39.700406,
888,76634,KXHIGHMIA-26AUG12-T96,kalshi,KXHIGHMIA-26AUG12-T96,weather,yes,0.04,12.3282228958761,2026-08-12 05:12:40.375089,true,2026-08-12 05:17:35.53477,1,win,11.84,0.98,0.04,0.94,simulated,,0.04,filled,2026-08-12 05:12:40.126327,
889,76635,KXHIGHNY-26AUG12-B83.5,kalshi,KXHIGHNY-26AUG12-B83.5,weather,yes,0.27,12.3282228958761,2026-08-12 05:12:41.068803,true,2026-08-12 05:17:35.700961,0,loss,-3.33,0.98,0.27,0.71,simulated,,0.27,filled,2026-08-12 05:12:40.815679,
890,76636,KXHIGHDEN-26AUG12-B87.5,kalshi,KXHIGHDEN-26AUG12-B87.5,weather,yes,0.02,10.8919894614947,2026-08-12 05:17:47.021624,true,2026-08-12 05:22:34.169892,0,loss,-0.22,0.98,0.02,0.96,simulated,,0.02,filled,2026-08-12 05:17:47.021265,
891,76637,KXHIGHMIA-26AUG12-T96,kalshi,KXHIGHMIA-26AUG12-T96,weather,yes,0.04,10.8919894614947,2026-08-12 05:17:47.6979,true,2026-08-12 05:22:34.339414,1,win,10.46,0.98,0.04,0.94,simulated,,0.04,filled,2026-08-12 05:17:47.43757,
892,76638,KXHIGHNY-26AUG12-B83.5,kalshi,KXHIGHNY-26AUG12-B83.5,weather,yes,0.26,10.8919894614947,2026-08-12 05:17:48.393886,true,2026-08-12 05:22:34.509631,0,loss,-2.83,0.98,0.26,0.72,simulated,,0.26,filled,2026-08-12 05:17:48.139345,
893,76639,KXHIGHDEN-26AUG12-B87.5,kalshi,KXHIGHDEN-26AUG12-B87.5,weather,yes,0.02,10,2026-08-12 05:22:39.656335,true,2026-08-12 05:27:35.989274,0,loss,-0.2,0.98,0.02,0.96,simulated,,0.02,filled,2026-08-12 05:22:39.656042,
894,76640,KXHIGHMIA-26AUG12-T96,kalshi,KXHIGHMIA-26AUG12-T96,weather,yes,0.04,10,2026-08-12 05:22:40.33774,true,2026-08-12 05:27:36.162669,1,win,9.6,0.98,0.04,0.94,simulated,,0.04,filled,2026-08-12 05:22:40.084455,
895,76641,KXHIGHNY-26AUG12-B83.5,kalshi,KXHIGHNY-26AUG12-B83.5,weather,yes,0.26,10,2026-08-12 05:22:41.035158,true,2026-08-12 05:27:36.332515,0,loss,-2.6,0.98,0.26,0.72,simulated,,0.26,filled,2026-08-12 05:22:40.780301,
896,76642,KXHIGHDEN-26AUG12-B87.5,kalshi,KXHIGHDEN-26AUG12-B87.5,weather,yes,0.02,10,2026-08-12 05:27:40.433473,true,2026-08-12 05:32:34.173059,0,loss,-0.2,0.98,0.02,0.96,simulated,,0.02,filled,2026-08-12 05:27:40.43317,
897,76643,KXHIGHMIA-26AUG12-T96,kalshi,KXHIGHMIA-26AUG12-T96,weather,yes,0.04,10,2026-08-12 05:27:41.132575,true,2026-08-12 05:32:34.349689,1,win,9.6,0.98,0.04,0.94,simulated,,0.04,filled,2026-08-12 05:27:40.875896,
898,76644,KXHIGHNY-26AUG12-B83.5,kalshi,KXHIGHNY-26AUG12-B83.5,weather,yes,0.26,10,2026-08-12 05:27:41.824894,true,2026-08-12 05:32:34.522391,0,loss,-2.6,0.98,0.26,0.72,simulated,,0.26,filled,2026-08-12 05:27:41.567278,
899,76645,KXHIGHDEN-26AUG12-B87.5,kalshi,KXHIGHDEN-26AUG12-B87.5,weather,yes,0.02,10,2026-08-12 05:32:39.667859,true,2026-08-12 05:37:35.656757,0,loss,-0.2,0.98,0.02,0.96,simulated,,0.02,filled,2026-08-12 05:32:39.667541,
900,76646,KXHIGHMIA-26AUG12-T96,kalshi,KXHIGHMIA-26AUG12-T96,weather,yes,0.05,10,2026-08-12 05:32:40.350358,true,2026-08-12 05:37:35.827663,1,win,9.5,0.98,0.05,0.93,simulated,,0.05,filled,2026-08-12 05:32:40.089925,
901,76647,KXHIGHNY-26AUG12-B83.5,kalshi,KXHIGHNY-26AUG12-B83.5,weather,yes,0.26,10,2026-08-12 05:32:41.037202,true,2026-08-12 05:37:35.998987,0,loss,-2.6,0.98,0.26,0.72,simulated,,0.26,filled,2026-08-12 05:32:40.773723,
902,76648,KXHIGHDEN-26AUG12-B87.5,kalshi,KXHIGHDEN-26AUG12-B87.5,weather,yes,0.02,10,2026-08-12 05:37:46.833855,true,2026-08-12 05:42:34.676682,0,loss,-0.2,0.98,0.02,0.96,simulated,,0.02,filled,2026-08-12 05:37:46.833545,
903,76649,KXHIGHMIA-26AUG12-T96,kalshi,KXHIGHMIA-26AUG12-T96,weather,yes,0.04,10,2026-08-12 05:37:47.517164,true,2026-08-12 05:42:34.849251,1,win,9.6,0.98,0.04,0.94,simulated,,0.04,filled,2026-08-12 05:37:47.267947,
904,76650,KXHIGHNY-26AUG12-B83.5,kalshi,KXHIGHNY-26AUG12-B83.5,weather,yes,0.26,10,2026-08-12 05:37:48.179763,true,2026-08-12 05:42:35.018951,0,loss,-2.6,0.98,0.26,0.72,simulated,,0.26,filled,2026-08-12 05:37:47.931548,
905,76651,KXHIGHDEN-26AUG12-B87.5,kalshi,KXHIGHDEN-26AUG12-B87.5,weather,yes,0.02,10,2026-08-12 05:42:39.827618,true,2026-08-12 05:47:35.195273,0,loss,-0.2,0.98,0.02,0.96,simulated,,0.02,filled,2026-08-12 05:42:39.827321,
906,76652,KXHIGHMIA-26AUG12-T96,kalshi,KXHIGHMIA-26AUG12-T96,weather,yes,0.03,10,2026-08-12 05:42:40.507202,true,2026-08-12 05:47:35.365559,1,win,9.7,0.98,0.03,0.95,simulated,,0.03,filled,2026-08-12 05:42:40.254807,
907,76653,KXHIGHNY-26AUG12-B83.5,kalshi,KXHIGHNY-26AUG12-B83.5,weather,yes,0.27,10,2026-08-12 05:42:41.183919,true,2026-08-12 05:47:35.535771,0,loss,-2.7,0.98,0.27,0.71,simulated,,0.27,filled,2026-08-12 05:42:40.933662,
908,76654,KXHIGHDEN-26AUG12-B87.5,kalshi,KXHIGHDEN-26AUG12-B87.5,weather,yes,0.02,10,2026-08-12 05:47:39.769506,true,2026-08-12 05:52:35.537156,0,loss,-0.2,0.98,0.02,0.96,simulated,,0.02,filled,2026-08-12 05:47:39.769186,
909,76655,KXHIGHMIA-26AUG12-T96,kalshi,KXHIGHMIA-26AUG12-T96,weather,yes,0.03,10,2026-08-12 05:47:40.502826,true,2026-08-12 05:52:35.710428,1,win,9.7,0.98,0.03,0.95,simulated,,0.03,filled,2026-08-12 05:47:40.247578,
910,76656,KXHIGHNY-26AUG12-B83.5,kalshi,KXHIGHNY-26AUG12-B83.5,weather,yes,0.26,10,2026-08-12 05:47:41.171678,true,2026-08-12 05:52:35.881773,0,loss,-2.6,0.98,0.26,0.72,simulated,,0.26,filled,2026-08-12 05:47:40.919245,
911,76657,KXHIGHMIA-26AUG12-T96,kalshi,KXHIGHMIA-26AUG12-T96,weather,yes,0.02,10,2026-08-12 05:52:41.011312,true,2026-08-12 05:57:36.106781,1,win,9.8,0.98,0.02,0.96,simulated,,0.02,filled,2026-08-12 05:52:41.010969,
912,76658,KXHIGHDEN-26AUG12-B87.5,kalshi,KXHIGHDEN-26AUG12-B87.5,weather,yes,0.02,10,2026-08-12 05:52:41.686661,true,2026-08-12 05:57:36.278129,0,loss,-0.2,0.98,0.02,0.96,simulated,,0.02,filled,2026-08-12 05:52:41.433578,
913,76659,KXHIGHNY-26AUG12-B83.5,kalshi,KXHIGHNY-26AUG12-B83.5,weather,yes,0.26,10,2026-08-12 05:52:42.344726,true,2026-08-12 05:57:36.449203,0,loss,-2.6,0.98,0.26,0.72,simulated,,0.26,filled,2026-08-12 05:52:42.096458,
914,76660,KXHIGHDEN-26AUG12-B87.5,kalshi,KXHIGHDEN-26AUG12-B87.5,weather,yes,0.02,10,2026-08-12 05:57:45.757211,true,2026-08-12 06:02:34.159773,0,loss,-0.2,0.98,0.02,0.96,simulated,,0.02,filled,2026-08-12 05:57:45.756895,
915,76661,KXHIGHNY-26AUG12-B83.5,kalshi,KXHIGHNY-26AUG12-B83.5,weather,yes,0.26,10,2026-08-12 05:57:46.436967,true,2026-08-12 06:02:34.326071,0,loss,-2.6,0.98,0.26,0.72,simulated,,0.26,filled,2026-08-12 05:57:46.185687,
916,76820,KXHIGHNY-26AUG12-B83.5,kalshi,KXHIGHNY-26AUG12-B83.5,weather,yes,0.08,10,2026-08-12 13:46:47.747721,true,2026-08-12 13:51:39.145469,0,loss,-0.8,0.98,0.09,0.89,maker_limit,,0.08,filled,2026-08-12 13:46:47.596876,
917,76823,KXHIGHNY-26AUG12-B83.5,kalshi,KXHIGHNY-26AUG12-B83.5,weather,yes,0.08,10,2026-08-12 13:51:42.132543,true,2026-08-12 13:56:37.812592,0,loss,-0.8,0.98,0.09,0.89,maker_limit,,0.08,filled,2026-08-12 13:51:41.960786,
918,76824,KXHIGHNY-26AUG12-B83.5,kalshi,KXHIGHNY-26AUG12-B83.5,weather,yes,0.1,10,2026-08-12 13:56:41.7459,true,2026-08-12 14:04:01.246462,0,loss,-1,0.98,0.11,0.87,maker_limit,,0.1,filled,2026-08-12 13:56:41.563664,
919,76828,KXHIGHDEN-26AUG12-B87.5,kalshi,KXHIGHDEN-26AUG12-B87.5,weather,yes,0.01,10,2026-08-12 14:09:02.241956,true,,,timed_out,0,0.98,0.02,0.96,timed_out,8067bc86-6002-4fff-82fb-081b2809ebba,0.01,timed_out,2026-08-12 14:09:02.097466,
920,76829,KXHIGHNY-26AUG12-B83.5,kalshi,KXHIGHNY-26AUG12-B83.5,weather,yes,0.07,10,2026-08-12 14:09:02.897416,true,,,timed_out,0,0.98,0.08,0.9,timed_out,87611232-fb09-4532-ad16-2802a7c93c99,0.07,timed_out,2026-08-12 14:09:02.504011,
921,76832,KXHIGHDEN-26AUG13-B78.5,kalshi,KXHIGHDEN-26AUG13-B78.5,weather,yes,0.16,10,2026-08-12 14:15:25.869493,true,,,timed_out,0,0.98,0.19,0.79,timed_out,d82bbe3b-34dd-496f-9c6d-801a1ca67d1d,0.16,timed_out,2026-08-12 14:15:25.714203,
922,,KXHIGHDEN-26AUG12-B87.5,kalshi,KXHIGHDEN-26AUG12-B87.5,weather,yes,0.01,10,2026-08-12 14:16:08.155535,true,,,timed_out,0,0.98,0.02,0.96,timed_out,2b0a2bd1-feea-4bfd-af36-52f5e0442968,0.01,timed_out,2026-08-12 14:16:07.649723,
923,,KXHIGHNY-26AUG12-B83.5,kalshi,KXHIGHNY-26AUG12-B83.5,weather,yes,0.09,10,2026-08-12 14:16:08.155549,true,,,timed_out,0,0.98,0.1,0.88,timed_out,9056ae34-0e35-4cf1-81e1-3a628d64528d,0.09,timed_out,2026-08-12 14:16:07.996084,
924,,KXHIGHDEN-26AUG13-B78.5,kalshi,KXHIGHDEN-26AUG13-B78.5,weather,yes,0.16,10,2026-08-12 14:19:07.709692,true,,,timed_out,0,0.98,0.18,0.8,timed_out,fe142469-eff7-4680-9b70-a25ba8f487b4,0.16,timed_out,2026-08-12 14:19:07.623847,
925,,KXHIGHDEN-26AUG12-B87.5,kalshi,KXHIGHDEN-26AUG12-B87.5,weather,yes,0.01,10,2026-08-12 14:20:08.603306,true,,,timed_out,0,0.98,0.02,0.96,timed_out,e1fcbace-aaee-45eb-a7de-09fa12d60eb3,0.01,timed_out,2026-08-12 14:20:07.991819,
926,,KXHIGHNY-26AUG12-B83.5,kalshi,KXHIGHNY-26AUG12-B83.5,weather,yes,0.09,10,2026-08-12 14:20:08.603316,true,,,timed_out,0,0.98,0.1,0.88,timed_out,4796fb7f-9dec-4970-8b0c-db3df4860ebe,0.09,timed_out,2026-08-12 14:20:08.43814,
927,,KXHIGHDEN-26AUG13-B78.5,kalshi,KXHIGHDEN-26AUG13-B78.5,weather,yes,0.16,10,2026-08-12 14:23:07.813751,true,,,timed_out,0,0.98,0.17,0.81,timed_out,7339b37d-f863-46a1-b6f8-3089196a11db,0.16,timed_out,2026-08-12 14:23:07.724401,
928,,KXHIGHDEN-26AUG12-B87.5,kalshi,KXHIGHDEN-26AUG12-B87.5,weather,yes,0.01,10,2026-08-12 14:24:08.255878,true,2026-08-12 14:25:07.744126,0,loss,-0.1,0.98,0.02,0.96,maker_limit,55872e0b-6e88-4d32-b51d-7edd83fe92e6,0.01,pending_fill,2026-08-12 14:24:07.696193,
929,,KXHIGHNY-26AUG12-B83.5,kalshi,KXHIGHNY-26AUG12-B83.5,weather,yes,0.1,10,2026-08-12 14:24:08.25589,true,2026-08-12 14:25:07.827991,0,loss,-1,0.98,0.11,0.87,maker_limit,6905078f-35ba-4e7a-b87b-dd446ed63fe1,0.1,pending_fill,2026-08-12 14:24:08.098307,
930,76846,KXHIGHDEN-26AUG12-B87.5,kalshi,KXHIGHDEN-26AUG12-B87.5,weather,yes,0.01,10,2026-08-12 14:25:13.180809,true,,,timed_out,0,0.98,0.02,0.96,timed_out,26d7bd1a-cf17-4142-997b-24aad4ec56ca,0.01,timed_out,2026-08-12 14:25:13.012484,
931,76847,KXHIGHNY-26AUG12-B83.5,kalshi,KXHIGHNY-26AUG12-B83.5,weather,yes,0.1,10,2026-08-12 14:25:13.838682,true,,,timed_out,0,0.98,0.11,0.87,timed_out,9bb0fb2e-55e5-4d90-a514-65a8ff654745,0.1,timed_out,2026-08-12 14:25:13.42209,
932,,KXHIGHDEN-26AUG13-B78.5,kalshi,KXHIGHDEN-26AUG13-B78.5,weather,yes,0.16,10,2026-08-12 14:27:07.713037,true,,,timed_out,0,0.98,0.17,0.81,timed_out,544032fe-6626-4120-b8fe-af6fb30a0e83,0.16,timed_out,2026-08-12 14:27:07.62809,
933,,KXHIGHDEN-26AUG12-B87.5,kalshi,KXHIGHDEN-26AUG12-B87.5,weather,yes,0.01,10,2026-08-12 14:29:08.149974,true,2026-08-12 14:30:15.591427,0,loss,-0.1,0.98,0.02,0.96,maker_limit,cda5397d-2cc4-4541-bba7-6e8fc40ac32f,0.01,pending_fill,2026-08-12 14:29:07.648429,
934,,KXHIGHNY-26AUG12-B83.5,kalshi,KXHIGHNY-26AUG12-B83.5,weather,yes,0.1,10,2026-08-12 14:29:08.149988,true,2026-08-12 14:30:15.670254,0,loss,-1,0.98,0.11,0.87,maker_limit,99050ab3-ef86-413d-977b-79a0f89e9789,0.1,pending_fill,2026-08-12 14:29:07.99129,
935,,KXHIGHDEN-26AUG13-B78.5,kalshi,KXHIGHDEN-26AUG13-B78.5,weather,yes,0.16,10,2026-08-12 14:31:07.752984,true,,,timed_out,0,0.98,0.17,0.81,timed_out,45cbc9f6-de4a-497c-9b43-bd9c917efdca,0.16,timed_out,2026-08-12 14:31:07.666777,
936,,KXHIGHDEN-26AUG13-B78.5,kalshi,KXHIGHDEN-26AUG13-B78.5,weather,yes,0.14,10,2026-08-12 14:35:08.086935,true,,,timed_out,0,0.98,0.17,0.81,timed_out,1b6bc540-7915-48a8-ae07-2d2e4d6aabcf,0.14,timed_out,2026-08-12 14:35:07.996503,
937,76854,KXHIGHDEN-26AUG12-B87.5,kalshi,KXHIGHDEN-26AUG12-B87.5,weather,yes,0.01,10,2026-08-12 14:35:23.232997,true,,,timed_out,0,0.98,0.02,0.96,timed_out,1007b451-9964-49ca-afc8-9284fad87bfa,0.01,timed_out,2026-08-12 14:35:23.066024,
938,76855,KXHIGHNY-26AUG12-B83.5,kalshi,KXHIGHNY-26AUG12-B83.5,weather,yes,0.13,10,2026-08-12 14:35:23.894951,true,,,timed_out,0,0.98,0.14,0.84,timed_out,c4fbc7ba-9991-49db-9988-4c09cf2bad84,0.13,timed_out,2026-08-12 14:35:23.479171,
939,,KXHIGHDEN-26AUG13-B78.5,kalshi,KXHIGHDEN-26AUG13-B78.5,weather,yes,0.15,10,2026-08-12 14:39:08.550349,true,,,timed_out,0,0.98,0.16,0.82,timed_out,8fb54cdb-fc03-47db-bd9d-7d0273648018,0.15,timed_out,2026-08-12 14:39:07.615283,
940,,KXHIGHDEN-26AUG12-B87.5,kalshi,KXHIGHDEN-26AUG12-B87.5,weather,yes,0.01,10,2026-08-12 14:39:08.550358,true,2026-08-12 14:40:09.350211,0,loss,-0.1,0.98,0.02,0.96,maker_limit,b1ca6be5-2027-45cd-a989-37fd78d7519b,0.01,pending_fill,2026-08-12 14:39:07.964991,
941,,KXHIGHNY-26AUG12-B83.5,kalshi,KXHIGHNY-26AUG12-B83.5,weather,yes,0.13,10,2026-08-12 14:39:08.55036,true,2026-08-12 14:40:09.432232,0,loss,-1.3,0.98,0.14,0.84,maker_limit,1f55b6ab-3ccd-49e8-a6bc-7a9b56ffe251,0.13,pending_fill,2026-08-12 14:39:08.311802,
942,76858,KXHIGHDEN-26AUG12-B87.5,kalshi,KXHIGHDEN-26AUG12-B87.5,weather,yes,0.01,10,2026-08-12 14:40:13.317481,true,,,timed_out,0,0.98,0.02,0.96,timed_out,2a1000d8-f81b-4cd9-92d8-fd30ea45e93c,0.01,timed_out,2026-08-12 14:40:13.137241,
943,76859,KXHIGHNY-26AUG12-B83.5,kalshi,KXHIGHNY-26AUG12-B83.5,weather,yes,0.14,10,2026-08-12 14:40:13.987755,true,,,timed_out,0,0.98,0.15,0.83,timed_out,59708f81-87bc-4eef-9a45-365fcb19a567,0.14,timed_out,2026-08-12 14:40:13.561556,
944,,KXHIGHDEN-26AUG13-B78.5,kalshi,KXHIGHDEN-26AUG13-B78.5,weather,yes,0.15,10,2026-08-12 14:43:07.864279,true,,,timed_out,0,0.98,0.16,0.82,timed_out,c2626685-474c-447f-a4ca-cabfe804dd95,0.15,timed_out,2026-08-12 14:43:07.775082,
945,,KXHIGHDEN-26AUG12-B87.5,kalshi,KXHIGHDEN-26AUG12-B87.5,weather,yes,0.01,10,2026-08-12 14:44:08.232127,true,2026-08-12 14:45:09.646546,0,loss,-0.1,0.98,0.02,0.96,maker_limit,6df0bd67-5fdd-4e7b-b9c9-db4cb5243753,0.01,pending_fill,2026-08-12 14:44:07.730259,
946,,KXHIGHNY-26AUG12-B83.5,kalshi,KXHIGHNY-26AUG12-B83.5,weather,yes,0.14,10,2026-08-12 14:44:08.232137,true,2026-08-12 14:45:09.730753,0,loss,-1.4,0.98,0.15,0.83,maker_limit,0fc37091-fe90-490c-a5a3-185c8b98ea73,0.14,pending_fill,2026-08-12 14:44:08.073309,
947,76862,KXHIGHDEN-26AUG12-B87.5,kalshi,KXHIGHDEN-26AUG12-B87.5,weather,yes,0.01,10,2026-08-12 14:45:13.742549,true,,,timed_out,0,0.98,0.02,0.96,timed_out,d80ba549-d5a6-4d98-8864-f9dea03e5afc,0.01,timed_out,2026-08-12 14:45:13.572874,
948,76863,KXHIGHNY-26AUG12-B83.5,kalshi,KXHIGHNY-26AUG12-B83.5,weather,yes,0.14,10,2026-08-12 14:45:14.399845,true,,,timed_out,0,0.98,0.15,0.83,timed_out,b3944fbe-a1fc-426d-a47c-4733ffdea22d,0.14,timed_out,2026-08-12 14:45:13.99487,
949,,KXHIGHDEN-26AUG13-B78.5,kalshi,KXHIGHDEN-26AUG13-B78.5,weather,yes,0.15,10,2026-08-12 14:47:07.754314,true,,,timed_out,0,0.98,0.16,0.82,timed_out,b9766492-e450-4f79-adce-d60e64417308,0.15,timed_out,2026-08-12 14:47:07.673567,
950,,KXHIGHDEN-26AUG12-B87.5,kalshi,KXHIGHDEN-26AUG12-B87.5,weather,yes,0.01,10,2026-08-12 14:49:08.145984,true,2026-08-12 14:50:07.669328,0,loss,-0.1,0.98,0.02,0.96,maker_limit,e87e5fd1-88bb-46cc-ac34-35287515cc3f,0.01,pending_fill,2026-08-12 14:49:07.643857,
951,,KXHIGHNY-26AUG12-B83.5,kalshi,KXHIGHNY-26AUG12-B83.5,weather,yes,0.15,10,2026-08-12 14:49:08.145997,true,2026-08-12 14:50:07.753034,0,loss,-1.5,0.98,0.16,0.82,maker_limit,692580e5-968a-47f2-80d2-862a619fcd50,0.15,pending_fill,2026-08-12 14:49:07.983593,
952,76866,KXHIGHDEN-26AUG12-B87.5,kalshi,KXHIGHDEN-26AUG12-B87.5,weather,yes,0.01,10,2026-08-12 14:50:23.709496,true,,,timed_out,0,0.98,0.02,0.96,timed_out,a4b7b69f-3462-49e8-9957-b82ae2bfacb6,0.01,timed_out,2026-08-12 14:50:23.513385,
953,76868,KXHIGHNY-26AUG12-B83.5,kalshi,KXHIGHNY-26AUG12-B83.5,weather,yes,0.16,10,2026-08-12 14:50:24.479366,true,,,timed_out,0,0.98,0.17,0.81,timed_out,630d37fc-1f29-4645-96f6-c96f8f749584,0.16,timed_out,2026-08-12 14:50:24.045325,
954,,KXHIGHDEN-26AUG13-B78.5,kalshi,KXHIGHDEN-26AUG13-B78.5,weather,yes,0.15,10,2026-08-12 14:51:07.742328,true,,,timed_out,0,0.98,0.16,0.82,timed_out,d79f7e51-2f82-486c-83b2-7b2c0ab6f8d8,0.15,timed_out,2026-08-12 14:51:07.660192,
955,,KXHIGHDEN-26AUG12-B87.5,kalshi,KXHIGHDEN-26AUG12-B87.5,weather,yes,0.01,10,2026-08-12 14:54:08.216704,true,2026-08-12 14:55:09.484257,0,loss,-0.1,0.98,0.02,0.96,maker_limit,0955064c-6b9b-4c1f-b716-41ec773cfa2b,0.01,pending_fill,2026-08-12 14:54:07.713567,
956,,KXHIGHNY-26AUG12-B83.5,kalshi,KXHIGHNY-26AUG12-B83.5,weather,yes,0.15,10,2026-08-12 14:54:08.216714,true,2026-08-12 14:55:09.560755,0,loss,-1.5,0.98,0.16,0.82,maker_limit,f1eab3a7-0ece-49fc-b57e-d7c0e28203fd,0.15,pending_fill,2026-08-12 14:54:08.042109,
957,,KXHIGHDEN-26AUG13-B78.5,kalshi,KXHIGHDEN-26AUG13-B78.5,weather,yes,0.15,10,2026-08-12 14:55:07.973504,true,,,timed_out,0,0.98,0.16,0.82,timed_out,04b6be2a-1291-45ca-9033-6b623c51cd9b,0.15,timed_out,2026-08-12 14:55:07.895621,
958,76870,KXHIGHDEN-26AUG12-B87.5,kalshi,KXHIGHDEN-26AUG12-B87.5,weather,yes,0.01,10,2026-08-12 14:55:13.420875,true,,,timed_out,0,0.98,0.02,0.96,timed_out,ea9bf0a3-2631-4877-9ed9-a6829d947395,0.01,timed_out,2026-08-12 14:55:13.241075,
959,76876,KXHIGHNY-26AUG12-B83.5,kalshi,KXHIGHNY-26AUG12-B83.5,weather,yes,0.16,10,2026-08-12 14:57:26.02755,true,,,timed_out,0,0.98,0.17,0.81,timed_out,3367668a-5945-4918-83ca-642dad797024,0.16,timed_out,2026-08-12 14:57:25.848844,
960,,KXHIGHDEN-26AUG13-B78.5,kalshi,KXHIGHDEN-26AUG13-B78.5,weather,yes,0.15,10,2026-08-12 14:58:11.088534,true,,,timed_out,0,0.98,0.16,0.82,timed_out,a1fddf90-9129-4cb6-bf9f-43c33e0bd87b,0.15,timed_out,2026-08-12 14:58:11.009183,
961,,KXHIGHDEN-26AUG12-B87.5,kalshi,KXHIGHDEN-26AUG12-B87.5,weather,yes,0.01,10,2026-08-12 15:00:01.920719,true,,,timed_out,0,0.98,0.02,0.96,timed_out,71217e1b-ca51-4ecc-ac21-37fb5e2c16d1,0.01,timed_out,2026-08-12 15:00:01.835249,
962,,KXHIGHNY-26AUG12-B83.5,kalshi,KXHIGHNY-26AUG12-B83.5,weather,yes,0.16,10,2026-08-12 15:02:08.838779,true,,,timed_out,0,0.98,0.17,0.81,timed_out,a5f22e1e-973f-4df3-860c-8e0b9518ef06,0.16,timed_out,2026-08-12 15:02:08.336135,
963,,KXHIGHDEN-26AUG13-B78.5,kalshi,KXHIGHDEN-26AUG13-B78.5,weather,yes,0.15,10,2026-08-12 15:02:08.838787,true,,,timed_out,0,0.98,0.16,0.82,timed_out,e06f949e-7164-4c06-aa38-413cd54e2f20,0.15,timed_out,2026-08-12 15:02:08.671983,
964,,KXHIGHDEN-26AUG12-B87.5,kalshi,KXHIGHDEN-26AUG12-B87.5,weather,yes,0.01,10,2026-08-12 15:03:08.467612,true,2026-08-12 15:06:11.42426,0,loss,-0.1,0.98,0.02,0.96,maker_limit,143a85a8-a792-4954-a627-cffea7b4cbcc,0.01,pending_fill,2026-08-12 15:03:08.380468,
965,,KXHIGHNY-26AUG12-B83.5,kalshi,KXHIGHNY-26AUG12-B83.5,weather,yes,0.15,10,2026-08-12 15:06:10.077117,true,,,timed_out,0,0.98,0.16,0.82,timed_out,7628637a-c7c6-402d-be38-16dda5b67149,0.15,timed_out,2026-08-12 15:06:09.329328,
966,,KXHIGHDEN-26AUG13-B78.5,kalshi,KXHIGHDEN-26AUG13-B78.5,weather,yes,0.15,10,2026-08-12 15:06:10.077128,true,,,timed_out,0,0.98,0.16,0.82,timed_out,6a6ed15c-dc70-4546-b8c7-1589718b398d,0.15,timed_out,2026-08-12 15:06:09.908487,
967,,KXHIGHNY-26AUG12-B83.5,kalshi,KXHIGHNY-26AUG12-B83.5,weather,yes,0.15,10,2026-08-12 15:10:09.08293,true,2026-08-12 15:11:08.361778,0,loss,-1.5,0.98,0.16,0.82,maker_limit,e8305a58-17c1-4283-a143-399405b8fa30,0.15,pending_fill,2026-08-12 15:10:08.495083,
968,,KXHIGHDEN-26AUG13-B78.5,kalshi,KXHIGHDEN-26AUG13-B78.5,weather,yes,0.14,10,2026-08-12 15:10:09.082936,true,,,timed_out,0,0.98,0.16,0.82,timed_out,22f43e96-9fc9-46de-97b5-7d2b3f536080,0.14,timed_out,2026-08-12 15:10:08.920116,
969,76895,KXHIGHNY-26AUG12-B83.5,kalshi,KXHIGHNY-26AUG12-B83.5,weather,yes,0.15,10,2026-08-12 15:11:13.883752,true,,,timed_out,0,0.98,0.16,0.82,timed_out,bddd6bdc-1175-40fe-a398-17eb536a18ea,0.15,timed_out,2026-08-12 15:11:13.703721,
970,,KXHIGHDEN-26AUG13-B78.5,kalshi,KXHIGHDEN-26AUG13-B78.5,weather,yes,0.14,10,2026-08-12 15:14:08.524667,true,,,timed_out,0,0.98,0.15,0.83,timed_out,f0737859-b3e6-4138-a2b6-183a0f39d295,0.14,timed_out,2026-08-12 15:14:08.442174,
971,,KXHIGHNY-26AUG12-B83.5,kalshi,KXHIGHNY-26AUG12-B83.5,weather,yes,0.15,10,2026-08-12 15:15:08.422929,true,2026-08-12 15:16:10.318945,0,loss,-1.5,0.98,0.16,0.82,maker_limit,2e703bcb-f70a-4d30-9b71-04c164832494,0.15,pending_fill,2026-08-12 15:15:08.34193,
972,76900,KXHIGHNY-26AUG12-B83.5,kalshi,KXHIGHNY-26AUG12-B83.5,weather,yes,0.15,10,2026-08-12 15:16:24.001016,true,,,timed_out,0,0.98,0.16,0.82,timed_out,8d615f2c-846b-4906-bd27-a36fe445e846,0.15,timed_out,2026-08-12 15:16:23.821615,
973,,KXHIGHDEN-26AUG13-B78.5,kalshi,KXHIGHDEN-26AUG13-B78.5,weather,yes,0.14,10,2026-08-12 15:18:13.094453,true,,,timed_out,0,0.98,0.15,0.83,timed_out,e903e336-7732-4a21-9c08-1b9136447587,0.14,timed_out,2026-08-12 15:18:13.012167,
974,,KXHIGHNY-26AUG12-B83.5,kalshi,KXHIGHNY-26AUG12-B83.5,weather,yes,0.15,10,2026-08-12 15:20:08.424201,true,2026-08-12 15:21:08.996332,0,loss,-1.5,0.98,0.16,0.82,maker_limit,77243ee6-aed7-40ac-b2be-31ade0d52827,0.15,pending_fill,2026-08-12 15:20:08.340004,
975,76912,KXHIGHNY-26AUG12-B83.5,kalshi,KXHIGHNY-26AUG12-B83.5,weather,yes,0.15,10,2026-08-12 15:21:13.889651,true,2026-08-12 15:26:09.465498,0,loss,-1.5,0.98,0.16,0.82,maker_limit,,0.15,filled,2026-08-12 15:21:13.723411,
976,,KXHIGHDEN-26AUG13-B78.5,kalshi,KXHIGHDEN-26AUG13-B78.5,weather,yes,0.15,10,2026-08-12 15:22:08.516812,true,,,timed_out,0,0.98,0.16,0.82,timed_out,7702dd39-8d88-4040-be0f-4e7551f993f1,0.15,timed_out,2026-08-12 15:22:08.355556,
977,,KXHIGHDEN-26AUG13-B78.5,kalshi,KXHIGHDEN-26AUG13-B78.5,weather,yes,0.15,10,2026-08-12 15:26:08.78867,true,,,timed_out,0,0.98,0.16,0.82,timed_out,e04ab4c2-834b-4d50-a707-5f6edc908599,0.15,timed_out,2026-08-12 15:26:08.626956,
978,76916,KXHIGHNY-26AUG12-B83.5,kalshi,KXHIGHNY-26AUG12-B83.5,weather,yes,0.16,10,2026-08-12 15:26:14.77379,true,2026-08-12 15:31:10.930234,0,loss,-1.6,0.98,0.17,0.81,maker_limit,,0.16,filled,2026-08-12 15:26:14.599413,
979,,KXHIGHDEN-26AUG13-B78.5,kalshi,KXHIGHDEN-26AUG13-B78.5,weather,yes,0.15,10,2026-08-12 15:30:08.44525,true,,,timed_out,0,0.98,0.16,0.82,timed_out,3c09d697-7b04-4243-85cd-52bc0817f67c,0.15,timed_out,2026-08-12 15:30:08.361811,
980,76920,KXHIGHNY-26AUG12-B83.5,kalshi,KXHIGHNY-26AUG12-B83.5,weather,yes,0.17,10,2026-08-12 15:31:24.903974,true,2026-08-12 15:36:08.560376,0,loss,-1.7,0.98,0.18,0.8,maker_limit,,0.17,filled,2026-08-12 15:31:24.71176,
981,,KXHIGHDEN-26AUG13-B78.5,kalshi,KXHIGHDEN-26AUG13-B78.5,weather,yes,0.15,10,2026-08-12 15:34:08.445734,true,,,timed_out,0,0.98,0.16,0.82,timed_out,86e6415a-bbdf-4f9f-ac7e-916d65530627,0.15,timed_out,2026-08-12 15:34:08.358218,
982,76924,KXHIGHNY-26AUG12-B83.5,kalshi,KXHIGHNY-26AUG12-B83.5,weather,yes,0.18,10,2026-08-12 15:36:14.28209,true,2026-08-12 15:41:09.757615,0,loss,-1.8,0.98,0.19,0.79,maker_limit,,0.18,filled,2026-08-12 15:36:14.101704,
983,,KXHIGHDEN-26AUG13-B78.5,kalshi,KXHIGHDEN-26AUG13-B78.5,weather,yes,0.15,10,2026-08-12 15:38:08.525799,true,,,timed_out,0,0.98,0.16,0.82,timed_out,67b1a0a5-1182-4eec-827a-ff5cb31a8086,0.15,timed_out,2026-08-12 15:38:08.363692,
984,76928,KXHIGHNY-26AUG12-B83.5,kalshi,KXHIGHNY-26AUG12-B83.5,weather,yes,0.21,10,2026-08-12 15:41:14.11868,true,2026-08-12 15:46:09.553029,0,loss,-2.1,0.98,0.22,0.76,maker_limit,,0.21,filled,2026-08-12 15:41:13.948651,
985,,KXHIGHDEN-26AUG13-B78.5,kalshi,KXHIGHDEN-26AUG13-B78.5,weather,yes,0.15,10,2026-08-12 15:42:08.426509,true,,,timed_out,0,0.98,0.16,0.82,timed_out,157a0dde-6e45-4f66-a946-4ddb9756e65e,0.15,timed_out,2026-08-12 15:42:08.344318,
986,,KXHIGHDEN-26AUG13-B78.5,kalshi,KXHIGHDEN-26AUG13-B78.5,weather,yes,0.15,10,2026-08-12 15:46:08.76522,true,,,timed_out,0,0.98,0.16,0.82,timed_out,1500846c-98e1-4847-9919-dd981c511f78,0.15,timed_out,2026-08-12 15:46:08.671568,
987,76932,KXHIGHNY-26AUG12-B83.5,kalshi,KXHIGHNY-26AUG12-B83.5,weather,yes,0.21,10,2026-08-12 15:46:25.291149,true,2026-08-12 15:51:09.015955,0,loss,-2.1,0.98,0.22,0.76,maker_limit,,0.21,filled,2026-08-12 15:46:25.110771,
988,,KXHIGHDEN-26AUG13-B78.5,kalshi,KXHIGHDEN-26AUG13-B78.5,weather,yes,0.15,10,2026-08-12 15:50:08.557944,true,,,timed_out,0,0.98,0.16,0.82,timed_out,810f298f-44b7-475c-9886-5c9ef0c6363b,0.15,timed_out,2026-08-12 15:50:08.395648,
989,,KXHIGHDEN-26AUG13-B78.5,kalshi,KXHIGHDEN-26AUG13-B78.5,weather,yes,0.15,10,2026-08-12 15:54:08.562802,true,,,timed_out,0,0.98,0.16,0.82,timed_out,b37acc51-b3dc-46d2-b79c-78f5640f2d4a,0.15,timed_out,2026-08-12 15:54:08.383962,
990,,KXHIGHDEN-26AUG13-B78.5,kalshi,KXHIGHDEN-26AUG13-B78.5,weather,yes,0.14,10,2026-08-12 15:58:08.590972,true,,,timed_out,0,0.98,0.16,0.82,timed_out,674194d3-db4d-420f-965b-b0d635cf65a2,0.14,timed_out,2026-08-12 15:58:08.427546,
991,,KXHIGHDEN-26AUG13-B78.5,kalshi,KXHIGHDEN-26AUG13-B78.5,weather,yes,0.14,10,2026-08-12 16:02:08.706765,true,,,timed_out,0,0.98,0.15,0.83,timed_out,047ec990-4cb5-443d-a625-9f312988432d,0.14,timed_out,2026-08-12 16:02:08.495089,
992,,KXHIGHDEN-26AUG13-B78.5,kalshi,KXHIGHDEN-26AUG13-B78.5,weather,yes,0.14,10,2026-08-12 16:06:08.901112,true,,,timed_out,0,0.98,0.15,0.83,timed_out,e982ba35-236e-4ab8-85d3-5a6cda17266d,0.14,timed_out,2026-08-12 16:06:08.73387,
993,,KXHIGHDEN-26AUG13-B78.5,kalshi,KXHIGHDEN-26AUG13-B78.5,weather,yes,0.14,10,2026-08-12 16:10:08.529524,true,,,timed_out,0,0.98,0.15,0.83,timed_out,df5be585-8be5-49dc-bcda-143aed039d56,0.14,timed_out,2026-08-12 16:10:08.363567,
994,,KXHIGHDEN-26AUG13-B78.5,kalshi,KXHIGHDEN-26AUG13-B78.5,weather,yes,0.15,10,2026-08-12 16:14:08.550693,true,,,timed_out,0,0.98,0.21,0.77,timed_out,ee48d41f-e815-483b-bfc8-992a7c3a423a,0.15,timed_out,2026-08-12 16:14:08.382504,
995,,KXHIGHDEN-26AUG13-B78.5,kalshi,KXHIGHDEN-26AUG13-B78.5,weather,yes,0.15,10,2026-08-12 16:18:08.61824,true,,,timed_out,0,0.98,0.17,0.81,timed_out,2bf255af-6d30-4dfd-ad01-6591b3e5cd4c,0.15,timed_out,2026-08-12 16:18:08.418191,
996,,KXHIGHDEN-26AUG13-B78.5,kalshi,KXHIGHDEN-26AUG13-B78.5,weather,yes,0.15,10,2026-08-12 16:22:08.630198,true,,,timed_out,0,0.98,0.17,0.81,timed_out,b85bae2f-fd74-4761-8b36-d459c267e016,0.15,timed_out,2026-08-12 16:22:08.448317,
997,,KXHIGHDEN-26AUG13-B78.5,kalshi,KXHIGHDEN-26AUG13-B78.5,weather,yes,0.15,10,2026-08-12 16:26:08.821048,true,,,timed_out,0,0.98,0.18,0.8,timed_out,4c07288c-bbe5-40cb-8118-a8decd845910,0.15,timed_out,2026-08-12 16:26:08.653553,
998,,KXHIGHDEN-26AUG13-B78.5,kalshi,KXHIGHDEN-26AUG13-B78.5,weather,yes,0.15,10,2026-08-12 16:30:08.564711,true,,,timed_out,0,0.98,0.17,0.81,timed_out,fd365239-3655-45fb-ab1f-7c77f59f23ba,0.15,timed_out,2026-08-12 16:30:08.38809,
999,,KXHIGHDEN-26AUG13-B78.5,kalshi,KXHIGHDEN-26AUG13-B78.5,weather,yes,0.15,10,2026-08-12 16:34:08.710553,true,,,timed_out,0,0.98,0.17,0.81,timed_out,1bd84ed2-770c-44f8-8b70-484c0c24a9b6,0.15,timed_out,2026-08-12 16:34:08.544403,
1000,,KXHIGHDEN-26AUG13-B78.5,kalshi,KXHIGHDEN-26AUG13-B78.5,weather,yes,0.15,10,2026-08-12 16:38:08.581737,true,,,timed_out,0,0.98,0.17,0.81,timed_out,ce9ec60f-87e3-43f2-98af-3fb672e79de7,0.15,timed_out,2026-08-12 16:38:08.413454,
1001,76981,KXHIGHNY-26AUG12-B83.5,kalshi,KXHIGHNY-26AUG12-B83.5,weather,yes,0.21,10,2026-08-12 16:41:14.076512,true,,,timed_out,0,0.98,0.22,0.76,timed_out,4637f233-53a5-4e93-9a97-2fb0acd26580,0.21,timed_out,2026-08-12 16:41:13.906617,
1002,,KXHIGHDEN-26AUG13-B78.5,kalshi,KXHIGHDEN-26AUG13-B78.5,weather,yes,0.15,10,2026-08-12 16:42:52.954216,true,,,timed_out,0,0.98,0.17,0.81,timed_out,d86ab46b-0624-4457-891a-385d0e79230d,0.15,timed_out,2026-08-12 16:42:52.863476,
1003,,KXHIGHNY-26AUG12-B83.5,kalshi,KXHIGHNY-26AUG12-B83.5,weather,yes,0.2,10,2026-08-12 16:44:52.301371,true,2026-08-12 16:46:54.092158,0,loss,-2,0.98,0.22,0.76,maker_limit,dc6a3e65-f0d4-4b3d-ad39-e185edcb6dee,0.2,pending_fill,2026-08-12 16:44:52.215029,
1004,,KXHIGHDEN-26AUG13-B78.5,kalshi,KXHIGHDEN-26AUG13-B78.5,weather,yes,0.14,10,2026-08-12 16:46:53.196904,true,,,timed_out,0,0.98,0.17,0.81,timed_out,15b02480-0812-4a68-81e4-25610e83e182,0.14,timed_out,2026-08-12 16:46:53.113961,
1005,76988,KXHIGHNY-26AUG12-B83.5,kalshi,KXHIGHNY-26AUG12-B83.5,weather,yes,0.21,10,2026-08-12 16:46:58.669331,true,,,timed_out,0,0.98,0.22,0.76,timed_out,647b6f8f-d6e5-4b72-a3c1-3a1651d4f7f3,0.21,timed_out,2026-08-12 16:46:58.494693,
1006,,KXHIGHDEN-26AUG13-B78.5,kalshi,KXHIGHDEN-26AUG13-B78.5,weather,yes,0.14,10,2026-08-12 16:50:52.697813,true,,,timed_out,0,0.98,0.17,0.81,timed_out,16c8e372-a681-4ebb-9521-860c6cd10729,0.14,timed_out,2026-08-12 16:50:52.161014,
1007,,KXHIGHNY-26AUG12-B83.5,kalshi,KXHIGHNY-26AUG12-B83.5,weather,yes,0.2,10,2026-08-12 16:50:52.69782,true,2026-08-12 16:51:52.184606,0,loss,-2,0.98,0.21,0.77,maker_limit,9d9995f7-c256-4c5e-81d2-6f6d5e6936d4,0.2,pending_fill,2026-08-12 16:50:52.529714,
1008,76992,KXHIGHNY-26AUG12-B83.5,kalshi,KXHIGHNY-26AUG12-B83.5,weather,yes,0.21,10,2026-08-12 16:51:57.442572,true,,,timed_out,0,0.98,0.25,0.73,timed_out,e97b8af8-5b5e-4de8-8e14-7e00831ff0dc,0.21,timed_out,2026-08-12 16:51:57.267793,
1009,,KXHIGHDEN-26AUG13-B78.5,kalshi,KXHIGHDEN-26AUG13-B78.5,weather,yes,0.14,10,2026-08-12 16:54:52.406298,true,,,timed_out,0,0.98,0.17,0.81,timed_out,94af5960-3d40-4157-b228-904c6867c4a1,0.14,timed_out,2026-08-12 16:54:52.311344,
1010,,KXHIGHNY-26AUG12-B83.5,kalshi,KXHIGHNY-26AUG12-B83.5,weather,yes,0.25,10,2026-08-12 16:55:52.27687,true,2026-08-12 16:56:53.378197,0,loss,-2.5,0.98,0.26,0.72,maker_limit,e2360ece-20b2-444f-a27f-ae9b3b82c065,0.25,pending_fill,2026-08-12 16:55:52.192743,
1011,76996,KXHIGHNY-26AUG12-B83.5,kalshi,KXHIGHNY-26AUG12-B83.5,weather,yes,0.27,10,2026-08-12 16:57:07.777514,true,,,timed_out,0,0.98,0.28,0.7,timed_out,4d97a587-04c3-41cf-9b71-064a1848e50f,0.27,timed_out,2026-08-12 16:57:07.600826,
1012,,KXHIGHDEN-26AUG13-B78.5,kalshi,KXHIGHDEN-26AUG13-B78.5,weather,yes,0.14,10,2026-08-12 16:58:52.304197,true,,,timed_out,0,0.98,0.17,0.81,timed_out,bd2b25d9-45a8-422d-b590-14f45156a818,0.14,timed_out,2026-08-12 16:58:52.217878,
1013,,KXHIGHNY-26AUG12-B83.5,kalshi,KXHIGHNY-26AUG12-B83.5,weather,yes,0.27,10,2026-08-12 17:00:52.281219,true,2026-08-12 17:01:52.573048,0,loss,-2.7,0.98,0.28,0.7,maker_limit,2fee395e-e6c9-424b-93ef-d74b8ee1fdb6,0.27,pending_fill,2026-08-12 17:00:52.197295,
1014,76998,KXHIGHDEN-26AUG12-B87.5,kalshi,KXHIGHDEN-26AUG12-B87.5,weather,yes,0.01,10,2026-08-12 17:01:57.588666,true,,,timed_out,0,0.98,0.02,0.96,timed_out,5a701938-9f9f-49f6-b051-d434b0fa0cfe,0.01,timed_out,2026-08-12 17:01:57.415063,
1015,77000,KXHIGHNY-26AUG12-B83.5,kalshi,KXHIGHNY-26AUG12-B83.5,weather,yes,0.28,10,2026-08-12 17:01:58.441411,true,2026-08-12 17:06:54.141338,0,loss,-2.8,0.98,0.29,0.69,maker_limit,,0.28,filled,2026-08-12 17:01:58.022553,
1016,,KXHIGHDEN-26AUG13-B78.5,kalshi,KXHIGHDEN-26AUG13-B78.5,weather,yes,0.14,10,2026-08-12 17:02:53.163408,true,,,timed_out,0,0.98,0.17,0.81,timed_out,3bcee0f8-f849-41ce-8db0-675721952002,0.14,timed_out,2026-08-12 17:02:53.071566,
1017,,KXHIGHDEN-26AUG12-B87.5,kalshi,KXHIGHDEN-26AUG12-B87.5,weather,yes,0.01,10,2026-08-12 17:05:52.265588,true,2026-08-12 17:06:54.309597,0,loss,-0.1,0.98,0.02,0.96,maker_limit,2b930871-420b-4ccf-bde2-54b8a97f143e,0.01,pending_fill,2026-08-12 17:05:52.178025,
1018,,KXHIGHDEN-26AUG13-B78.5,kalshi,KXHIGHDEN-26AUG13-B78.5,weather,yes,0.14,10,2026-08-12 17:06:52.583664,true,,,timed_out,0,0.98,0.17,0.81,timed_out,9a1f78c2-226b-4269-b04b-dc34ad69038e,0.14,timed_out,2026-08-12 17:06:52.500848,
1019,77002,KXHIGHDEN-26AUG12-B87.5,kalshi,KXHIGHDEN-26AUG12-B87.5,weather,yes,0.01,10,2026-08-12 17:06:58.498519,true,,,timed_out,0,0.98,0.02,0.96,timed_out,c024584e-f9fb-4acb-95b8-e074e3a73f1c,0.01,timed_out,2026-08-12 17:06:58.31885,
1020,77004,KXHIGHNY-26AUG12-B83.5,kalshi,KXHIGHNY-26AUG12-B83.5,weather,yes,0.28,10,2026-08-12 17:06:59.360206,true,2026-08-12 17:11:53.268575,0,loss,-2.8,0.98,0.29,0.69,maker_limit,,0.28,filled,2026-08-12 17:06:58.950066,
1021,,KXHIGHDEN-26AUG13-B78.5,kalshi,KXHIGHDEN-26AUG13-B78.5,weather,yes,0.14,10,2026-08-12 17:10:52.80322,true,,,timed_out,0,0.98,0.18,0.8,timed_out,204d9e25-c2bd-45de-9f93-59b30b1d6244,0.14,timed_out,2026-08-12 17:10:52.16753,
1022,,KXHIGHDEN-26AUG12-B87.5,kalshi,KXHIGHDEN-26AUG12-B87.5,weather,yes,0.01,10,2026-08-12 17:10:52.803233,true,2026-08-12 17:11:53.438728,0,loss,-0.1,0.98,0.02,0.96,maker_limit,acb689f0-77a0-4778-8f90-3fd692d9370f,0.01,pending_fill,2026-08-12 17:10:52.55492,
1023,77010,KXHIGHDEN-26AUG12-B87.5,kalshi,KXHIGHDEN-26AUG12-B87.5,weather,yes,0.01,10,2026-08-12 17:12:08.403478,true,,,timed_out,0,0.98,0.02,0.96,timed_out,b985e722-afb2-46eb-bc73-00ee819dbc6d,0.01,timed_out,2026-08-12 17:12:08.226862,
1024,77012,KXHIGHDEN-26AUG13-B80.5,kalshi,KXHIGHDEN-26AUG13-B80.5,weather,yes,0.26,10,2026-08-12 17:12:09.155345,true,,,timed_out,0,0.935483870967742,0.3,0.635483870967742,timed_out,0e80bc93-21a7-49d9-8222-555206aca5af,0.26,timed_out,2026-08-12 17:12:08.740947,
1025,,KXHIGHDEN-26AUG13-B78.5,kalshi,KXHIGHDEN-26AUG13-B78.5,weather,yes,0.14,10,2026-08-12 17:14:36.443888,true,,,timed_out,0,0.98,0.18,0.8,timed_out,9daae7f7-c5e6-4c56-9568-193ead1f4377,0.14,timed_out,2026-08-12 17:14:36.346742,
1026,,KXHIGHDEN-26AUG12-B87.5,kalshi,KXHIGHDEN-26AUG12-B87.5,weather,yes,0.01,10,2026-08-12 17:15:36.221025,true,2026-08-12 17:17:37.089041,0,loss,-0.1,0.98,0.02,0.96,maker_limit,c64e2f61-c6ac-4a2a-a162-794e0ef8591d,0.01,pending_fill,2026-08-12 17:15:35.652075,
1027,,KXHIGHDEN-26AUG13-B80.5,kalshi,KXHIGHDEN-26AUG13-B80.5,weather,yes,0.26,10,2026-08-12 17:15:36.221037,true,,,timed_out,0,0.935483870967742,0.32,0.615483870967742,timed_out,9203a448-7053-4f7c-9f7a-835e25268b5e,0.26,timed_out,2026-08-12 17:15:36.039368,
1028,77015,KXHIGHDEN-26AUG12-B87.5,kalshi,KXHIGHDEN-26AUG12-B87.5,weather,yes,0.01,10,2026-08-12 17:17:41.221204,true,2026-08-12 17:22:37.22255,0,loss,-0.1,0.98,0.02,0.96,maker_limit,,0.01,filled,2026-08-12 17:17:41.057523,
1029,,KXHIGHDEN-26AUG13-B78.5,kalshi,KXHIGHDEN-26AUG13-B78.5,weather,yes,0.14,10,2026-08-12 17:18:35.756698,true,,,timed_out,0,0.98,0.15,0.83,timed_out,5ced0a1b-19f7-4e58-b8a0-67216e9a0776,0.14,timed_out,2026-08-12 17:18:35.670285,
1030,,KXHIGHDEN-26AUG13-B80.5,kalshi,KXHIGHDEN-26AUG13-B80.5,weather,yes,0.26,10,2026-08-12 17:19:35.777422,true,,,timed_out,0,0.935483870967742,0.28,0.655483870967742,timed_out,6b964f65-bf7d-4934-81fb-daecbeae99d0,0.26,timed_out,2026-08-12 17:19:35.696487,
1031,,KXHIGHDEN-26AUG13-B78.5,kalshi,KXHIGHDEN-26AUG13-B78.5,weather,yes,0.14,10,2026-08-12 17:22:36.647626,true,,,timed_out,0,0.98,0.15,0.83,timed_out,43aedf17-bd46-4cdc-a305-16a57bab796b,0.14,timed_out,2026-08-12 17:22:36.566783,
1032,77019,KXHIGHDEN-26AUG12-B87.5,kalshi,KXHIGHDEN-26AUG12-B87.5,weather,yes,0.01,10,2026-08-12 17:22:42.531481,true,2026-08-12 17:27:37.392354,0,loss,-0.1,0.98,0.02,0.96,maker_limit,,0.01,filled,2026-08-12 17:22:42.360379,
1033,,KXHIGHDEN-26AUG13-B80.5,kalshi,KXHIGHDEN-26AUG13-B80.5,weather,yes,0.26,10,2026-08-12 17:23:35.707855,true,,,timed_out,0,0.935483870967742,0.28,0.655483870967742,timed_out,a4b337b1-6339-4484-bc8f-9b19126ba43e,0.26,timed_out,2026-08-12 17:23:35.62478,
1034,,KXHIGHDEN-26AUG13-B78.5,kalshi,KXHIGHDEN-26AUG13-B78.5,weather,yes,0.14,10,2026-08-12 17:26:35.731657,true,,,timed_out,0,0.98,0.15,0.83,timed_out,33de2349-7faa-419f-83e1-2f356d52dfe8,0.14,timed_out,2026-08-12 17:26:35.650399,
1035,,KXHIGHDEN-26AUG13-B80.5,kalshi,KXHIGHDEN-26AUG13-B80.5,weather,yes,0.26,10,2026-08-12 17:27:36.006643,true,,,timed_out,0,0.935483870967742,0.28,0.655483870967742,timed_out,8243af13-957c-4fa1-a47c-401365aeb68d,0.26,timed_out,2026-08-12 17:27:35.926047,
1036,77023,KXHIGHDEN-26AUG12-B87.5,kalshi,KXHIGHDEN-26AUG12-B87.5,weather,yes,0.01,10,2026-08-12 17:27:51.758884,true,2026-08-12 17:32:36.047105,0,loss,-0.1,0.98,0.02,0.96,maker_limit,,0.01,filled,2026-08-12 17:27:51.591524,
1037,,KXHIGHDEN-26AUG13-B78.5,kalshi,KXHIGHDEN-26AUG13-B78.5,weather,yes,0.14,10,2026-08-12 17:30:35.760443,true,,,timed_out,0,0.98,0.15,0.83,timed_out,b1ac5d4e-e113-425d-b3a6-d8933e325556,0.14,timed_out,2026-08-12 17:30:35.669383,
1038,,KXHIGHDEN-26AUG13-B80.5,kalshi,KXHIGHDEN-26AUG13-B80.5,weather,yes,0.26,10,2026-08-12 17:31:35.847103,true,,,timed_out,0,0.935483870967742,0.28,0.655483870967742,timed_out,613a2817-0a50-457b-a653-42385a18a896,0.26,timed_out,2026-08-12 17:31:35.752259,
1039,77027,KXHIGHDEN-26AUG12-B87.5,kalshi,KXHIGHDEN-26AUG12-B87.5,weather,yes,0.01,10,2026-08-12 17:32:41.524342,true,2026-08-12 17:37:36.176025,0,loss,-0.1,0.98,0.02,0.96,maker_limit,,0.01,filled,2026-08-12 17:32:41.358857,
1040,,KXHIGHDEN-26AUG13-B78.5,kalshi,KXHIGHDEN-26AUG13-B78.5,weather,yes,0.14,10,2026-08-12 17:34:35.745156,true,,,timed_out,0,0.98,0.15,0.83,timed_out,79b81d8f-d277-48f2-8667-64af7a39a53f,0.14,timed_out,2026-08-12 17:34:35.66299,
1041,,KXHIGHDEN-26AUG13-B80.5,kalshi,KXHIGHDEN-26AUG13-B80.5,weather,yes,0.26,10,2026-08-12 17:35:35.763751,true,,,timed_out,0,0.935483870967742,0.28,0.655483870967742,timed_out,e6c6b9db-69fd-4306-9cb5-cc9c958eaa62,0.26,timed_out,2026-08-12 17:35:35.681769,
1042,77031,KXHIGHDEN-26AUG12-B87.5,kalshi,KXHIGHDEN-26AUG12-B87.5,weather,yes,0.01,10,2026-08-12 17:37:42.140518,true,2026-08-12 17:42:37.646761,0,loss,-0.1,0.98,0.02,0.96,maker_limit,,0.01,filled,2026-08-12 17:37:41.968593,
1043,,KXHIGHDEN-26AUG13-B78.5,kalshi,KXHIGHDEN-26AUG13-B78.5,weather,yes,0.14,10,2026-08-12 17:38:35.702915,true,,,timed_out,0,0.98,0.15,0.83,timed_out,487c8a4d-dc6b-4aaf-82e9-e3144a584308,0.14,timed_out,2026-08-12 17:38:35.622752,
1044,,KXHIGHDEN-26AUG13-B80.5,kalshi,KXHIGHDEN-26AUG13-B80.5,weather,yes,0.26,10,2026-08-12 17:39:35.756591,true,,,timed_out,0,0.935483870967742,0.28,0.655483870967742,timed_out,35dd88a5-6d8d-4706-aceb-34fd6ca4b2ea,0.26,timed_out,2026-08-12 17:39:35.672236,
1045,,KXHIGHDEN-26AUG13-B78.5,kalshi,KXHIGHDEN-26AUG13-B78.5,weather,yes,0.14,10,2026-08-12 17:42:36.136282,true,,,timed_out,0,0.98,0.15,0.83,timed_out,d53d23b5-fbda-450b-84bd-a552dae81614,0.14,timed_out,2026-08-12 17:42:36.052894,
1046,77035,KXHIGHDEN-26AUG12-B87.5,kalshi,KXHIGHDEN-26AUG12-B87.5,weather,yes,0.01,10,2026-08-12 17:42:52.361099,true,2026-08-12 17:47:36.594804,0,loss,-0.1,0.98,0.02,0.96,maker_limit,,0.01,filled,2026-08-12 17:42:52.180906,
1047,77037,KXHIGHNY-26AUG12-B83.5,kalshi,KXHIGHNY-26AUG12-B83.5,weather,yes,0.43,10,2026-08-12 17:42:53.199107,true,2026-08-12 17:47:36.759231,0,loss,-4.3,0.98,0.44,0.54,maker_limit,,0.43,filled,2026-08-12 17:42:52.806807,
1048,,KXHIGHDEN-26AUG13-B80.5,kalshi,KXHIGHDEN-26AUG13-B80.5,weather,yes,0.26,10,2026-08-12 17:43:35.711569,true,,,timed_out,0,0.935483870967742,0.28,0.655483870967742,timed_out,cb145c4a-afa2-4f60-97f3-6d598a981ee2,0.26,timed_out,2026-08-12 17:43:35.633359,
1049,,KXHIGHDEN-26AUG13-B78.5,kalshi,KXHIGHDEN-26AUG13-B78.5,weather,yes,0.14,10,2026-08-12 17:46:35.727632,true,,,timed_out,0,0.98,0.15,0.83,timed_out,25b64eb5-855d-4844-ad95-766f3d3534a5,0.14,timed_out,2026-08-12 17:46:35.6326,
1050,,KXHIGHDEN-26AUG13-B80.5,kalshi,KXHIGHDEN-26AUG13-B80.5,weather,yes,0.27,10,2026-08-12 17:47:35.980682,true,,,timed_out,0,0.935483870967742,0.28,0.655483870967742,timed_out,2e08a1b4-3901-4ff9-b84c-9e0d73dc0ae1,0.27,timed_out,2026-08-12 17:47:35.903633,
1051,77038,KXHIGHDEN-26AUG12-B87.5,kalshi,KXHIGHDEN-26AUG12-B87.5,weather,yes,0.01,10,2026-08-12 17:47:41.717273,true,2026-08-12 17:52:39.952938,0,loss,-0.1,0.98,0.02,0.96,maker_limit,,0.01,filled,2026-08-12 17:47:41.55376,
1052,77040,KXHIGHNY-26AUG12-B83.5,kalshi,KXHIGHNY-26AUG12-B83.5,weather,yes,0.48,10,2026-08-12 17:47:42.567012,true,2026-08-12 17:52:40.117055,0,loss,-4.8,0.98,0.5,0.48,maker_limit,,0.48,filled,2026-08-12 17:47:42.159649,
1053,,KXHIGHDEN-26AUG13-B78.5,kalshi,KXHIGHDEN-26AUG13-B78.5,weather,yes,0.14,10,2026-08-12 17:50:35.819533,true,,,timed_out,0,0.98,0.15,0.83,timed_out,88b69b92-4b92-4724-ba68-e449a94ad48c,0.14,timed_out,2026-08-12 17:50:35.648716,
1054,,KXHIGHDEN-26AUG13-B80.5,kalshi,KXHIGHDEN-26AUG13-B80.5,weather,yes,0.26,10,2026-08-12 17:51:35.837178,true,,,timed_out,0,0.935483870967742,0.28,0.655483870967742,timed_out,41efe0a0-452c-4f19-9af2-6ee9c8f3c6c5,0.26,timed_out,2026-08-12 17:51:35.678618,
1055,,KXHIGHDEN-26AUG13-B78.5,kalshi,KXHIGHDEN-26AUG13-B78.5,weather,yes,0.14,10,2026-08-12 17:54:35.688193,true,,,timed_out,0,0.98,0.15,0.83,timed_out,5b013c3c-34b5-435e-b7b2-4c710267830b,0.14,timed_out,2026-08-12 17:54:35.609439,
1056,,KXHIGHDEN-26AUG13-B80.5,kalshi,KXHIGHDEN-26AUG13-B80.5,weather,yes,0.27,10,2026-08-12 17:56:35.726627,true,,,timed_out,0,0.935483870967742,0.28,0.655483870967742,timed_out,0f3f32f8-c469-47c3-a216-b05f37ac867b,0.27,timed_out,2026-08-12 17:56:35.648976,
1057,,KXHIGHDEN-26AUG13-B78.5,kalshi,KXHIGHDEN-26AUG13-B78.5,weather,yes,0.14,10,2026-08-12 17:58:35.73225,true,,,timed_out,0,0.98,0.15,0.83,timed_out,76d9632e-3596-48a7-b436-3fcd7c80d0b2,0.14,timed_out,2026-08-12 17:58:35.652193,
1058,,KXHIGHDEN-26AUG13-B80.5,kalshi,KXHIGHDEN-26AUG13-B80.5,weather,yes,0.27,10,2026-08-12 18:00:35.706016,true,,,timed_out,0,0.935483870967742,0.28,0.655483870967742,timed_out,edc95568-ff05-434e-bf38-e348c875b856,0.27,timed_out,2026-08-12 18:00:35.627692,
1059,,KXHIGHDEN-26AUG13-B78.5,kalshi,KXHIGHDEN-26AUG13-B78.5,weather,yes,0.14,10,2026-08-12 18:02:36.038023,true,,,timed_out,0,0.98,0.15,0.83,timed_out,90a09a57-13bc-47c1-824d-ff636d1142b0,0.14,timed_out,2026-08-12 18:02:35.951266,
1060,,KXHIGHDEN-26AUG13-B80.5,kalshi,KXHIGHDEN-26AUG13-B80.5,weather,yes,0.26,10,2026-08-12 18:04:35.694866,true,,,timed_out,0,0.935483870967742,0.27,0.665483870967742,timed_out,ecd30e51-5d51-4b36-89b6-e565d1470e39,0.26,timed_out,2026-08-12 18:04:35.615171,
1061,,KXHIGHDEN-26AUG13-B78.5,kalshi,KXHIGHDEN-26AUG13-B78.5,weather,yes,0.14,10,2026-08-12 18:06:35.703483,true,,,timed_out,0,0.98,0.15,0.83,timed_out,68a99486-3175-4f6a-9168-f177d8b69974,0.14,timed_out,2026-08-12 18:06:35.624742,
1062,,KXHIGHDEN-26AUG13-B80.5,kalshi,KXHIGHDEN-26AUG13-B80.5,weather,yes,0.26,10,2026-08-12 18:08:35.791426,true,,,timed_out,0,0.935483870967742,0.27,0.665483870967742,timed_out,a1dc16f8-5798-4706-8fb3-d8ec5788a59f,0.26,timed_out,2026-08-12 18:08:35.71014,
1063,,KXHIGHDEN-26AUG13-B78.5,kalshi,KXHIGHDEN-26AUG13-B78.5,weather,yes,0.14,10,2026-08-12 18:10:35.725796,true,,,timed_out,0,0.98,0.15,0.83,timed_out,8b925474-1746-4d21-b295-9980dfe2632a,0.14,timed_out,2026-08-12 18:10:35.643101,
1064,,KXHIGHDEN-26AUG13-B80.5,kalshi,KXHIGHDEN-26AUG13-B80.5,weather,yes,0.26,10,2026-08-12 18:12:36.102565,true,,,timed_out,0,0.935483870967742,0.27,0.665483870967742,timed_out,687bbf9c-bef1-409d-afd6-0d251b32aa71,0.26,timed_out,2026-08-12 18:12:36.024191,
1065,,KXHIGHDEN-26AUG13-B78.5,kalshi,KXHIGHDEN-26AUG13-B78.5,weather,yes,0.14,10,2026-08-12 18:14:35.834751,true,,,timed_out,0,0.98,0.15,0.83,timed_out,0df650b8-ff65-404a-91ae-a8a7be877a10,0.14,timed_out,2026-08-12 18:14:35.739208,
1066,,KXHIGHDEN-26AUG13-B80.5,kalshi,KXHIGHDEN-26AUG13-B80.5,weather,yes,0.26,10,2026-08-12 18:16:35.683074,true,,,timed_out,0,0.935483870967742,0.27,0.665483870967742,timed_out,d791ac0b-7f31-484f-a1fa-9ea5244c5d21,0.26,timed_out,2026-08-12 18:16:35.596135,
1067,,KXHIGHDEN-26AUG13-B78.5,kalshi,KXHIGHDEN-26AUG13-B78.5,weather,yes,0.14,10,2026-08-12 18:18:35.740863,true,,,timed_out,0,0.98,0.15,0.83,timed_out,de45c547-ebfc-4af7-aeb2-60660b2382ea,0.14,timed_out,2026-08-12 18:18:35.658311,
1068,,KXHIGHDEN-26AUG13-B80.5,kalshi,KXHIGHDEN-26AUG13-B80.5,weather,yes,0.27,10,2026-08-12 18:20:35.738602,true,,,timed_out,0,0.935483870967742,0.28,0.655483870967742,timed_out,938aff88-fd66-4327-9c2d-ccc29404fe5e,0.27,timed_out,2026-08-12 18:20:35.653429,
1069,,KXHIGHDEN-26AUG13-B78.5,kalshi,KXHIGHDEN-26AUG13-B78.5,weather,yes,0.14,10,2026-08-12 18:22:36.084634,true,,,timed_out,0,0.98,0.15,0.83,timed_out,09e2590d-1a54-4de7-82dc-27de7fe6b811,0.14,timed_out,2026-08-12 18:22:35.996037,
1070,77057,KXHIGHNY-26AUG12-B83.5,kalshi,KXHIGHNY-26AUG12-B83.5,weather,yes,0.36,10,2026-08-12 18:22:51.361959,true,,,timed_out,0,0.98,0.37,0.61,timed_out,42852d04-220c-41b4-8c65-bfd0f68fdef8,0.36,timed_out,2026-08-12 18:22:51.204405,
1071,,KXHIGHDEN-26AUG13-B80.5,kalshi,KXHIGHDEN-26AUG13-B80.5,weather,yes,0.27,10,2026-08-12 18:24:35.687677,true,,,timed_out,0,0.935483870967742,0.28,0.655483870967742,timed_out,b4efefc6-0b98-4b06-824f-a2cc57a054f2,0.27,timed_out,2026-08-12 18:24:35.604742,
1072,,KXHIGHDEN-26AUG13-B78.5,kalshi,KXHIGHDEN-26AUG13-B78.5,weather,yes,0.14,10,2026-08-12 18:26:36.237907,true,,,timed_out,0,0.98,0.15,0.83,timed_out,d4468045-c3c8-4c4d-b719-cdc3fee1c14d,0.14,timed_out,2026-08-12 18:26:35.659572,
1073,,KXHIGHNY-26AUG12-B83.5,kalshi,KXHIGHNY-26AUG12-B83.5,weather,yes,0.35,10,2026-08-12 18:26:36.237922,true,,,timed_out,0,0.98,0.36,0.62,timed_out,610349a3-cec0-4242-9888-156953f3c103,0.35,timed_out,2026-08-12 18:26:36.0651,
1074,,KXHIGHDEN-26AUG13-B80.5,kalshi,KXHIGHDEN-26AUG13-B80.5,weather,yes,0.27,10,2026-08-12 18:28:35.691754,true,,,timed_out,0,0.935483870967742,0.28,0.655483870967742,timed_out,6179ff8c-51bd-404d-893e-c5eed53a8b7a,0.27,timed_out,2026-08-12 18:28:35.614987,
1075,,KXHIGHDEN-26AUG13-B78.5,kalshi,KXHIGHDEN-26AUG13-B78.5,weather,yes,0.14,10,2026-08-12 18:30:36.30389,true,,,timed_out,0,0.98,0.15,0.83,timed_out,f6faf9e5-943f-4585-b0ec-f7398b282008,0.14,timed_out,2026-08-12 18:30:35.614611,
1076,,KXHIGHNY-26AUG12-B83.5,kalshi,KXHIGHNY-26AUG12-B83.5,weather,yes,0.37,10,2026-08-12 18:30:36.303902,true,,,timed_out,0,0.98,0.38,0.6,timed_out,3e79b9c2-b9ef-4727-ba45-76b9b888e460,0.37,timed_out,2026-08-12 18:30:36.142814,
1077,,KXHIGHDEN-26AUG13-B80.5,kalshi,KXHIGHDEN-26AUG13-B80.5,weather,yes,0.27,10,2026-08-12 18:32:36.006125,true,,,timed_out,0,0.935483870967742,0.28,0.655483870967742,timed_out,03184caa-c686-49a5-be22-b5a28433ca84,0.27,timed_out,2026-08-12 18:32:35.923556,
1078,,KXHIGHDEN-26AUG13-B78.5,kalshi,KXHIGHDEN-26AUG13-B78.5,weather,yes,0.14,10,2026-08-12 18:34:36.287699,true,,,timed_out,0,0.98,0.15,0.83,timed_out,7ffa3289-4412-41c8-8093-3840277a9f3e,0.14,timed_out,2026-08-12 18:34:35.71283,
1079,,KXHIGHNY-26AUG12-B83.5,kalshi,KXHIGHNY-26AUG12-B83.5,weather,yes,0.37,10,2026-08-12 18:34:36.287708,true,,,timed_out,0,0.98,0.38,0.6,timed_out,d17bda34-ccd1-4e6e-8e9f-4ca579a8bd0b,0.37,timed_out,2026-08-12 18:34:36.114654,
1080,,KXHIGHDEN-26AUG13-B80.5,kalshi,KXHIGHDEN-26AUG13-B80.5,weather,yes,0.27,10,2026-08-12 18:36:35.710627,true,,,timed_out,0,0.935483870967742,0.28,0.655483870967742,timed_out,3e60a2a9-c366-4a23-bf11-77ef176eac6e,0.27,timed_out,2026-08-12 18:36:35.631351,
1081,,KXHIGHDEN-26AUG13-B78.5,kalshi,KXHIGHDEN-26AUG13-B78.5,weather,yes,0.14,10,2026-08-12 18:38:36.158431,true,,,timed_out,0,0.98,0.15,0.83,timed_out,ca3ee92d-85c7-4610-86d1-95163d91f8a4,0.14,timed_out,2026-08-12 18:38:35.640633,
1082,,KXHIGHNY-26AUG12-B83.5,kalshi,KXHIGHNY-26AUG12-B83.5,weather,yes,0.39,10,2026-08-12 18:38:36.15844,true,,,timed_out,0,0.98,0.41,0.57,timed_out,085348c3-537a-4f4d-a091-6715710be636,0.39,timed_out,2026-08-12 18:38:35.996891,
1083,,KXHIGHDEN-26AUG13-B80.5,kalshi,KXHIGHDEN-26AUG13-B80.5,weather,yes,0.27,10,2026-08-12 18:40:35.69438,true,,,timed_out,0,0.935483870967742,0.28,0.655483870967742,timed_out,1e0abed4-1776-4f61-a200-98b5b07f68d8,0.27,timed_out,2026-08-12 18:40:35.615636,
1084,,KXHIGHDEN-26AUG13-B78.5,kalshi,KXHIGHDEN-26AUG13-B78.5,weather,yes,0.14,10,2026-08-12 18:42:36.855963,true,,,timed_out,0,0.98,0.15,0.83,timed_out,cd298bee-a30d-4d26-aab8-084157b40841,0.14,timed_out,2026-08-12 18:42:36.136489,
1085,,KXHIGHNY-26AUG12-B83.5,kalshi,KXHIGHNY-26AUG12-B83.5,weather,yes,0.42,10,2026-08-12 18:42:36.855974,true,,,timed_out,0,0.98,0.44,0.54,timed_out,f296241f-21b9-42e4-93e3-62b0f543fa23,0.42,timed_out,2026-08-12 18:42:36.691303,
1086,,KXHIGHDEN-26AUG13-B80.5,kalshi,KXHIGHDEN-26AUG13-B80.5,weather,yes,0.27,10,2026-08-12 18:44:35.899671,true,,,timed_out,0,0.935483870967742,0.28,0.655483870967742,timed_out,5782ef75-30cb-45e8-83df-9fe960ed5929,0.27,timed_out,2026-08-12 18:44:35.808611,
1087,,KXHIGHDEN-26AUG13-B78.5,kalshi,KXHIGHDEN-26AUG13-B78.5,weather,yes,0.14,10,2026-08-12 18:46:36.167351,true,,,timed_out,0,0.98,0.15,0.83,timed_out,638cf458-94ac-4fd5-8b20-44163d5f0605,0.14,timed_out,2026-08-12 18:46:35.645595,
1088,,KXHIGHNY-26AUG12-B83.5,kalshi,KXHIGHNY-26AUG12-B83.5,weather,yes,0.41,10,2026-08-12 18:46:36.167361,true,,,timed_out,0,0.98,0.42,0.56,timed_out,dbf063bf-e3cf-4850-b3cc-2d9766199caa,0.41,timed_out,2026-08-12 18:46:36.003081,
1089,,KXHIGHDEN-26AUG13-B80.5,kalshi,KXHIGHDEN-26AUG13-B80.5,weather,yes,0.27,10,2026-08-12 18:48:35.682106,true,,,timed_out,0,0.935483870967742,0.28,0.655483870967742,timed_out,fe5e50e4-3c19-4e5a-8839-ee6a8df5e15b,0.27,timed_out,2026-08-12 18:48:35.601226,
1090,,KXHIGHDEN-26AUG13-B78.5,kalshi,KXHIGHDEN-26AUG13-B78.5,weather,yes,0.14,10,2026-08-12 18:50:36.254639,true,,,timed_out,0,0.98,0.15,0.83,timed_out,42c054f8-127b-4843-a8bb-8238a104479d,0.14,timed_out,2026-08-12 18:50:35.661641,
1091,,KXHIGHNY-26AUG12-B83.5,kalshi,KXHIGHNY-26AUG12-B83.5,weather,yes,0.39,10,2026-08-12 18:50:36.254649,true,,,timed_out,0,0.98,0.4,0.58,timed_out,6b28edda-7e08-46d1-b4d8-b57bbf25b959,0.39,timed_out,2026-08-12 18:50:36.08156,
1092,,KXHIGHDEN-26AUG13-B80.5,kalshi,KXHIGHDEN-26AUG13-B80.5,weather,yes,0.27,10,2026-08-12 18:52:36.021513,true,,,timed_out,0,0.935483870967742,0.28,0.655483870967742,timed_out,77c78a4c-8a55-4730-b17f-685d194c1b7f,0.27,timed_out,2026-08-12 18:52:35.945413,
1093,,KXHIGHDEN-26AUG13-B78.5,kalshi,KXHIGHDEN-26AUG13-B78.5,weather,yes,0.14,10,2026-08-12 18:54:36.110392,true,,,timed_out,0,0.98,0.15,0.83,timed_out,73935bd8-4c83-4915-b3c1-dc646c2e542e,0.14,timed_out,2026-08-12 18:54:35.595832,
1094,,KXHIGHNY-26AUG12-B83.5,kalshi,KXHIGHNY-26AUG12-B83.5,weather,yes,0.52,10,2026-08-12 18:54:36.110404,true,,,timed_out,0,0.98,0.53,0.45,timed_out,9a87943c-8c2b-4f3d-97ab-9e7636352f54,0.52,timed_out,2026-08-12 18:54:35.953395,
1095,,KXHIGHDEN-26AUG13-B80.5,kalshi,KXHIGHDEN-26AUG13-B80.5,weather,yes,0.27,10,2026-08-12 18:56:35.7359,true,,,timed_out,0,0.935483870967742,0.28,0.655483870967742,timed_out,3b6453b5-5abb-4825-976d-0bc33af6d8e1,0.27,timed_out,2026-08-12 18:56:35.65288,
1096,,KXHIGHDEN-26AUG13-B78.5,kalshi,KXHIGHDEN-26AUG13-B78.5,weather,yes,0.14,10,2026-08-12 18:58:36.300972,true,,,timed_out,0,0.98,0.15,0.83,timed_out,b1c03dcb-3122-4f5c-8c31-aa5be4c53acc,0.14,timed_out,2026-08-12 18:58:35.702933,
1097,,KXHIGHNY-26AUG12-B83.5,kalshi,KXHIGHNY-26AUG12-B83.5,weather,yes,0.53,10,2026-08-12 18:58:36.300984,true,,,timed_out,0,0.98,0.54,0.44,timed_out,e24e61a0-e3e1-4c72-a131-79932f4cbd63,0.53,timed_out,2026-08-12 18:58:36.142742,
1098,,KXHIGHDEN-26AUG13-B80.5,kalshi,KXHIGHDEN-26AUG13-B80.5,weather,yes,0.27,10,2026-08-12 19:00:35.698329,true,,,timed_out,0,0.935483870967742,0.28,0.655483870967742,timed_out,903219fb-d6ab-4b44-8942-0399c31bd5af,0.27,timed_out,2026-08-12 19:00:35.620643,
1099,,KXHIGHDEN-26AUG13-B78.5,kalshi,KXHIGHDEN-26AUG13-B78.5,weather,yes,0.14,10,2026-08-12 19:02:36.673262,true,,,timed_out,0,0.98,0.15,0.83,timed_out,a322dc80-f482-4b15-bab5-20542ddf58dd,0.14,timed_out,2026-08-12 19:02:36.107431,
1100,,KXHIGHNY-26AUG12-B83.5,kalshi,KXHIGHNY-26AUG12-B83.5,weather,yes,0.56,10,2026-08-12 19:02:36.673273,true,,,timed_out,0,0.98,0.57,0.41,timed_out,bc6ba653-7003-41ea-929b-809350c7db26,0.56,timed_out,2026-08-12 19:02:36.516677,
1101,,KXHIGHDEN-26AUG13-B80.5,kalshi,KXHIGHDEN-26AUG13-B80.5,weather,yes,0.27,10,2026-08-12 19:04:35.765176,true,,,timed_out,0,0.935483870967742,0.28,0.655483870967742,timed_out,56e14f4e-646c-4262-8798-e04f68b5d2f3,0.27,timed_out,2026-08-12 19:04:35.677764,
1102,,KXHIGHDEN-26AUG13-B78.5,kalshi,KXHIGHDEN-26AUG13-B78.5,weather,yes,0.14,10,2026-08-12 19:06:36.277558,true,,,timed_out,0,0.98,0.15,0.83,timed_out,65aa41b9-c65e-40a1-9122-4adc00733607,0.14,timed_out,2026-08-12 19:06:35.698862,
1103,,KXHIGHNY-26AUG12-B83.5,kalshi,KXHIGHNY-26AUG12-B83.5,weather,yes,0.51,10,2026-08-12 19:06:36.277568,true,,,timed_out,0,0.98,0.52,0.46,timed_out,9de66943-4df7-41c3-b132-789df484371b,0.51,timed_out,2026-08-12 19:06:36.115092,
1104,,KXHIGHDEN-26AUG13-B80.5,kalshi,KXHIGHDEN-26AUG13-B80.5,weather,yes,0.25,10,2026-08-12 19:08:35.701496,true,,,timed_out,0,0.935483870967742,0.28,0.655483870967742,timed_out,e8d93490-acde-4120-8151-c2a6a29ac0bc,0.25,timed_out,2026-08-12 19:08:35.621132,
1105,,KXHIGHDEN-26AUG13-B78.5,kalshi,KXHIGHDEN-26AUG13-B78.5,weather,yes,0.14,10,2026-08-12 19:10:36.180649,true,,,timed_out,0,0.98,0.15,0.83,timed_out,98985747-235d-4206-b99b-950ef1298730,0.14,timed_out,2026-08-12 19:10:35.642064,
1106,,KXHIGHNY-26AUG12-B83.5,kalshi,KXHIGHNY-26AUG12-B83.5,weather,yes,0.56,10,2026-08-12 19:10:36.180659,true,,,timed_out,0,0.98,0.57,0.41,timed_out,49fff8dc-a6a2-475c-b518-2723e840aafc,0.56,timed_out,2026-08-12 19:10:36.017835,
1107,,KXHIGHDEN-26AUG13-B80.5,kalshi,KXHIGHDEN-26AUG13-B80.5,weather,yes,0.25,10,2026-08-12 19:12:36.144263,true,,,timed_out,0,0.935483870967742,0.28,0.655483870967742,timed_out,80d274b7-1df3-4b09-87d0-f917a689dd13,0.25,timed_out,2026-08-12 19:12:36.060522,
1108,,KXHIGHDEN-26AUG13-B78.5,kalshi,KXHIGHDEN-26AUG13-B78.5,weather,yes,0.14,10,2026-08-12 19:14:36.187631,true,,,timed_out,0,0.98,0.15,0.83,timed_out,a7456e51-9008-4a17-a3c7-d82274a2afed,0.14,timed_out,2026-08-12 19:14:35.601599,
1109,,KXHIGHNY-26AUG12-B83.5,kalshi,KXHIGHNY-26AUG12-B83.5,weather,yes,0.56,10,2026-08-12 19:14:36.187644,true,,,timed_out,0,0.98,0.57,0.41,timed_out,67f2d34b-230b-4ee4-8872-18da2bbae2c3,0.56,timed_out,2026-08-12 19:14:36.027106,
1110,,KXHIGHDEN-26AUG13-B80.5,kalshi,KXHIGHDEN-26AUG13-B80.5,weather,yes,0.25,10,2026-08-12 19:16:35.747786,true,,,timed_out,0,0.935483870967742,0.28,0.655483870967742,timed_out,bdf1aff1-14c8-4ab1-b797-5baf254366c9,0.25,timed_out,2026-08-12 19:16:35.666821,
1111,,KXHIGHDEN-26AUG13-B78.5,kalshi,KXHIGHDEN-26AUG13-B78.5,weather,yes,0.14,10,2026-08-12 19:18:36.157272,true,,,timed_out,0,0.98,0.15,0.83,timed_out,34932d95-c163-4ad2-b5c1-a32235f073f7,0.14,timed_out,2026-08-12 19:18:35.6217,
1112,,KXHIGHNY-26AUG12-B83.5,kalshi,KXHIGHNY-26AUG12-B83.5,weather,yes,0.56,10,2026-08-12 19:18:36.157283,true,,,timed_out,0,0.98,0.57,0.41,timed_out,01ec2ae4-1547-4e95-9aa0-b3a2fabb0ca6,0.56,timed_out,2026-08-12 19:18:35.999928,
1113,,KXHIGHDEN-26AUG13-B80.5,kalshi,KXHIGHDEN-26AUG13-B80.5,weather,yes,0.26,10,2026-08-12 19:20:35.75029,true,,,timed_out,0,0.935483870967742,0.28,0.655483870967742,timed_out,44a1e0c1-d89b-42b3-9c47-aba81a424943,0.26,timed_out,2026-08-12 19:20:35.66635,
1114,,KXHIGHDEN-26AUG13-B78.5,kalshi,KXHIGHDEN-26AUG13-B78.5,weather,yes,0.14,10,2026-08-12 19:22:36.607562,true,,,timed_out,0,0.98,0.15,0.83,timed_out,3e72bb26-484a-443c-bba3-26f5e1c459f8,0.14,timed_out,2026-08-12 19:22:35.938842,
1115,,KXHIGHNY-26AUG12-B83.5,kalshi,KXHIGHNY-26AUG12-B83.5,weather,yes,0.56,10,2026-08-12 19:22:36.607569,true,,,timed_out,0,0.98,0.57,0.41,timed_out,f155c58e-dd79-430a-a9cf-8312c77e9cb5,0.56,timed_out,2026-08-12 19:22:36.443552,
1116,,KXHIGHDEN-26AUG13-B80.5,kalshi,KXHIGHDEN-26AUG13-B80.5,weather,yes,0.26,10,2026-08-12 19:24:35.761778,true,,,timed_out,0,0.935483870967742,0.28,0.655483870967742,timed_out,c0eb15de-bf32-45fb-ae9c-3ba8a1debe61,0.26,timed_out,2026-08-12 19:24:35.677042,
1117,,KXHIGHDEN-26AUG13-B78.5,kalshi,KXHIGHDEN-26AUG13-B78.5,weather,yes,0.14,10,2026-08-12 20:33:14.661855,true,,,timed_out,0,0.98,0.15,0.83,timed_out,bfa52677-9541-4b1e-aa8f-79e6b51f1a27,0.14,timed_out,2026-08-12 20:33:13.673839,
1118,,KXHIGHNY-26AUG12-B83.5,kalshi,KXHIGHNY-26AUG12-B83.5,weather,yes,0.81,10,2026-08-12 20:33:14.661865,true,,,timed_out,0,0.98,0.84,0.14,timed_out,aa823b11-63a8-437e-b00d-b425578f4bad,0.81,timed_out,2026-08-12 20:33:14.023806,
1119,,KXHIGHDEN-26AUG13-B80.5,kalshi,KXHIGHDEN-26AUG13-B80.5,weather,yes,0.28,10,2026-08-12 20:33:14.661866,true,,,timed_out,0,0.935483870967742,0.3,0.635483870967742,timed_out,1e864e15-8714-40f5-888c-3c590870f503,0.28,timed_out,2026-08-12 20:33:14.406559,
1120,,KXHIGHDEN-26AUG13-B78.5,kalshi,KXHIGHDEN-26AUG13-B78.5,weather,yes,0.14,10,2026-08-12 20:37:14.647632,true,,,timed_out,0,0.98,0.15,0.83,timed_out,ea823217-7831-4225-8f37-92f1ccb54891,0.14,timed_out,2026-08-12 20:37:13.471423,
1121,,KXHIGHNY-26AUG12-B83.5,kalshi,KXHIGHNY-26AUG12-B83.5,weather,yes,0.83,10,2026-08-12 20:37:14.647644,true,,,timed_out,0,0.98,0.87,0.11,timed_out,dbac9ec8-0b52-4c31-aa97-fed957660b33,0.83,timed_out,2026-08-12 20:37:13.853429,
1122,,KXHIGHDEN-26AUG13-B80.5,kalshi,KXHIGHDEN-26AUG13-B80.5,weather,yes,0.28,10,2026-08-12 20:37:14.647651,true,,,timed_out,0,0.935483870967742,0.29,0.645483870967742,timed_out,240b6de0-721f-466e-a7e2-ab6b8e7ae114,0.28,timed_out,2026-08-12 20:37:14.4045,
1123,,KXHIGHDEN-26AUG13-B78.5,kalshi,KXHIGHDEN-26AUG13-B78.5,weather,yes,0.14,10,2026-08-12 20:41:14.03978,true,,,timed_out,0,0.98,0.15,0.83,timed_out,4deb391d-5b56-482f-a177-c14af1409732,0.14,timed_out,2026-08-12 20:41:13.057249,
1124,,KXHIGHNY-26AUG12-B83.5,kalshi,KXHIGHNY-26AUG12-B83.5,weather,yes,0.81,10,2026-08-12 20:41:14.039785,true,,,timed_out,0,0.98,0.82,0.16,timed_out,8201f858-8f00-475b-ba3e-faf9e23baed4,0.81,timed_out,2026-08-12 20:41:13.403515,
1125,,KXHIGHDEN-26AUG13-B80.5,kalshi,KXHIGHDEN-26AUG13-B80.5,weather,yes,0.28,10,2026-08-12 20:41:14.039786,true,,,timed_out,0,0.935483870967742,0.29,0.645483870967742,timed_out,4122a01b-ff2e-439d-a104-8765bf1379d4,0.28,timed_out,2026-08-12 20:41:13.801212,
1126,,KXHIGHDEN-26AUG13-B78.5,kalshi,KXHIGHDEN-26AUG13-B78.5,weather,yes,0.14,10,2026-08-12 20:45:14.192403,true,,,timed_out,0,0.98,0.15,0.83,timed_out,e9aad7b3-5b80-4217-a757-9a5a91cb872d,0.14,timed_out,2026-08-12 20:45:13.139237,
1127,,KXHIGHNY-26AUG12-B83.5,kalshi,KXHIGHNY-26AUG12-B83.5,weather,yes,0.8,10,2026-08-12 20:45:14.192416,true,,,timed_out,0,0.98,0.81,0.17,timed_out,04c7d767-2fbd-4109-9612-e8c9a4bc7d07,0.8,timed_out,2026-08-12 20:45:13.558955,
1128,,KXHIGHDEN-26AUG13-B80.5,kalshi,KXHIGHDEN-26AUG13-B80.5,weather,yes,0.28,10,2026-08-12 20:45:14.192419,true,,,timed_out,0,0.935483870967742,0.29,0.645483870967742,timed_out,e1d440ed-53c2-4ebe-91c1-1100b40cafef,0.28,timed_out,2026-08-12 20:45:13.930385,
1129,,KXHIGHDEN-26AUG13-B78.5,kalshi,KXHIGHDEN-26AUG13-B78.5,weather,yes,0.14,10,2026-08-12 20:49:14.03124,true,,,timed_out,0,0.98,0.15,0.83,timed_out,3bc9b0a1-072b-41ae-befe-01c72f91bc82,0.14,timed_out,2026-08-12 20:49:13.05909,
1130,,KXHIGHNY-26AUG12-B83.5,kalshi,KXHIGHNY-26AUG12-B83.5,weather,yes,0.81,10,2026-08-12 20:49:14.031254,true,,,timed_out,0,0.98,0.82,0.16,timed_out,a89a0465-4225-4b9b-a661-4c4c4d591336,0.81,timed_out,2026-08-12 20:49:13.407211,
1131,,KXHIGHDEN-26AUG13-B80.5,kalshi,KXHIGHDEN-26AUG13-B80.5,weather,yes,0.27,10,2026-08-12 20:49:14.031256,true,,,timed_out,0,0.935483870967742,0.29,0.645483870967742,timed_out,7b4f766b-e7d6-4714-962c-62bf565a8fdf,0.27,timed_out,2026-08-12 20:49:13.785698,
1132,,KXHIGHDEN-26AUG13-B78.5,kalshi,KXHIGHDEN-26AUG13-B78.5,weather,yes,0.13,10,2026-08-12 22:31:26.391397,true,,,timed_out,0,0.98,0.14,0.84,timed_out,0137a204-6508-41e3-be06-997d57a9536b,0.13,timed_out,2026-08-12 22:31:25.381131,
1133,,KXHIGHDEN-26AUG13-B80.5,kalshi,KXHIGHDEN-26AUG13-B80.5,weather,yes,0.25,10,2026-08-12 22:31:26.391405,true,,,timed_out,0,0.935483870967742,0.26,0.675483870967742,timed_out,530193c1-6e27-4f3f-b959-60ee9e33f18b,0.25,timed_out,2026-08-12 22:31:26.04717,
1134,,KXHIGHDEN-26AUG13-B78.5,kalshi,KXHIGHDEN-26AUG13-B78.5,weather,yes,0.13,10,2026-08-12 22:35:26.50695,true,,,timed_out,0,0.98,0.14,0.84,timed_out,cc6ecabc-7cdd-4e47-96ed-b56f5b460452,0.13,timed_out,2026-08-12 22:35:25.833922,
1135,,KXHIGHDEN-26AUG13-B80.5,kalshi,KXHIGHDEN-26AUG13-B80.5,weather,yes,0.25,10,2026-08-12 22:35:26.506956,true,,,timed_out,0,0.935483870967742,0.26,0.675483870967742,timed_out,a86cab6c-548c-49f2-b9d0-16e7c6f795f9,0.25,timed_out,2026-08-12 22:35:26.329481,
1136,,KXHIGHDEN-26AUG13-B78.5,kalshi,KXHIGHDEN-26AUG13-B78.5,weather,yes,0.13,10,2026-08-12 22:39:25.260812,true,,,timed_out,0,0.98,0.14,0.84,timed_out,0bc906de-d8e5-4e60-a6f1-9b52cc24b291,0.13,timed_out,2026-08-12 22:39:24.75584,
1137,,KXHIGHDEN-26AUG13-B80.5,kalshi,KXHIGHDEN-26AUG13-B80.5,weather,yes,0.25,10,2026-08-12 22:39:25.260823,true,,,timed_out,0,0.935483870967742,0.26,0.675483870967742,timed_out,0b2c64a0-3679-4918-9d26-d881182c481f,0.25,timed_out,2026-08-12 22:39:25.094162,
1138,,KXHIGHDEN-26AUG13-B78.5,kalshi,KXHIGHDEN-26AUG13-B78.5,weather,yes,0.13,10,2026-08-12 22:43:25.349671,true,,,timed_out,0,0.98,0.14,0.84,timed_out,4aa4feb4-6e51-4cf9-9c59-2c29f4fb466d,0.13,timed_out,2026-08-12 22:43:24.815461,
1139,,KXHIGHDEN-26AUG13-B80.5,kalshi,KXHIGHDEN-26AUG13-B80.5,weather,yes,0.25,10,2026-08-12 22:43:25.349684,true,,,timed_out,0,0.935483870967742,0.26,0.675483870967742,timed_out,ecc884ec-9134-453a-822b-b0b4692415c5,0.25,timed_out,2026-08-12 22:43:25.183729,
1140,,KXHIGHDEN-26AUG13-B78.5,kalshi,KXHIGHDEN-26AUG13-B78.5,weather,yes,0.13,10,2026-08-12 22:47:25.292454,true,,,timed_out,0,0.98,0.14,0.84,timed_out,774de654-ea03-4118-a5f6-c200cdc38843,0.13,timed_out,2026-08-12 22:47:24.722487,
1141,,KXHIGHDEN-26AUG13-B80.5,kalshi,KXHIGHDEN-26AUG13-B80.5,weather,yes,0.25,10,2026-08-12 22:47:25.292465,true,,,timed_out,0,0.935483870967742,0.26,0.675483870967742,timed_out,6e156fab-3e3a-468f-930b-cd95668e7582,0.25,timed_out,2026-08-12 22:47:25.127677,
1142,,KXHIGHDEN-26AUG13-B78.5,kalshi,KXHIGHDEN-26AUG13-B78.5,weather,yes,0.13,10,2026-08-12 22:51:25.242612,true,,,timed_out,0,0.98,0.14,0.84,timed_out,48347661-9adf-4241-8d9e-0b90871e9b9f,0.13,timed_out,2026-08-12 22:51:24.721458,
1143,,KXHIGHDEN-26AUG13-B80.5,kalshi,KXHIGHDEN-26AUG13-B80.5,weather,yes,0.25,10,2026-08-12 22:51:25.242646,true,,,timed_out,0,0.935483870967742,0.26,0.675483870967742,timed_out,2b4a4c0f-dff2-4145-8c20-1a1ab1b336b6,0.25,timed_out,2026-08-12 22:51:25.082925,
1144,,KXHIGHDEN-26AUG13-B78.5,kalshi,KXHIGHDEN-26AUG13-B78.5,weather,yes,0.13,10,2026-08-12 22:55:25.766714,true,,,timed_out,0,0.98,0.14,0.84,timed_out,8a46eefe-5147-4996-8a48-e7d7e36a0593,0.13,timed_out,2026-08-12 22:55:25.195889,
1145,,KXHIGHDEN-26AUG13-B80.5,kalshi,KXHIGHDEN-26AUG13-B80.5,weather,yes,0.25,10,2026-08-12 22:55:25.766725,true,,,timed_out,0,0.935483870967742,0.26,0.675483870967742,timed_out,2b2a1dcc-64f2-4133-a9ac-50060242cf9a,0.25,timed_out,2026-08-12 22:55:25.585139,
1146,,KXHIGHDEN-26AUG13-B78.5,kalshi,KXHIGHDEN-26AUG13-B78.5,weather,yes,0.13,10,2026-08-12 22:59:25.367305,true,,,timed_out,0,0.98,0.14,0.84,timed_out,762a634a-8eba-4434-8041-f2183a6b483e,0.13,timed_out,2026-08-12 22:59:24.788549,
1147,,KXHIGHDEN-26AUG13-B80.5,kalshi,KXHIGHDEN-26AUG13-B80.5,weather,yes,0.25,10,2026-08-12 22:59:25.367317,true,,,timed_out,0,0.935483870967742,0.26,0.675483870967742,timed_out,e3777fda-ad09-42fc-b2a8-decaaa9416bf,0.25,timed_out,2026-08-12 22:59:25.194706,
1148,,KXHIGHDEN-26AUG13-B78.5,kalshi,KXHIGHDEN-26AUG13-B78.5,weather,yes,0.13,10,2026-08-12 23:03:25.326381,true,,,timed_out,0,0.98,0.14,0.84,timed_out,dcb02eac-6fc8-4130-8c5e-b2518d1447ff,0.13,timed_out,2026-08-12 23:03:24.788093,
1149,,KXHIGHDEN-26AUG13-B80.5,kalshi,KXHIGHDEN-26AUG13-B80.5,weather,yes,0.25,10,2026-08-12 23:03:25.326393,true,,,timed_out,0,0.935483870967742,0.26,0.675483870967742,timed_out,d48214ab-b7b7-41c9-ac26-0f8ab96fd865,0.25,timed_out,2026-08-12 23:03:25.156858,
1150,,KXHIGHDEN-26AUG13-B78.5,kalshi,KXHIGHDEN-26AUG13-B78.5,weather,yes,0.13,10,2026-08-12 23:07:25.298546,true,,,timed_out,0,0.98,0.14,0.84,timed_out,6bbb9566-acc9-4af9-88f9-b2c8a03d7b2b,0.13,timed_out,2026-08-12 23:07:24.764876,
1151,,KXHIGHDEN-26AUG13-B80.5,kalshi,KXHIGHDEN-26AUG13-B80.5,weather,yes,0.25,10,2026-08-12 23:07:25.298557,true,,,timed_out,0,0.935483870967742,0.26,0.675483870967742,timed_out,d3e78779-752e-4235-9535-4ad67b29532e,0.25,timed_out,2026-08-12 23:07:25.133205,
1152,,KXHIGHDEN-26AUG13-B78.5,kalshi,KXHIGHDEN-26AUG13-B78.5,weather,yes,0.13,10,2026-08-12 23:11:25.448866,true,,,timed_out,0,0.98,0.14,0.84,timed_out,6aa43af5-05a5-4e00-a13a-889040591ffa,0.13,timed_out,2026-08-12 23:11:24.824014,
1153,,KXHIGHDEN-26AUG13-B80.5,kalshi,KXHIGHDEN-26AUG13-B80.5,weather,yes,0.25,10,2026-08-12 23:11:25.448875,true,,,timed_out,0,0.935483870967742,0.26,0.675483870967742,timed_out,d5eb1b73-1889-4482-91ae-d8c0f8f5dc97,0.25,timed_out,2026-08-12 23:11:25.275336,
1154,,KXHIGHDEN-26AUG13-B78.5,kalshi,KXHIGHDEN-26AUG13-B78.5,weather,yes,0.13,10,2026-08-12 23:15:25.737537,true,,,timed_out,0,0.98,0.14,0.84,timed_out,685b0f16-def1-429d-a8c3-bedc1b55ccf8,0.13,timed_out,2026-08-12 23:15:25.208499,
1155,,KXHIGHDEN-26AUG13-B80.5,kalshi,KXHIGHDEN-26AUG13-B80.5,weather,yes,0.25,10,2026-08-12 23:15:25.737548,true,,,timed_out,0,0.935483870967742,0.26,0.675483870967742,timed_out,1c5bc0c5-2a2b-4db2-98e7-ca08c522fe13,0.25,timed_out,2026-08-12 23:15:25.569714,
1156,,KXHIGHDEN-26AUG13-B78.5,kalshi,KXHIGHDEN-26AUG13-B78.5,weather,yes,0.13,10,2026-08-12 23:19:25.266352,true,,,timed_out,0,0.98,0.14,0.84,timed_out,15fe917d-0fcc-4286-8d77-e49345a18f8b,0.13,timed_out,2026-08-12 23:19:24.743164,
1157,,KXHIGHDEN-26AUG13-B80.5,kalshi,KXHIGHDEN-26AUG13-B80.5,weather,yes,0.25,10,2026-08-12 23:19:25.266366,true,,,timed_out,0,0.935483870967742,0.26,0.675483870967742,timed_out,695cffbd-d56c-4020-a35b-6b2a8bcfbcb2,0.25,timed_out,2026-08-12 23:19:25.103482,
1158,,KXHIGHDEN-26AUG13-B78.5,kalshi,KXHIGHDEN-26AUG13-B78.5,weather,yes,0.13,10,2026-08-12 23:24:30.870088,true,,,timed_out,0,0.98,0.14,0.84,timed_out,fa439950-a039-42bb-85d9-9ad1339487a7,0.13,timed_out,2026-08-12 23:24:30.329188,
1159,,KXHIGHDEN-26AUG13-B80.5,kalshi,KXHIGHDEN-26AUG13-B80.5,weather,yes,0.25,10,2026-08-12 23:24:30.8701,true,,,timed_out,0,0.935483870967742,0.26,0.675483870967742,timed_out,ca9b57ac-f86b-4263-b3b8-b3e2d9cf6296,0.25,timed_out,2026-08-12 23:24:30.707921,
1160,,KXHIGHDEN-26AUG13-B78.5,kalshi,KXHIGHDEN-26AUG13-B78.5,weather,yes,0.13,10,2026-08-12 23:28:31.297355,true,,,timed_out,0,0.98,0.14,0.84,timed_out,c3382077-193a-4ca9-8395-23e0b98ee68b,0.13,timed_out,2026-08-12 23:28:30.668352,
1161,,KXHIGHDEN-26AUG13-B80.5,kalshi,KXHIGHDEN-26AUG13-B80.5,weather,yes,0.25,10,2026-08-12 23:28:31.297366,true,,,timed_out,0,0.935483870967742,0.26,0.675483870967742,timed_out,9c0022e9-391f-4794-91b8-410e1ce1a270,0.25,timed_out,2026-08-12 23:28:31.136807,
1162,,KXHIGHDEN-26AUG13-B78.5,kalshi,KXHIGHDEN-26AUG13-B78.5,weather,yes,0.13,10,2026-08-12 23:32:30.225743,true,,,timed_out,0,0.98,0.14,0.84,timed_out,d215a36a-7258-4f72-8861-11002da09ee2,0.13,timed_out,2026-08-12 23:32:29.694259,
1163,,KXHIGHDEN-26AUG13-B80.5,kalshi,KXHIGHDEN-26AUG13-B80.5,weather,yes,0.25,10,2026-08-12 23:32:30.225756,true,,,timed_out,0,0.935483870967742,0.26,0.675483870967742,timed_out,2886564d-3881-4f92-9fdc-183a73334936,0.25,timed_out,2026-08-12 23:32:30.062037,
1164,,KXHIGHDEN-26AUG13-B78.5,kalshi,KXHIGHDEN-26AUG13-B78.5,weather,yes,0.13,10,2026-08-12 23:36:30.25651,true,,,timed_out,0,0.98,0.14,0.84,timed_out,a7c36fe8-a57a-49b4-9e49-b0f834d37620,0.13,timed_out,2026-08-12 23:36:29.731409,
1165,,KXHIGHDEN-26AUG13-B80.5,kalshi,KXHIGHDEN-26AUG13-B80.5,weather,yes,0.25,10,2026-08-12 23:36:30.25652,true,,,timed_out,0,0.935483870967742,0.26,0.675483870967742,timed_out,8ac2810a-05fc-4654-bf77-d278ac53dadd,0.25,timed_out,2026-08-12 23:36:30.092647,
1166,,KXHIGHDEN-26AUG13-B78.5,kalshi,KXHIGHDEN-26AUG13-B78.5,weather,yes,0.13,10,2026-08-12 23:40:30.272497,true,,,timed_out,0,0.98,0.14,0.84,timed_out,b23e9dce-a7bc-42a0-95c1-3611cf093338,0.13,timed_out,2026-08-12 23:40:29.732483,
1167,,KXHIGHDEN-26AUG13-B80.5,kalshi,KXHIGHDEN-26AUG13-B80.5,weather,yes,0.25,10,2026-08-12 23:40:30.272507,true,,,timed_out,0,0.935483870967742,0.26,0.675483870967742,timed_out,867d970e-33dc-4ff9-afca-32dd65f6e1f4,0.25,timed_out,2026-08-12 23:40:30.106924,
1168,,KXHIGHDEN-26AUG13-B78.5,kalshi,KXHIGHDEN-26AUG13-B78.5,weather,yes,0.13,10,2026-08-12 23:44:30.284741,true,,,timed_out,0,0.98,0.14,0.84,timed_out,3411fce3-e6cf-451e-b779-b805b3677c49,0.13,timed_out,2026-08-12 23:44:29.728694,
1169,,KXHIGHDEN-26AUG13-B80.5,kalshi,KXHIGHDEN-26AUG13-B80.5,weather,yes,0.25,10,2026-08-12 23:44:30.284753,true,,,timed_out,0,0.935483870967742,0.26,0.675483870967742,timed_out,85482adc-7259-487e-8247-8e623b68ee9a,0.25,timed_out,2026-08-12 23:44:30.120677,
1170,,KXHIGHDEN-26AUG13-B78.5,kalshi,KXHIGHDEN-26AUG13-B78.5,weather,yes,0.13,10,2026-08-12 23:48:30.750297,true,,,timed_out,0,0.98,0.14,0.84,timed_out,0bea2f95-f5fe-42f2-97d3-9524ca8e4f3e,0.13,timed_out,2026-08-12 23:48:30.117556,
1171,,KXHIGHDEN-26AUG13-B80.5,kalshi,KXHIGHDEN-26AUG13-B80.5,weather,yes,0.25,10,2026-08-12 23:48:30.750299,true,,,timed_out,0,0.935483870967742,0.26,0.675483870967742,timed_out,40df0e58-15ce-445e-934a-cd9a62d8a672,0.25,timed_out,2026-08-12 23:48:30.570403,
1172,,KXHIGHDEN-26AUG13-B78.5,kalshi,KXHIGHDEN-26AUG13-B78.5,weather,yes,0.13,10,2026-08-12 23:52:30.313846,true,,,timed_out,0,0.98,0.14,0.84,timed_out,88f866a6-1dc2-481a-9348-6ca29cb9f007,0.13,timed_out,2026-08-12 23:52:29.768267,
1173,,KXHIGHDEN-26AUG13-B80.5,kalshi,KXHIGHDEN-26AUG13-B80.5,weather,yes,0.25,10,2026-08-12 23:52:30.313857,true,,,timed_out,0,0.935483870967742,0.26,0.675483870967742,timed_out,1bad8fff-3bb1-4f38-ab83-3b6849e488c0,0.25,timed_out,2026-08-12 23:52:30.13424,
1174,,KXHIGHDEN-26AUG13-B78.5,kalshi,KXHIGHDEN-26AUG13-B78.5,weather,yes,0.13,10,2026-08-12 23:56:30.272379,true,,,timed_out,0,0.98,0.14,0.84,timed_out,b937e0b4-16fc-452a-8885-fe5906674082,0.13,timed_out,2026-08-12 23:56:29.736193,
1175,,KXHIGHDEN-26AUG13-B80.5,kalshi,KXHIGHDEN-26AUG13-B80.5,weather,yes,0.25,10,2026-08-12 23:56:30.272391,true,,,timed_out,0,0.935483870967742,0.26,0.675483870967742,timed_out,ad04a12b-0a22-4660-bc39-c7b6a91395f2,0.25,timed_out,2026-08-12 23:56:30.107806,
1176,,KXHIGHDEN-26AUG13-B78.5,kalshi,KXHIGHDEN-26AUG13-B78.5,weather,yes,0.13,10,2026-08-13 00:00:30.293045,true,,,timed_out,0,0.98,0.14,0.84,timed_out,8c06d305-0016-4898-8f3e-b05035baac04,0.13,timed_out,2026-08-13 00:00:29.731189,
1177,,KXHIGHDEN-26AUG13-B80.5,kalshi,KXHIGHDEN-26AUG13-B80.5,weather,yes,0.25,10,2026-08-13 00:00:30.293057,true,,,timed_out,0,0.935483870967742,0.26,0.675483870967742,timed_out,81674bf1-c2c9-463f-8345-4077b1bdadb8,0.25,timed_out,2026-08-13 00:00:30.129202,
1178,,KXHIGHDEN-26AUG13-B78.5,kalshi,KXHIGHDEN-26AUG13-B78.5,weather,yes,0.13,10,2026-08-13 00:04:30.245868,true,,,timed_out,0,0.98,0.14,0.84,timed_out,d252ddb9-a734-4523-bc1a-921a8e50b477,0.13,timed_out,2026-08-13 00:04:29.699553,
1179,,KXHIGHDEN-26AUG13-B80.5,kalshi,KXHIGHDEN-26AUG13-B80.5,weather,yes,0.25,10,2026-08-13 00:04:30.24588,true,,,timed_out,0,0.935483870967742,0.26,0.675483870967742,timed_out,a689106f-4c57-4470-8730-1c1c643b84ad,0.25,timed_out,2026-08-13 00:04:30.087593,
1180,,KXHIGHDEN-26AUG13-B78.5,kalshi,KXHIGHDEN-26AUG13-B78.5,weather,yes,0.13,10,2026-08-13 00:08:30.735848,true,,,timed_out,0,0.98,0.14,0.84,timed_out,f6a15d94-7062-48a8-bab9-58f111ce4038,0.13,timed_out,2026-08-13 00:08:30.138171,
1181,,KXHIGHDEN-26AUG13-B80.5,kalshi,KXHIGHDEN-26AUG13-B80.5,weather,yes,0.25,10,2026-08-13 00:08:30.735859,true,,,timed_out,0,0.935483870967742,0.26,0.675483870967742,timed_out,646670de-95c6-459b-ba91-ad9e5c3e1ff6,0.25,timed_out,2026-08-13 00:08:30.572996,
1182,,KXHIGHDEN-26AUG13-B78.5,kalshi,KXHIGHDEN-26AUG13-B78.5,weather,yes,0.13,10,2026-08-13 00:12:30.289494,true,,,timed_out,0,0.98,0.14,0.84,timed_out,03dc7337-2e9b-4e84-950e-d5a3ba2c1efb,0.13,timed_out,2026-08-13 00:12:29.736158,
1183,,KXHIGHDEN-26AUG13-B80.5,kalshi,KXHIGHDEN-26AUG13-B80.5,weather,yes,0.25,10,2026-08-13 00:12:30.289513,true,,,timed_out,0,0.935483870967742,0.26,0.675483870967742,timed_out,eacfd1d4-c200-425c-bfed-ae774bb6cb01,0.25,timed_out,2026-08-13 00:12:30.118661,
1184,,KXHIGHDEN-26AUG13-B78.5,kalshi,KXHIGHDEN-26AUG13-B78.5,weather,yes,0.13,10,2026-08-13 00:45:27.431164,true,,,timed_out,0,0.98,0.14,0.84,timed_out,2d23dbeb-979b-41ff-be0f-ae33bf1d7404,0.13,timed_out,2026-08-13 00:45:26.839292,
1185,,KXHIGHDEN-26AUG13-B80.5,kalshi,KXHIGHDEN-26AUG13-B80.5,weather,yes,0.25,10,2026-08-13 00:45:27.431171,true,,,timed_out,0,0.935483870967742,0.26,0.675483870967742,timed_out,04c8f67e-28b3-4a02-b852-e7bd87e11888,0.25,timed_out,2026-08-13 00:45:27.220465,
1186,,KXHIGHDEN-26AUG13-B78.5,kalshi,KXHIGHDEN-26AUG13-B78.5,weather,yes,0.13,10,2026-08-13 01:01:27.254089,true,,,timed_out,0,0.98,0.14,0.84,timed_out,bc2a66df-d7cb-43b6-bed9-330db08a04f9,0.13,timed_out,2026-08-13 01:01:26.714961,
1187,,KXHIGHDEN-26AUG13-B80.5,kalshi,KXHIGHDEN-26AUG13-B80.5,weather,yes,0.25,10,2026-08-13 01:01:27.2541,true,,,timed_out,0,0.935483870967742,0.26,0.675483870967742,timed_out,01ecd183-1797-40f9-a510-08e1833d1495,0.25,timed_out,2026-08-13 01:01:27.078236,
1188,,KXHIGHDEN-26AUG13-B78.5,kalshi,KXHIGHDEN-26AUG13-B78.5,weather,yes,0.13,10,2026-08-13 01:04:54.907402,true,,,timed_out,0,0.98,0.14,0.84,timed_out,424df040-5052-4505-af44-fa5185d4ea15,0.13,timed_out,2026-08-13 01:04:54.362067,
1189,,KXHIGHDEN-26AUG13-B80.5,kalshi,KXHIGHDEN-26AUG13-B80.5,weather,yes,0.25,10,2026-08-13 01:04:54.907407,true,,,timed_out,0,0.935483870967742,0.26,0.675483870967742,timed_out,ded4b934-1b66-4c00-85c9-7218b4bbe4f0,0.25,timed_out,2026-08-13 01:04:54.717092,
1190,,KXHIGHDEN-26AUG13-B78.5,kalshi,KXHIGHDEN-26AUG13-B78.5,weather,yes,0.13,10,2026-08-13 01:08:54.157593,true,,,timed_out,0,0.98,0.14,0.84,timed_out,80c31805-c0d7-4206-b948-e48bc6d5de14,0.13,timed_out,2026-08-13 01:08:53.618678,
1191,,KXHIGHDEN-26AUG13-B80.5,kalshi,KXHIGHDEN-26AUG13-B80.5,weather,yes,0.25,10,2026-08-13 01:08:54.157603,true,,,timed_out,0,0.935483870967742,0.26,0.675483870967742,timed_out,0981f638-744c-4eba-8248-044a3c9321ed,0.25,timed_out,2026-08-13 01:08:53.997504,
1192,,KXHIGHDEN-26AUG13-B78.5,kalshi,KXHIGHDEN-26AUG13-B78.5,weather,yes,0.13,10,2026-08-13 01:12:54.08486,true,,,timed_out,0,0.98,0.14,0.84,timed_out,2127c486-70c9-4863-9e76-2a748784a163,0.13,timed_out,2026-08-13 01:12:53.547943,
1193,,KXHIGHDEN-26AUG13-B80.5,kalshi,KXHIGHDEN-26AUG13-B80.5,weather,yes,0.25,10,2026-08-13 01:12:54.084879,true,,,timed_out,0,0.935483870967742,0.26,0.675483870967742,timed_out,d3d3750a-02cc-4b33-b89a-20759f661d19,0.25,timed_out,2026-08-13 01:12:53.921901,
1194,,KXHIGHDEN-26AUG13-B78.5,kalshi,KXHIGHDEN-26AUG13-B78.5,weather,yes,0.13,10,2026-08-13 01:16:55.211825,true,,,timed_out,0,0.98,0.14,0.84,timed_out,0df46d59-7c14-4e9b-bb4c-d20f3bc6e504,0.13,timed_out,2026-08-13 01:16:54.62707,
1195,,KXHIGHDEN-26AUG13-B80.5,kalshi,KXHIGHDEN-26AUG13-B80.5,weather,yes,0.25,10,2026-08-13 01:16:55.211836,true,,,timed_out,0,0.935483870967742,0.26,0.675483870967742,timed_out,f65e1d24-39a0-42c3-9854-0a412e24593a,0.25,timed_out,2026-08-13 01:16:55.042605,
1196,,KXHIGHDEN-26AUG13-B78.5,kalshi,KXHIGHDEN-26AUG13-B78.5,weather,yes,0.13,10,2026-08-13 01:20:54.117652,true,2026-08-13 01:21:53.625429,1,win,8.7,0.98,0.14,0.84,maker_limit,65c52c37-2f38-438b-bfa9-cb04fe5666f2,0.13,pending_fill,2026-08-13 01:20:53.60335,
1197,,KXHIGHDEN-26AUG13-B80.5,kalshi,KXHIGHDEN-26AUG13-B80.5,weather,yes,0.26,10,2026-08-13 01:20:54.117666,true,,,timed_out,0,0.935483870967742,0.27,0.665483870967742,timed_out,21a1c4df-5050-44ae-b044-e1e5ded84d24,0.26,timed_out,2026-08-13 01:20:53.958821,
1198,,KXHIGHDEN-26AUG13-B80.5,kalshi,KXHIGHDEN-26AUG13-B80.5,weather,yes,0.24,10,2026-08-13 01:24:53.643343,true,,,timed_out,0,0.935483870967742,0.27,0.665483870967742,timed_out,3a9aab06-4685-4061-a0fd-98ab407caac6,0.24,timed_out,2026-08-13 01:24:53.535996,
1199,,KXHIGHDEN-26AUG13-B80.5,kalshi,KXHIGHDEN-26AUG13-B80.5,weather,yes,0.23,10,2026-08-13 01:28:53.62809,true,,,timed_out,0,0.935483870967742,0.24,0.695483870967742,timed_out,f49c290b-0691-429d-83b5-064b1e6b24b3,0.23,timed_out,2026-08-13 01:28:53.543579,
1200,,KXHIGHDEN-26AUG13-B80.5,kalshi,KXHIGHDEN-26AUG13-B80.5,weather,yes,0.23,10,2026-08-13 01:32:53.610837,true,,,timed_out,0,0.935483870967742,0.24,0.695483870967742,timed_out,9b214671-e1ee-4e89-b7da-b7850e438d91,0.23,timed_out,2026-08-13 01:32:53.528367,
1201,,KXHIGHDEN-26AUG13-B80.5,kalshi,KXHIGHDEN-26AUG13-B80.5,weather,yes,0.23,10,2026-08-13 01:36:54.003895,true,,,timed_out,0,0.935483870967742,0.24,0.695483870967742,timed_out,7bc82bdb-dbba-45cf-a0c8-57b5a189f2e4,0.23,timed_out,2026-08-13 01:36:53.904995,
1202,,KXHIGHDEN-26AUG13-B80.5,kalshi,KXHIGHDEN-26AUG13-B80.5,weather,yes,0.23,10,2026-08-13 01:40:53.654424,true,,,timed_out,0,0.935483870967742,0.24,0.695483870967742,timed_out,2c85380c-3350-4c98-a179-e03c82189941,0.23,timed_out,2026-08-13 01:40:53.570524,
1203,,KXHIGHDEN-26AUG13-B80.5,kalshi,KXHIGHDEN-26AUG13-B80.5,weather,yes,0.23,10,2026-08-13 01:44:53.674086,true,,,timed_out,0,0.935483870967742,0.24,0.695483870967742,timed_out,046cbcc9-6c13-4809-94c4-ace985d849f1,0.23,timed_out,2026-08-13 01:44:53.589754,
1204,,KXHIGHDEN-26AUG13-B80.5,kalshi,KXHIGHDEN-26AUG13-B80.5,weather,yes,0.22,10,2026-08-13 01:48:53.651318,true,,,timed_out,0,0.935483870967742,0.23,0.705483870967742,timed_out,5cdde040-f3e1-47d4-9ddc-4d6ec83a4e60,0.22,timed_out,2026-08-13 01:48:53.57109,
1205,,KXHIGHDEN-26AUG13-B80.5,kalshi,KXHIGHDEN-26AUG13-B80.5,weather,yes,0.22,10,2026-08-13 01:52:53.641336,true,,,timed_out,0,0.935483870967742,0.23,0.705483870967742,timed_out,fb136d26-5072-4487-9761-5c8359fda39d,0.22,timed_out,2026-08-13 01:52:53.555762,
1206,,KXHIGHDEN-26AUG13-B80.5,kalshi,KXHIGHDEN-26AUG13-B80.5,weather,yes,0.22,10,2026-08-13 01:56:53.950173,true,,,timed_out,0,0.935483870967742,0.23,0.705483870967742,timed_out,4d3a9ef5-2015-4783-844b-6c4f32e315c7,0.22,timed_out,2026-08-13 01:56:53.862639,
1207,,KXHIGHDEN-26AUG13-B80.5,kalshi,KXHIGHDEN-26AUG13-B80.5,weather,yes,0.22,10,2026-08-13 02:00:53.654197,true,,,timed_out,0,0.935483870967742,0.23,0.705483870967742,timed_out,0155a4a8-76e4-4094-8ffc-207fb7ec6f23,0.22,timed_out,2026-08-13 02:00:53.568989,
1208,,KXHIGHDEN-26AUG13-B80.5,kalshi,KXHIGHDEN-26AUG13-B80.5,weather,yes,0.22,10,2026-08-13 02:04:53.840273,true,,,timed_out,0,0.935483870967742,0.23,0.705483870967742,timed_out,825cb724-bdbd-4ed6-89ca-4dd57e9bccf0,0.22,timed_out,2026-08-13 02:04:53.728138,
1209,,KXHIGHDEN-26AUG13-B80.5,kalshi,KXHIGHDEN-26AUG13-B80.5,weather,yes,0.22,10,2026-08-13 02:08:53.704636,true,,,timed_out,0,0.935483870967742,0.23,0.705483870967742,timed_out,79dc6ca0-2049-46a8-bda0-3f677fadb341,0.22,timed_out,2026-08-13 02:08:53.623232,
1210,,KXHIGHDEN-26AUG13-B80.5,kalshi,KXHIGHDEN-26AUG13-B80.5,weather,yes,0.21,10,2026-08-13 02:12:53.678743,true,,,timed_out,0,0.935483870967742,0.23,0.705483870967742,timed_out,5f45f100-464d-4153-8cf4-307bf1d383f0,0.21,timed_out,2026-08-13 02:12:53.594476,
1211,,KXHIGHDEN-26AUG13-B80.5,kalshi,KXHIGHDEN-26AUG13-B80.5,weather,yes,0.2,10,2026-08-13 02:16:54.004377,true,,,timed_out,0,0.935483870967742,0.21,0.725483870967742,timed_out,08fd8e58-eee2-492b-8c64-c1d405650ebb,0.2,timed_out,2026-08-13 02:16:53.922218,
1212,,KXHIGHDEN-26AUG13-B80.5,kalshi,KXHIGHDEN-26AUG13-B80.5,weather,yes,0.2,10,2026-08-13 02:20:53.702205,true,,,timed_out,0,0.935483870967742,0.21,0.725483870967742,timed_out,8053ac3a-4b85-4ff1-bffe-b768619117a6,0.2,timed_out,2026-08-13 02:20:53.622672,
1213,,KXHIGHDEN-26AUG13-B80.5,kalshi,KXHIGHDEN-26AUG13-B80.5,weather,yes,0.2,10,2026-08-13 02:24:53.73195,true,,,timed_out,0,0.935483870967742,0.21,0.725483870967742,timed_out,de6f014d-d05a-44bf-bd92-d52942f83545,0.2,timed_out,2026-08-13 02:24:53.645633,
1214,,KXHIGHDEN-26AUG13-B80.5,kalshi,KXHIGHDEN-26AUG13-B80.5,weather,yes,0.21,10,2026-08-13 02:28:53.62152,true,,,timed_out,0,0.935483870967742,0.29,0.645483870967742,timed_out,ab0b5b74-de1e-4938-a09f-6a29fc12b856,0.21,timed_out,2026-08-13 02:28:53.541461,
1215,,KXHIGHDEN-26AUG13-B80.5,kalshi,KXHIGHDEN-26AUG13-B80.5,weather,yes,0.21,10,2026-08-13 02:32:53.648138,true,,,timed_out,0,0.935483870967742,0.29,0.645483870967742,timed_out,2ec38e7c-e013-4007-97e0-d6c8420b44a1,0.21,timed_out,2026-08-13 02:32:53.558177,
1216,,KXHIGHDEN-26AUG13-B80.5,kalshi,KXHIGHDEN-26AUG13-B80.5,weather,yes,0.23,10,2026-08-13 02:36:54.010271,true,,,timed_out,0,0.935483870967742,0.24,0.695483870967742,timed_out,6e321e4d-e9c9-4505-a611-4dd4d2524d91,0.23,timed_out,2026-08-13 02:36:53.924041,
1217,,KXHIGHDEN-26AUG13-B80.5,kalshi,KXHIGHDEN-26AUG13-B80.5,weather,yes,0.22,10,2026-08-13 02:40:53.612724,true,,,timed_out,0,0.935483870967742,0.24,0.695483870967742,timed_out,25d387c6-c81a-46ed-ba45-97f88bef97d4,0.22,timed_out,2026-08-13 02:40:53.531692,
1218,,KXHIGHDEN-26AUG13-B80.5,kalshi,KXHIGHDEN-26AUG13-B80.5,weather,yes,0.21,10,2026-08-13 02:44:53.673933,true,,,timed_out,0,0.935483870967742,0.24,0.695483870967742,timed_out,30835657-a2c1-4901-b08b-be69c6c3b70a,0.21,timed_out,2026-08-13 02:44:53.594678,
1219,,KXHIGHDEN-26AUG13-B80.5,kalshi,KXHIGHDEN-26AUG13-B80.5,weather,yes,0.21,10,2026-08-13 02:48:53.62875,true,,,timed_out,0,0.935483870967742,0.24,0.695483870967742,timed_out,48334f49-1c06-484f-b847-cc1e709bf274,0.21,timed_out,2026-08-13 02:48:53.538682,
1220,,KXHIGHDEN-26AUG13-B80.5,kalshi,KXHIGHDEN-26AUG13-B80.5,weather,yes,0.23,10,2026-08-13 02:52:53.670905,true,,,timed_out,0,0.935483870967742,0.25,0.685483870967742,timed_out,88b258c4-7286-4eff-9653-374eb21d6587,0.23,timed_out,2026-08-13 02:52:53.587943,
1221,,KXHIGHDEN-26AUG13-B80.5,kalshi,KXHIGHDEN-26AUG13-B80.5,weather,yes,0.21,10,2026-08-13 02:56:54.011273,true,,,timed_out,0,0.935483870967742,0.25,0.685483870967742,timed_out,69e3df7c-b09a-4bf5-ad53-038cedcd0219,0.21,timed_out,2026-08-13 02:56:53.91539,
1222,,KXHIGHDEN-26AUG13-B80.5,kalshi,KXHIGHDEN-26AUG13-B80.5,weather,yes,0.24,10,2026-08-13 03:00:53.71308,true,,,timed_out,0,0.935483870967742,0.25,0.685483870967742,timed_out,307dc18d-f199-4031-860e-0c72cfb43177,0.24,timed_out,2026-08-13 03:00:53.627875,
1223,,KXHIGHDEN-26AUG13-B80.5,kalshi,KXHIGHDEN-26AUG13-B80.5,weather,yes,0.22,10,2026-08-13 03:04:53.65503,true,,,timed_out,0,0.935483870967742,0.25,0.685483870967742,timed_out,f191def9-db93-4002-9270-bd3b48297910,0.22,timed_out,2026-08-13 03:04:53.56878,
1224,,KXHIGHDEN-26AUG13-B80.5,kalshi,KXHIGHDEN-26AUG13-B80.5,weather,yes,0.22,10,2026-08-13 03:08:53.615017,true,,,timed_out,0,0.935483870967742,0.25,0.685483870967742,timed_out,b3cc442c-7819-4392-89a6-1423d770140a,0.22,timed_out,2026-08-13 03:08:53.532994,
1225,,KXHIGHDEN-26AUG13-B80.5,kalshi,KXHIGHDEN-26AUG13-B80.5,weather,yes,0.22,10,2026-08-13 03:12:53.642865,true,,,timed_out,0,0.935483870967742,0.25,0.685483870967742,timed_out,c16b9170-44b2-4a54-8fe5-a3b1bfa9f79f,0.22,timed_out,2026-08-13 03:12:53.558533,
1226,,KXHIGHDEN-26AUG13-B80.5,kalshi,KXHIGHDEN-26AUG13-B80.5,weather,yes,0.22,10,2026-08-13 03:16:53.955728,true,,,timed_out,0,0.935483870967742,0.24,0.695483870967742,timed_out,9a0fa766-cc27-46f5-8180-b21b805b0b78,0.22,timed_out,2026-08-13 03:16:53.870977,
1227,,KXHIGHDEN-26AUG13-B80.5,kalshi,KXHIGHDEN-26AUG13-B80.5,weather,yes,0.22,10,2026-08-13 03:20:53.645018,true,,,timed_out,0,0.935483870967742,0.25,0.685483870967742,timed_out,ef31fd5e-c708-42f3-b8a0-b85f1a44fd5e,0.22,timed_out,2026-08-13 03:20:53.566167,
1228,,KXHIGHDEN-26AUG13-B80.5,kalshi,KXHIGHDEN-26AUG13-B80.5,weather,yes,0.22,10,2026-08-13 03:24:53.685824,true,,,timed_out,0,0.935483870967742,0.25,0.685483870967742,timed_out,ff18c615-9ced-439a-908e-a4805add281e,0.22,timed_out,2026-08-13 03:24:53.601729,
1229,,KXHIGHDEN-26AUG13-B80.5,kalshi,KXHIGHDEN-26AUG13-B80.5,weather,yes,0.21,10,2026-08-13 03:28:53.634283,true,,,timed_out,0,0.935483870967742,0.25,0.685483870967742,timed_out,33c68b90-e33a-4ca4-ae73-ecf38a50ee97,0.21,timed_out,2026-08-13 03:28:53.554034,
1230,,KXHIGHDEN-26AUG13-B80.5,kalshi,KXHIGHDEN-26AUG13-B80.5,weather,yes,0.23,10,2026-08-13 03:32:53.684197,true,,,timed_out,0,0.935483870967742,0.25,0.685483870967742,timed_out,90b410a5-f9d2-4a81-9990-e18cf1a70971,0.23,timed_out,2026-08-13 03:32:53.596526,
1231,,KXHIGHDEN-26AUG13-B80.5,kalshi,KXHIGHDEN-26AUG13-B80.5,weather,yes,0.21,10,2026-08-13 03:36:54.030599,true,,,timed_out,0,0.935483870967742,0.25,0.685483870967742,timed_out,3f260e06-46cb-4995-a871-02f94bc211ce,0.21,timed_out,2026-08-13 03:36:53.938475,
1232,,KXHIGHDEN-26AUG13-B80.5,kalshi,KXHIGHDEN-26AUG13-B80.5,weather,yes,0.21,10,2026-08-13 03:40:53.649529,true,,,timed_out,0,0.935483870967742,0.24,0.695483870967742,timed_out,1f526a0e-8566-4f44-bbc3-1000f2dcc1f1,0.21,timed_out,2026-08-13 03:40:53.564899,
1233,,KXHIGHDEN-26AUG13-B80.5,kalshi,KXHIGHDEN-26AUG13-B80.5,weather,yes,0.21,10,2026-08-13 03:44:53.672161,true,,,timed_out,0,0.935483870967742,0.24,0.695483870967742,timed_out,53ba8a76-9e9e-4dfc-97de-0e8fb11612ab,0.21,timed_out,2026-08-13 03:44:53.580821,
1234,,KXHIGHDEN-26AUG13-B80.5,kalshi,KXHIGHDEN-26AUG13-B80.5,weather,yes,0.21,10,2026-08-13 03:48:53.618446,true,,,timed_out,0,0.935483870967742,0.24,0.695483870967742,timed_out,76c808de-e1af-41e3-a401-de5aa62e7805,0.21,timed_out,2026-08-13 03:48:53.536346,
1235,,KXHIGHDEN-26AUG13-B80.5,kalshi,KXHIGHDEN-26AUG13-B80.5,weather,yes,0.23,10,2026-08-13 03:52:53.62992,true,,,timed_out,0,0.935483870967742,0.25,0.685483870967742,timed_out,11610cff-f30e-4e94-981d-1238a3355df7,0.23,timed_out,2026-08-13 03:52:53.544297,
1236,,KXHIGHDEN-26AUG13-B80.5,kalshi,KXHIGHDEN-26AUG13-B80.5,weather,yes,0.21,10,2026-08-13 03:56:54.013798,true,,,timed_out,0,0.935483870967742,0.25,0.685483870967742,timed_out,ffaacda5-4c81-4071-9b65-283e236dc1e9,0.21,timed_out,2026-08-13 03:56:53.930051,
1237,,KXHIGHDEN-26AUG13-B80.5,kalshi,KXHIGHDEN-26AUG13-B80.5,weather,yes,0.21,10,2026-08-13 04:00:53.671773,true,,,timed_out,0,0.935483870967742,0.24,0.695483870967742,timed_out,6558f039-e42c-416e-af36-77e4f54c20e1,0.21,timed_out,2026-08-13 04:00:53.585733,
1238,,KXHIGHDEN-26AUG13-B80.5,kalshi,KXHIGHDEN-26AUG13-B80.5,weather,yes,0.21,10,2026-08-13 04:04:53.734501,true,,,timed_out,0,0.935483870967742,0.24,0.695483870967742,timed_out,5f8a3672-531c-4194-95ad-30c0e286ed55,0.21,timed_out,2026-08-13 04:04:53.63784,
1239,,KXHIGHDEN-26AUG13-B80.5,kalshi,KXHIGHDEN-26AUG13-B80.5,weather,yes,0.22,10,2026-08-13 04:08:53.633469,true,,,timed_out,0,0.935483870967742,0.24,0.695483870967742,timed_out,c44e4779-fd31-4917-8b53-4f0b90f4ebe4,0.22,timed_out,2026-08-13 04:08:53.553712,
1240,,KXHIGHDEN-26AUG13-B80.5,kalshi,KXHIGHDEN-26AUG13-B80.5,weather,yes,0.22,10,2026-08-13 04:12:53.617761,true,,,timed_out,0,0.935483870967742,0.24,0.695483870967742,timed_out,09171a0d-afe1-4e9d-811d-c193befbd74e,0.22,timed_out,2026-08-13 04:12:53.538534,
1241,,KXHIGHDEN-26AUG13-B80.5,kalshi,KXHIGHDEN-26AUG13-B80.5,weather,yes,0.22,10,2026-08-13 04:16:54.075062,true,,,timed_out,0,0.935483870967742,0.24,0.695483870967742,timed_out,54addce5-980f-493a-8f90-d0dfa5d19132,0.22,timed_out,2026-08-13 04:16:53.998148,
1242,,KXHIGHDEN-26AUG13-B80.5,kalshi,KXHIGHDEN-26AUG13-B80.5,weather,yes,0.22,10,2026-08-13 04:20:53.653348,true,,,timed_out,0,0.935483870967742,0.24,0.695483870967742,timed_out,6375f480-b8bf-4a96-a0bf-bc4516f15671,0.22,timed_out,2026-08-13 04:20:53.561127,
1243,,KXHIGHDEN-26AUG13-B80.5,kalshi,KXHIGHDEN-26AUG13-B80.5,weather,yes,0.22,10,2026-08-13 04:24:53.675519,true,,,timed_out,0,0.935483870967742,0.24,0.695483870967742,timed_out,326ff7cc-323d-492e-a52b-7d12ae90db4c,0.22,timed_out,2026-08-13 04:24:53.593486,
1244,,KXHIGHDEN-26AUG13-B80.5,kalshi,KXHIGHDEN-26AUG13-B80.5,weather,yes,0.21,10,2026-08-13 04:28:53.650249,true,,,timed_out,0,0.935483870967742,0.24,0.695483870967742,timed_out,518713be-5afe-45fb-ac1a-e8f7557b40d5,0.21,timed_out,2026-08-13 04:28:53.567093,
1245,,KXHIGHDEN-26AUG13-B80.5,kalshi,KXHIGHDEN-26AUG13-B80.5,weather,yes,0.21,10,2026-08-13 04:32:53.636597,true,,,timed_out,0,0.935483870967742,0.24,0.695483870967742,timed_out,dad290dd-1f91-4b6d-b7a1-186a366917b8,0.21,timed_out,2026-08-13 04:32:53.552993,
1246,,KXHIGHDEN-26AUG13-B80.5,kalshi,KXHIGHDEN-26AUG13-B80.5,weather,yes,0.21,10,2026-08-13 04:36:54.113607,true,,,timed_out,0,0.935483870967742,0.24,0.695483870967742,timed_out,6f4b8cd5-034c-4e72-a03d-40e5821e64d3,0.21,timed_out,2026-08-13 04:36:54.029436,
1247,,KXHIGHDEN-26AUG13-B80.5,kalshi,KXHIGHDEN-26AUG13-B80.5,weather,yes,0.23,10,2026-08-13 04:40:53.66184,true,,,timed_out,0,0.935483870967742,0.25,0.685483870967742,timed_out,b7561796-9925-4dc0-8162-5e7d3de5464d,0.23,timed_out,2026-08-13 04:40:53.570877,
1248,,KXHIGHDEN-26AUG13-B80.5,kalshi,KXHIGHDEN-26AUG13-B80.5,weather,yes,0.22,10,2026-08-13 04:44:53.738861,true,,,timed_out,0,0.935483870967742,0.25,0.685483870967742,timed_out,66c224b8-ef17-421f-bd1f-7c31b34b60fe,0.22,timed_out,2026-08-13 04:44:53.609589,
1249,,KXHIGHDEN-26AUG13-B80.5,kalshi,KXHIGHDEN-26AUG13-B80.5,weather,yes,0.24,10,2026-08-13 04:48:53.705424,true,,,timed_out,0,0.935483870967742,0.26,0.675483870967742,timed_out,fcbe6bd7-6d87-4883-a9e5-86dbb7333467,0.24,timed_out,2026-08-13 04:48:53.624073,
1250,,KXHIGHDEN-26AUG13-B80.5,kalshi,KXHIGHDEN-26AUG13-B80.5,weather,yes,0.24,10,2026-08-13 04:52:53.744131,true,,,timed_out,0,0.935483870967742,0.26,0.675483870967742,timed_out,b73c0a49-01cc-4223-8663-6924f743133a,0.24,timed_out,2026-08-13 04:52:53.658299,
1251,,KXHIGHDEN-26AUG13-B80.5,kalshi,KXHIGHDEN-26AUG13-B80.5,weather,yes,0.24,10,2026-08-13 04:56:54.115704,true,,,timed_out,0,0.935483870967742,0.26,0.675483870967742,timed_out,f959e901-68f7-48ae-82f1-5620abffcdcf,0.24,timed_out,2026-08-13 04:56:54.024637,
1252,,KXHIGHDEN-26AUG13-B80.5,kalshi,KXHIGHDEN-26AUG13-B80.5,weather,yes,0.24,10,2026-08-13 05:00:53.671743,true,,,timed_out,0,0.935483870967742,0.26,0.675483870967742,timed_out,2c13d58f-2eb1-4e2a-b672-3218b9e38d0a,0.24,timed_out,2026-08-13 05:00:53.586555,
1253,,KXHIGHDEN-26AUG13-B80.5,kalshi,KXHIGHDEN-26AUG13-B80.5,weather,yes,0.24,10,2026-08-13 05:04:53.695522,true,,,timed_out,0,0.935483870967742,0.25,0.685483870967742,timed_out,c357a49a-5a35-42a0-8b97-664b93ad5788,0.24,timed_out,2026-08-13 05:04:53.607481,
1254,,KXHIGHDEN-26AUG13-B80.5,kalshi,KXHIGHDEN-26AUG13-B80.5,weather,yes,0.25,10,2026-08-13 05:08:53.696315,true,,,timed_out,0,0.935483870967742,0.26,0.675483870967742,timed_out,ed79599a-a3a3-4531-a38b-831c8f0ee816,0.25,timed_out,2026-08-13 05:08:53.606808,
1255,,KXHIGHDEN-26AUG13-B80.5,kalshi,KXHIGHDEN-26AUG13-B80.5,weather,yes,0.25,10,2026-08-13 05:12:53.653501,true,,,timed_out,0,0.935483870967742,0.26,0.675483870967742,timed_out,d9385205-508c-4482-b14f-0ab010418059,0.25,timed_out,2026-08-13 05:12:53.563138,
1256,,KXHIGHDEN-26AUG13-B80.5,kalshi,KXHIGHDEN-26AUG13-B80.5,weather,yes,0.26,10,2026-08-13 05:16:54.057397,true,,,timed_out,0,0.935483870967742,0.28,0.655483870967742,timed_out,f970cd3e-80bc-421e-a7ac-9a713a76d5f7,0.26,timed_out,2026-08-13 05:16:53.97141,
1257,77240,KXHIGHDEN-26AUG13-B78.5,kalshi,KXHIGHDEN-26AUG13-B78.5,weather,yes,0.13,10,2026-08-13 17:01:56.798993,true,,,timed_out,0,0.98,0.14,0.84,timed_out,4ccc5aab-d46d-42ff-ae30-d72cd5457685,0.13,timed_out,2026-08-13 17:01:56.635823,
1258,,KXHIGHDEN-26AUG13-B78.5,kalshi,KXHIGHDEN-26AUG13-B78.5,weather,yes,0.13,10,2026-08-13 17:05:53.730228,true,2026-08-13 17:06:53.610454,1,win,8.7,0.98,0.14,0.84,maker_limit,8dd24d1f-dd4e-4744-ae41-3524c893e25d,0.13,pending_fill,2026-08-13 17:05:53.645197,
1259,77241,KXHIGHDEN-26AUG13-B78.5,kalshi,KXHIGHDEN-26AUG13-B78.5,weather,yes,0.13,10,2026-08-13 17:07:04.353558,true,,,timed_out,0,0.98,0.14,0.84,timed_out,8649acea-979e-4036-ae43-50a8d6525338,0.13,timed_out,2026-08-13 17:07:04.191516,
1260,,KXHIGHDEN-26AUG13-B78.5,kalshi,KXHIGHDEN-26AUG13-B78.5,weather,yes,0.13,10,2026-08-13 17:10:53.638182,true,2026-08-13 17:11:53.72389,1,win,8.7,0.98,0.14,0.84,maker_limit,011d67b1-dae0-4c62-8bf1-634bacd17b96,0.13,pending_fill,2026-08-13 17:10:53.559503,
1261,77242,KXHIGHDEN-26AUG13-B78.5,kalshi,KXHIGHDEN-26AUG13-B78.5,weather,yes,0.13,10,2026-08-13 17:11:57.635535,true,,,timed_out,0,0.98,0.14,0.84,timed_out,30920a44-c313-4b3d-969b-218e716d5645,0.13,timed_out,2026-08-13 17:11:57.461484,
1262,,KXHIGHDEN-26AUG13-B78.5,kalshi,KXHIGHDEN-26AUG13-B78.5,weather,yes,0.13,10,2026-08-13 17:15:53.669539,true,2026-08-13 17:16:52.900768,1,win,8.7,0.98,0.14,0.84,maker_limit,473b83da-6526-43f2-9bf6-a0a332350a45,0.13,pending_fill,2026-08-13 17:15:53.588175,
1263,77244,KXHIGHDEN-26AUG13-B78.5,kalshi,KXHIGHDEN-26AUG13-B78.5,weather,yes,0.13,10,2026-08-13 17:17:00.321164,true,,,timed_out,0,0.98,0.14,0.84,timed_out,5de0b3a9-0c43-4ba7-849b-4614a3a798d3,0.13,timed_out,2026-08-13 17:17:00.145326,
1264,,KXHIGHDEN-26AUG13-B78.5,kalshi,KXHIGHDEN-26AUG13-B78.5,weather,yes,0.13,10,2026-08-13 17:20:53.660517,true,2026-08-13 17:21:53.711249,1,win,8.7,0.98,0.14,0.84,maker_limit,7f9eca6d-16a1-40da-9381-0c1782da57c4,0.13,pending_fill,2026-08-13 17:20:53.576496,
1265,77246,KXHIGHDEN-26AUG13-B78.5,kalshi,KXHIGHDEN-26AUG13-B78.5,weather,yes,0.13,10,2026-08-13 17:22:06.565856,true,,,timed_out,0,0.98,0.14,0.84,timed_out,7e49edb9-2717-41ed-9934-42352edc1cce,0.13,timed_out,2026-08-13 17:22:06.37925,
1266,,KXHIGHDEN-26AUG13-B78.5,kalshi,KXHIGHDEN-26AUG13-B78.5,weather,yes,0.13,10,2026-08-13 17:25:53.670402,true,2026-08-13 17:26:52.888912,1,win,8.7,0.98,0.14,0.84,maker_limit,2249e3c4-1caf-4c15-8afc-65241f5f4bb8,0.13,pending_fill,2026-08-13 17:25:53.584301,
1267,77247,KXHIGHMIA-26AUG14-T96,kalshi,KXHIGHMIA-26AUG14-T96,weather,yes,0.02,10,2026-08-13 17:26:57.332669,true,,,timed_out,0,0.98,0.03,0.95,timed_out,fe4f1287-5e6b-4609-bbf3-b8a5eb9801ad,0.02,timed_out,2026-08-13 17:26:57.149046,
1268,77248,KXHIGHDEN-26AUG13-B78.5,kalshi,KXHIGHDEN-26AUG13-B78.5,weather,yes,0.13,10,2026-08-13 17:26:58.003329,true,,,timed_out,0,0.98,0.14,0.84,timed_out,c5f577fa-a0c2-4f08-a9cb-49df6bd85ab7,0.13,timed_out,2026-08-13 17:26:57.578746,
1269,,KXHIGHMIA-26AUG14-T96,kalshi,KXHIGHMIA-26AUG14-T96,weather,yes,0.02,10,2026-08-13 17:30:54.242721,true,,,timed_out,0,0.98,0.03,0.95,timed_out,c1fb6607-f764-4a76-980e-885495ce6233,0.02,timed_out,2026-08-13 17:30:53.63242,
1270,,KXHIGHDEN-26AUG13-B78.5,kalshi,KXHIGHDEN-26AUG13-B78.5,weather,yes,0.13,10,2026-08-13 17:30:54.242735,true,2026-08-13 17:31:55.781137,1,win,8.7,0.98,0.14,0.84,maker_limit,3694961b-4ae8-4167-ae12-0f67fd6ea190,0.13,pending_fill,2026-08-13 17:30:53.996934,
1271,77250,KXHIGHDEN-26AUG13-B78.5,kalshi,KXHIGHDEN-26AUG13-B78.5,weather,yes,0.13,10,2026-08-13 17:32:00.981486,true,,,timed_out,0,0.98,0.14,0.84,timed_out,1f87e89c-1d6d-4599-b044-f5102423bee0,0.13,timed_out,2026-08-13 17:32:00.819101,
1272,,KXHIGHMIA-26AUG14-T96,kalshi,KXHIGHMIA-26AUG14-T96,weather,yes,0.02,10,2026-08-13 17:34:53.662168,true,,,timed_out,0,0.98,0.03,0.95,timed_out,1ba5d0d6-f86d-4585-b7ad-91e24a02f8da,0.02,timed_out,2026-08-13 17:34:53.584939,
1273,,KXHIGHDEN-26AUG13-B78.5,kalshi,KXHIGHDEN-26AUG13-B78.5,weather,yes,0.13,10,2026-08-13 17:35:53.670481,true,2026-08-13 17:36:53.380397,1,win,8.7,0.98,0.14,0.84,maker_limit,96655b39-16ec-4e0a-b985-3108c8c85972,0.13,pending_fill,2026-08-13 17:35:53.588928,
1274,77252,KXHIGHDEN-26AUG13-B78.5,kalshi,KXHIGHDEN-26AUG13-B78.5,weather,yes,0.13,10,2026-08-13 17:36:58.226696,true,,,timed_out,0,0.98,0.14,0.84,timed_out,fb85a94c-955f-4932-ad22-b677d8053d18,0.13,timed_out,2026-08-13 17:36:58.050348,
1275,,KXHIGHMIA-26AUG14-T96,kalshi,KXHIGHMIA-26AUG14-T96,weather,yes,0.02,10,2026-08-13 17:38:53.664609,true,,,timed_out,0,0.98,0.03,0.95,timed_out,1d892ddc-adfc-4bb4-af17-e56798f51d39,0.02,timed_out,2026-08-13 17:38:53.582348,
1276,,KXHIGHDEN-26AUG13-B78.5,kalshi,KXHIGHDEN-26AUG13-B78.5,weather,yes,0.13,10,2026-08-13 17:40:53.837004,true,2026-08-13 17:41:54.053907,1,win,8.7,0.98,0.14,0.84,maker_limit,848d3ef8-da13-45f1-8d1f-3e220b74ad5f,0.13,pending_fill,2026-08-13 17:40:53.739086,
1277,77254,KXHIGHDEN-26AUG13-B78.5,kalshi,KXHIGHDEN-26AUG13-B78.5,weather,yes,0.13,10,2026-08-13 17:42:05.970047,true,,,timed_out,0,0.98,0.14,0.84,timed_out,ad48e94b-5c3a-446d-a43b-f6b4cfc7b702,0.13,timed_out,2026-08-13 17:42:05.807614,
1278,,KXHIGHMIA-26AUG14-T96,kalshi,KXHIGHMIA-26AUG14-T96,weather,yes,0.02,10,2026-08-13 17:42:53.645195,true,,,timed_out,0,0.98,0.03,0.95,timed_out,24421fd5-b393-4c94-8114-adf06bed0020,0.02,timed_out,2026-08-13 17:42:53.566793,
1279,,KXHIGHDEN-26AUG13-B78.5,kalshi,KXHIGHDEN-26AUG13-B78.5,weather,yes,0.13,10,2026-08-13 17:45:53.642414,true,2026-08-13 17:46:54.50671,1,win,8.7,0.98,0.14,0.84,maker_limit,e8f2da94-ebd5-478e-a41e-c25a81d583ea,0.13,pending_fill,2026-08-13 17:45:53.564746,
1280,,KXHIGHMIA-26AUG14-T96,kalshi,KXHIGHMIA-26AUG14-T96,weather,yes,0.02,10,2026-08-13 17:46:53.930669,true,,,timed_out,0,0.98,0.03,0.95,timed_out,1d80d0ec-682c-4bb2-b1e0-73fcc70de4fe,0.02,timed_out,2026-08-13 17:46:53.853937,
1281,77256,KXHIGHDEN-26AUG13-B78.5,kalshi,KXHIGHDEN-26AUG13-B78.5,weather,yes,0.13,10,2026-08-13 17:47:01.699369,true,,,timed_out,0,0.98,0.14,0.84,timed_out,6e92cb96-80ba-47ca-9dea-ddde6f83ce1d,0.13,timed_out,2026-08-13 17:47:01.535027,
1282,77257,KXHIGHCHI-26AUG13-B76.5,kalshi,KXHIGHCHI-26AUG13-B76.5,weather,yes,0.65,10,2026-08-13 17:47:02.488915,true,,,timed_out,0,0.98,0.68,0.3,timed_out,0028846e-3a78-4d83-8b13-a0d159571921,0.65,timed_out,2026-08-13 17:47:02.073686,
1283,,KXHIGHDEN-26AUG13-B78.5,kalshi,KXHIGHDEN-26AUG13-B78.5,weather,yes,0.13,10,2026-08-13 17:50:54.561483,true,2026-08-13 17:51:54.207476,1,win,8.7,0.98,0.14,0.84,maker_limit,41e6832b-523d-43b9-827e-dfba55a52db7,0.13,pending_fill,2026-08-13 17:50:53.53469,
1284,,KXHIGHCHI-26AUG13-B76.5,kalshi,KXHIGHCHI-26AUG13-B76.5,weather,yes,0.6,10,2026-08-13 17:50:54.561496,true,2026-08-13 17:51:54.286402,1,win,4,0.98,0.68,0.3,maker_limit,e0737d7f-ddcb-42a1-a131-dda29a745de6,0.6,pending_fill,2026-08-13 17:50:53.926164,
1285,,KXHIGHMIA-26AUG14-T96,kalshi,KXHIGHMIA-26AUG14-T96,weather,yes,0.02,10,2026-08-13 17:50:54.5615,true,,,timed_out,0,0.98,0.03,0.95,timed_out,6c118bda-b09b-4334-bdb3-d3978ad193b1,0.02,timed_out,2026-08-13 17:50:54.321451,
1286,77259,KXHIGHDEN-26AUG13-B78.5,kalshi,KXHIGHDEN-26AUG13-B78.5,weather,yes,0.13,10,2026-08-13 17:51:58.630343,true,,,timed_out,0,0.98,0.14,0.84,timed_out,107cce6f-e356-4367-b0d5-4c8b016d315e,0.13,timed_out,2026-08-13 17:51:58.47342,
1287,,KXHIGHMIA-26AUG14-T96,kalshi,KXHIGHMIA-26AUG14-T96,weather,yes,0.02,10,2026-08-13 17:54:53.805718,true,,,timed_out,0,0.98,0.03,0.95,timed_out,afdd83be-e615-4752-aea4-cd3fd834b245,0.02,timed_out,2026-08-13 17:54:53.716557,
1288,,KXHIGHDEN-26AUG13-B78.5,kalshi,KXHIGHDEN-26AUG13-B78.5,weather,yes,0.14,10,2026-08-13 17:55:53.669241,true,2026-08-13 17:56:53.868936,1,win,8.6,0.98,0.15,0.83,maker_limit,bc79d034-4632-4117-aa07-3ae9b5097c46,0.14,pending_fill,2026-08-13 17:55:53.589422,
1289,77262,KXHIGHDEN-26AUG13-B78.5,kalshi,KXHIGHDEN-26AUG13-B78.5,weather,yes,0.14,10,2026-08-13 17:57:00.594656,true,,,timed_out,0,0.98,0.15,0.83,timed_out,f6760efe-ab13-4bcd-a934-1daf85d4788d,0.14,timed_out,2026-08-13 17:57:00.408953,
1290,,KXHIGHMIA-26AUG14-T96,kalshi,KXHIGHMIA-26AUG14-T96,weather,yes,0.02,10,2026-08-13 17:58:53.660127,true,,,timed_out,0,0.98,0.03,0.95,timed_out,440c39a1-fd2d-4113-ba8b-3456a17c9741,0.02,timed_out,2026-08-13 17:58:53.575852,
1291,,KXHIGHDEN-26AUG13-B78.5,kalshi,KXHIGHDEN-26AUG13-B78.5,weather,yes,0.14,10,2026-08-13 18:00:53.630161,true,2026-08-13 18:01:55.111552,1,win,8.6,0.98,0.15,0.83,maker_limit,ee65d0b9-b5f8-4981-a52a-179e24f85440,0.14,pending_fill,2026-08-13 18:00:53.547784,
1292,77265,KXHIGHDEN-26AUG13-B78.5,kalshi,KXHIGHDEN-26AUG13-B78.5,weather,yes,0.14,10,2026-08-13 18:02:02.262132,true,,,timed_out,0,0.98,0.15,0.83,timed_out,e1705621-61fd-46de-9095-3648c31015fb,0.14,timed_out,2026-08-13 18:02:02.102931,
1293,,KXHIGHMIA-26AUG14-T96,kalshi,KXHIGHMIA-26AUG14-T96,weather,yes,0.02,10,2026-08-13 18:02:53.781203,true,,,timed_out,0,0.98,0.03,0.95,timed_out,4f1ae4d1-c577-449d-b197-c055e7cb84b7,0.02,timed_out,2026-08-13 18:02:53.612532,
1294,,KXHIGHDEN-26AUG13-B78.5,kalshi,KXHIGHDEN-26AUG13-B78.5,weather,yes,0.14,10,2026-08-13 18:05:53.749138,true,2026-08-13 18:06:53.679204,1,win,8.6,0.98,0.15,0.83,maker_limit,ed22b0f1-8f0b-4298-9115-f162de03e2d9,0.14,pending_fill,2026-08-13 18:05:53.571086,
1295,,KXHIGHMIA-26AUG14-T96,kalshi,KXHIGHMIA-26AUG14-T96,weather,yes,0.01,10,2026-08-13 18:06:54.645759,true,,,timed_out,0,0.98,0.02,0.96,timed_out,0d768528-db38-4ad2-bf78-661434050104,0.01,timed_out,2026-08-13 18:06:54.493096,
1296,,KXHIGHMIA-26AUG14-T96,kalshi,KXHIGHMIA-26AUG14-T96,weather,yes,0.01,10,2026-08-13 18:10:53.763669,true,,,timed_out,0,0.98,0.02,0.96,timed_out,2a1e452c-96ab-4901-856e-5a5a1820a0e9,0.01,timed_out,2026-08-13 18:10:53.604619,
1297,,KXHIGHMIA-26AUG14-T96,kalshi,KXHIGHMIA-26AUG14-T96,weather,yes,0.01,10,2026-08-13 18:14:54.060903,true,,,timed_out,0,0.98,0.02,0.96,timed_out,5f9d1e34-f924-49d5-aabe-6f68315cccf9,0.01,timed_out,2026-08-13 18:14:53.886159,
1298,,KXHIGHMIA-26AUG14-T96,kalshi,KXHIGHMIA-26AUG14-T96,weather,yes,0.01,10,2026-08-13 18:18:53.873208,true,,,timed_out,0,0.98,0.02,0.96,timed_out,90bd2ada-f8dd-45a7-9607-5d7273003fc0,0.01,timed_out,2026-08-13 18:18:53.715543,
1299,,KXHIGHMIA-26AUG14-T96,kalshi,KXHIGHMIA-26AUG14-T96,weather,yes,0.01,10,2026-08-13 18:22:53.824496,true,,,timed_out,0,0.98,0.02,0.96,timed_out,d059d629-f9bc-4281-a8f4-89d5f39b457d,0.01,timed_out,2026-08-13 18:22:53.644746,
1300,,KXHIGHMIA-26AUG14-T96,kalshi,KXHIGHMIA-26AUG14-T96,weather,yes,0.01,10,2026-08-13 18:26:54.113549,true,,,timed_out,0,0.98,0.02,0.96,timed_out,a6f3e886-d394-4290-b76a-74229f837c7e,0.01,timed_out,2026-08-13 18:26:53.950665,
1301,,KXHIGHMIA-26AUG14-T96,kalshi,KXHIGHMIA-26AUG14-T96,weather,yes,0.01,10,2026-08-13 18:30:53.689451,true,,,timed_out,0,0.98,0.02,0.96,timed_out,0e2183d5-2437-4fad-8ccc-4716089d8ee4,0.01,timed_out,2026-08-13 18:30:53.531735,
1302,,KXHIGHMIA-26AUG14-T96,kalshi,KXHIGHMIA-26AUG14-T96,weather,yes,0.01,10,2026-08-13 18:34:54.063558,true,,,timed_out,0,0.98,0.02,0.96,timed_out,d2fb0d7b-6887-4c5b-9bab-6f1d1a4e495b,0.01,timed_out,2026-08-13 18:34:53.89552,
1303,,KXHIGHMIA-26AUG14-T96,kalshi,KXHIGHMIA-26AUG14-T96,weather,yes,0.01,10,2026-08-13 18:38:53.750559,true,,,timed_out,0,0.98,0.02,0.96,timed_out,a4f1f34a-a8fe-4dcb-bdb8-8da9f282f9a9,0.01,timed_out,2026-08-13 18:38:53.587974,
1304,,KXHIGHMIA-26AUG14-T96,kalshi,KXHIGHMIA-26AUG14-T96,weather,yes,0.01,10,2026-08-13 18:42:53.759057,true,,,timed_out,0,0.98,0.02,0.96,timed_out,d9a646ba-358a-4e44-aa4a-c1596e1266c0,0.01,timed_out,2026-08-13 18:42:53.5928,
1305,,KXHIGHMIA-26AUG14-T96,kalshi,KXHIGHMIA-26AUG14-T96,weather,yes,0.01,10,2026-08-13 18:46:54.338343,true,,,timed_out,0,0.98,0.02,0.96,timed_out,c50def9c-0ff7-41bb-9c4d-dd9e1c0d911b,0.01,timed_out,2026-08-13 18:46:54.1599,
1306,,KXHIGHMIA-26AUG14-T96,kalshi,KXHIGHMIA-26AUG14-T96,weather,yes,0.01,10,2026-08-13 18:50:53.690419,true,,,timed_out,0,0.98,0.02,0.96,timed_out,0d4e35ff-2485-4e33-946d-fdf739462457,0.01,timed_out,2026-08-13 18:50:53.527028,
1307,,KXHIGHMIA-26AUG14-T96,kalshi,KXHIGHMIA-26AUG14-T96,weather,yes,0.01,10,2026-08-13 18:54:53.779024,true,,,timed_out,0,0.98,0.02,0.96,timed_out,874f0536-fe61-4f5f-bdaf-1d028b707aaa,0.01,timed_out,2026-08-13 18:54:53.609394,
1308,,KXHIGHMIA-26AUG14-T96,kalshi,KXHIGHMIA-26AUG14-T96,weather,yes,0.01,10,2026-08-13 18:58:53.704949,true,,,timed_out,0,0.98,0.02,0.96,timed_out,f2c21209-70dd-418a-9f1c-0cf25124a49b,0.01,timed_out,2026-08-13 18:58:53.550962,
1309,,KXHIGHMIA-26AUG14-T96,kalshi,KXHIGHMIA-26AUG14-T96,weather,yes,0.01,10,2026-08-13 19:02:53.686861,true,,,timed_out,0,0.98,0.02,0.96,timed_out,02492472-b237-48f6-97fa-b7ab78c0381b,0.01,timed_out,2026-08-13 19:02:53.526413,
1310,,KXHIGHMIA-26AUG14-T96,kalshi,KXHIGHMIA-26AUG14-T96,weather,yes,0.01,10,2026-08-13 19:06:54.146833,true,,,timed_out,0,0.98,0.02,0.96,timed_out,35081b70-dac2-46f3-aea8-f37a5561026d,0.01,timed_out,2026-08-13 19:06:53.988036,
1311,,KXHIGHMIA-26AUG14-T96,kalshi,KXHIGHMIA-26AUG14-T96,weather,yes,0.01,10,2026-08-13 19:10:53.766379,true,,,timed_out,0,0.98,0.02,0.96,timed_out,5d0b0279-4fa0-455d-a086-b217f34ae3e8,0.01,timed_out,2026-08-13 19:10:53.60869,
1312,,KXHIGHMIA-26AUG14-T96,kalshi,KXHIGHMIA-26AUG14-T96,weather,yes,0.01,10,2026-08-13 19:14:53.871549,true,,,timed_out,0,0.98,0.02,0.96,timed_out,d21bc4ba-6c55-48a1-8e4e-41e218543b17,0.01,timed_out,2026-08-13 19:14:53.693805,
1313,,KXHIGHMIA-26AUG14-T96,kalshi,KXHIGHMIA-26AUG14-T96,weather,yes,0.01,10,2026-08-13 19:18:53.778013,true,,,timed_out,0,0.98,0.02,0.96,timed_out,a7afd88e-837c-4633-a3ac-09bfc8fd4cd4,0.01,timed_out,2026-08-13 19:18:53.609133,
1314,,KXHIGHMIA-26AUG14-T96,kalshi,KXHIGHMIA-26AUG14-T96,weather,yes,0.01,10,2026-08-13 19:22:53.767442,true,,,timed_out,0,0.98,0.02,0.96,timed_out,9030cdd8-8322-45ce-8933-d514a689bff6,0.01,timed_out,2026-08-13 19:22:53.610715,
1315,,KXHIGHMIA-26AUG14-T96,kalshi,KXHIGHMIA-26AUG14-T96,weather,yes,0.01,10,2026-08-13 19:26:54.512295,true,,,timed_out,0,0.98,0.02,0.96,timed_out,2402b9c2-454a-4923-a1cf-347afd69c95b,0.01,timed_out,2026-08-13 19:26:54.254739,
1316,,KXHIGHMIA-26AUG14-T96,kalshi,KXHIGHMIA-26AUG14-T96,weather,yes,0.01,10,2026-08-13 19:30:54.200717,true,,,timed_out,0,0.98,0.02,0.96,timed_out,f20e60e8-407b-4a77-81ee-237ffd6a938e,0.01,timed_out,2026-08-13 19:30:54.040276,
1317,,KXHIGHMIA-26AUG14-T96,kalshi,KXHIGHMIA-26AUG14-T96,weather,yes,0.01,10,2026-08-13 19:34:53.720921,true,,,timed_out,0,0.98,0.02,0.96,timed_out,6c853af9-e7bf-478f-9b66-7d771d4aded5,0.01,timed_out,2026-08-13 19:34:53.558187,
1318,,KXHIGHMIA-26AUG14-T96,kalshi,KXHIGHMIA-26AUG14-T96,weather,yes,0.01,10,2026-08-13 19:38:54.093943,true,,,timed_out,0,0.98,0.02,0.96,timed_out,7ffd570d-7eb8-4733-bd59-8abf3ab3c312,0.01,timed_out,2026-08-13 19:38:53.927356,
1319,,KXHIGHMIA-26AUG14-T96,kalshi,KXHIGHMIA-26AUG14-T96,weather,yes,0.01,10,2026-08-13 19:42:53.787315,true,,,timed_out,0,0.98,0.02,0.96,timed_out,0acf10ae-56ce-47f6-b266-2ab9e3c15f01,0.01,timed_out,2026-08-13 19:42:53.620674,
1320,,KXHIGHMIA-26AUG14-T96,kalshi,KXHIGHMIA-26AUG14-T96,weather,yes,0.01,10,2026-08-13 19:46:54.07546,true,,,timed_out,0,0.98,0.02,0.96,timed_out,a67b5f9c-0256-4d55-a21b-bba5a8d006cd,0.01,timed_out,2026-08-13 19:46:53.909456,
1321,,KXHIGHMIA-26AUG14-T96,kalshi,KXHIGHMIA-26AUG14-T96,weather,yes,0.01,10,2026-08-13 19:50:53.758264,true,,,timed_out,0,0.98,0.02,0.96,timed_out,0519c8e4-9757-4742-b2c5-5b7836669a6b,0.01,timed_out,2026-08-13 19:50:53.599897,
1322,,KXHIGHMIA-26AUG14-T96,kalshi,KXHIGHMIA-26AUG14-T96,weather,yes,0.01,10,2026-08-13 19:54:54.036744,true,,,timed_out,0,0.98,0.02,0.96,timed_out,d3690c70-81e4-417c-95d6-0a2dd7f4b0bb,0.01,timed_out,2026-08-13 19:54:53.858942,
1323,,KXHIGHMIA-26AUG14-T96,kalshi,KXHIGHMIA-26AUG14-T96,weather,yes,0.01,10,2026-08-13 19:58:53.701111,true,,,timed_out,0,0.98,0.02,0.96,timed_out,68b2d782-fe82-45d0-9d25-16c7da1b39c8,0.01,timed_out,2026-08-13 19:58:53.54418,
1324,,KXHIGHMIA-26AUG14-T96,kalshi,KXHIGHMIA-26AUG14-T96,weather,yes,0.01,10,2026-08-13 20:02:53.794912,true,,,timed_out,0,0.98,0.02,0.96,timed_out,885edbe4-9f66-403d-87c7-c2669265c43f,0.01,timed_out,2026-08-13 20:02:53.634205,
1325,,KXHIGHMIA-26AUG14-T96,kalshi,KXHIGHMIA-26AUG14-T96,weather,yes,0.01,10,2026-08-13 20:06:54.078635,true,,,timed_out,0,0.98,0.02,0.96,timed_out,2bf30970-4ad1-42fa-b066-0970a4b95116,0.01,timed_out,2026-08-13 20:06:53.911055,
1326,,KXHIGHMIA-26AUG14-T96,kalshi,KXHIGHMIA-26AUG14-T96,weather,yes,0.01,10,2026-08-13 20:10:54.018683,true,,,timed_out,0,0.98,0.02,0.96,timed_out,5e5380e3-4d42-4d40-84d7-c43fcbcd9a87,0.01,timed_out,2026-08-13 20:10:53.846905,
1327,,KXHIGHMIA-26AUG14-T96,kalshi,KXHIGHMIA-26AUG14-T96,weather,yes,0.01,10,2026-08-13 20:14:53.749778,true,,,timed_out,0,0.98,0.02,0.96,timed_out,c9fd997f-fd1d-4501-9fd8-0ade423a4401,0.01,timed_out,2026-08-13 20:14:53.590144,
1328,,KXHIGHMIA-26AUG14-T96,kalshi,KXHIGHMIA-26AUG14-T96,weather,yes,0.01,10,2026-08-13 20:18:53.754512,true,,,timed_out,0,0.98,0.02,0.96,timed_out,3bdb62ae-ada6-42f7-9633-33adcc5b75c1,0.01,timed_out,2026-08-13 20:18:53.599462,
1329,,KXHIGHMIA-26AUG14-T96,kalshi,KXHIGHMIA-26AUG14-T96,weather,yes,0.02,10,2026-08-13 20:22:53.835006,true,,,timed_out,0,0.98,0.03,0.95,timed_out,730b9c6f-755d-49f1-80a4-6c07368774f3,0.02,timed_out,2026-08-13 20:22:53.665504,
1330,,KXHIGHMIA-26AUG14-T96,kalshi,KXHIGHMIA-26AUG14-T96,weather,yes,0.02,10,2026-08-13 20:26:54.185785,true,,,timed_out,0,0.98,0.03,0.95,timed_out,991186e4-36dc-412d-95ea-e1dfb62c9f18,0.02,timed_out,2026-08-13 20:26:54.026686,
1331,,KXHIGHMIA-26AUG14-T96,kalshi,KXHIGHMIA-26AUG14-T96,weather,yes,0.02,10,2026-08-13 20:30:53.806553,true,,,timed_out,0,0.98,0.03,0.95,timed_out,47316b04-db2e-4b6f-8ffc-aab9f2028aaa,0.02,timed_out,2026-08-13 20:30:53.634082,
1332,,KXHIGHMIA-26AUG14-T96,kalshi,KXHIGHMIA-26AUG14-T96,weather,yes,0.02,10,2026-08-13 20:34:53.753933,true,2026-08-13 20:43:48.850816,,timed_out,0,0.98,0.03,0.95,cancelled,dbe734ad-73ad-4a3c-b7ee-7b8409e4f912,0.02,cancelled,2026-08-13 20:34:53.588756,
1333,77317,KXHIGHDEN-26AUG14-T81,kalshi,KXHIGHDEN-26AUG14-T81,weather,yes,0.02,10,2026-08-13 21:40:03.451754,true,,,timed_out,0,0.98,0.03,0.95,timed_out,435f590e-863f-4d0d-92bf-15032a721363,0.02,timed_out,2026-08-13 21:40:03.263615,
1334,77319,KXHIGHDEN-26AUG14-T81,kalshi,KXHIGHDEN-26AUG14-T81,weather,yes,0.02,10,2026-08-13 21:44:56.938512,true,,,timed_out,0,0.98,0.03,0.95,timed_out,9dd8f55b-6983-45a1-9d12-cf94d1612697,0.02,timed_out,2026-08-13 21:44:56.729585,
1335,77320,KXHIGHDEN-26AUG14-T81,kalshi,KXHIGHDEN-26AUG14-T81,weather,yes,0.02,10,2026-08-13 21:49:56.963653,true,,,timed_out,0,0.98,0.03,0.95,timed_out,e244bbdd-9dc8-4843-9d7c-aae1e740639b,0.02,timed_out,2026-08-13 21:49:56.784367,
1336,77321,KXHIGHDEN-26AUG14-T81,kalshi,KXHIGHDEN-26AUG14-T81,weather,yes,0.02,4.667,2026-08-13 21:55:04.041718,true,2026-08-14 00:54:05.511113,1,loss,-2.33,0.98,0.03,0.95,maker_limit,f03acb55-7b5a-4951-ab17-c7c07c6ff74a,0.02,closed,2026-08-13 21:55:03.881115,
1337,77322,KXHIGHDEN-26AUG14-T81,kalshi,KXHIGHDEN-26AUG14-T81,weather,yes,0.02,10,2026-08-13 21:59:56.802761,true,,,timed_out,0,0.98,0.03,0.95,timed_out,450d20de-7f3c-4a31-961a-fb6feb6723e1,0.02,timed_out,2026-08-13 21:59:56.643001,
1338,77323,KXHIGHDEN-26AUG14-T81,kalshi,KXHIGHDEN-26AUG14-T81,weather,yes,0.02,10,2026-08-13 22:04:57.145363,true,,,timed_out,0,0.98,0.03,0.95,timed_out,73fe3275-5aa3-41e6-965e-bb1a4749f659,0.02,timed_out,2026-08-13 22:04:56.956412,
1339,77324,KXHIGHDEN-26AUG14-T81,kalshi,KXHIGHDEN-26AUG14-T81,weather,yes,0.02,10,2026-08-13 22:09:56.768036,true,,,timed_out,0,0.98,0.03,0.95,timed_out,1ef549fd-7572-49ed-b799-57327cb64af9,0.02,timed_out,2026-08-13 22:09:56.604877,
1340,77325,KXHIGHDEN-26AUG14-T81,kalshi,KXHIGHDEN-26AUG14-T81,weather,yes,0.02,10,2026-08-13 22:15:04.446508,true,,,timed_out,0,0.98,0.03,0.95,timed_out,4cf8a3cd-427a-4a35-9713-ad9ea31070d2,0.02,timed_out,2026-08-13 22:15:04.28146,
1341,77326,KXHIGHDEN-26AUG14-T81,kalshi,KXHIGHDEN-26AUG14-T81,weather,yes,0.02,10,2026-08-13 22:19:56.883496,true,,,timed_out,0,0.98,0.03,0.95,timed_out,34d9e4d2-5ab7-476a-9fb9-74ec6f1ff5f3,0.02,timed_out,2026-08-13 22:19:56.697509,
1342,77327,KXHIGHDEN-26AUG14-T81,kalshi,KXHIGHDEN-26AUG14-T81,weather,yes,0.02,10,2026-08-13 22:24:56.77314,true,,,timed_out,0,0.98,0.03,0.95,timed_out,f74fc846-a906-44b3-90d6-73ba8a1c4ac3,0.02,timed_out,2026-08-13 22:24:56.591223,
1343,77328,KXHIGHDEN-26AUG14-T81,kalshi,KXHIGHDEN-26AUG14-T81,weather,yes,0.02,10,2026-08-13 22:29:56.783143,true,,,timed_out,0,0.98,0.03,0.95,timed_out,709ec12e-b5a7-4897-a978-73dcf5219b6d,0.02,timed_out,2026-08-13 22:29:56.610491,
1344,77329,KXHIGHDEN-26AUG14-T81,kalshi,KXHIGHDEN-26AUG14-T81,weather,yes,0.02,10,2026-08-13 22:35:02.885717,true,,,timed_out,0,0.98,0.03,0.95,timed_out,ef139594-c281-48bd-8291-2ab132633ab1,0.02,timed_out,2026-08-13 22:35:02.691117,
1345,77360,KXHIGHLAX-26AUG15-B76.5,kalshi,KXHIGHLAX-26AUG15-B76.5,weather,no,0.47,9.87,2026-08-14 14:48:50.642391,true,2026-08-14 17:11:33.215047,0.39,loss,-1.68,0.129032258064516,0.54,0.410967741935484,liquidated,0b8cac0c-2cf0-4092-af32-ef0e3a3ec7cf,0.47,filled,2026-08-14 14:48:50.468076,
1346,77410,KXHIGHNY-26AUG15-B82.5,kalshi,KXHIGHNY-26AUG15-B82.5,weather,no,0.6,10.2,2026-08-14 14:58:24.724352,false,,,pending,,0.0967741935483871,0.41,0.313225806451613,maker_limit,9468bb10-248f-4d71-a967-13eff1b37c57,0.6,filled,2026-08-14 14:58:24.522427,
1347,77424,KXHIGHTBOS-26AUG14-B82.5,kalshi,KXHIGHTBOS-26AUG14-B82.5,weather,yes,0.3,10,2026-08-14 15:01:59.332678,true,,,timed_out,0,0.483870967741935,0.31,0.173870967741936,timed_out,550bbdb7-0708-4961-af91-f60d7be8dadd,0.3,timed_out,2026-08-14 15:01:59.14983,
1348,,KXHIGHTBOS-26AUG14-B82.5,kalshi,KXHIGHTBOS-26AUG14-B82.5,weather,yes,0.3,10,2026-08-14 15:05:39.94552,true,,,timed_out,0,0.483870967741935,0.31,0.173870967741935,timed_out,bcb9bb9f-9477-4c81-988e-24f09cc0f013,0.3,timed_out,2026-08-14 15:05:39.858005,
1349,,KXHIGHTBOS-26AUG14-B82.5,kalshi,KXHIGHTBOS-26AUG14-B82.5,weather,yes,0.32,0.9824,2026-08-14 15:09:51.07296,true,2026-08-14 19:21:16.887769,0.75,win,1.29,0.483870967741935,0.33,0.153870967741935,liquidated,487a61c7-547e-4b90-9757-751faa753fa7,0.32,filled,2026-08-14 15:09:50.986607,
1350,77608,KXHIGHMIA-26AUG15-B88.5,kalshi,KXHIGHMIA-26AUG15-B88.5,weather,yes,0.03,10,2026-08-14 15:48:34.783809,true,,,timed_out,0,0.193548387096774,0.04,0.153548387096774,timed_out,d86524b4-648e-4b12-b47d-527fd1616bce,0.03,timed_out,2026-08-14 15:48:34.596017,
1351,,KXHIGHMIA-26AUG15-B88.5,kalshi,KXHIGHMIA-26AUG15-B88.5,weather,yes,0.03,10,2026-08-14 15:52:25.794115,true,,,timed_out,0,0.193548387096774,0.04,0.153548387096774,timed_out,0ef5f61d-f85a-4033-a863-81819adb0183,0.03,timed_out,2026-08-14 15:52:25.703648,
1352,,KXHIGHMIA-26AUG15-B88.5,kalshi,KXHIGHMIA-26AUG15-B88.5,weather,yes,0.03,10,2026-08-14 15:56:25.733023,true,,,timed_out,0,0.193548387096774,0.04,0.153548387096774,timed_out,24141690-1f04-49c9-83ac-d136f6e871c0,0.03,timed_out,2026-08-14 15:56:25.644446,
1353,,KXHIGHMIA-26AUG15-B88.5,kalshi,KXHIGHMIA-26AUG15-B88.5,weather,yes,0.03,10,2026-08-14 16:00:25.846252,true,,,timed_out,0,0.193548387096774,0.04,0.153548387096774,timed_out,c7029034-dbc4-4771-8dda-d5ed6b407290,0.03,timed_out,2026-08-14 16:00:25.760093,
1354,77645,KXHIGHCHI-26AUG14-B78.5,kalshi,KXHIGHCHI-26AUG14-B78.5,weather,no,0.66,10,2026-08-14 16:03:34.954957,true,,,timed_out,0,0.0322580645161291,0.35,0.317741935483871,timed_out,e877d7f7-6786-41ea-8e89-521bb8ea6b53,0.66,timed_out,2026-08-14 16:03:34.748732,
1355,,KXHIGHMIA-26AUG15-B88.5,kalshi,KXHIGHMIA-26AUG15-B88.5,weather,yes,0.03,10,2026-08-14 16:04:25.714407,true,,,timed_out,0,0.193548387096774,0.04,0.153548387096774,timed_out,607efb9c-71b1-46f7-88db-797ccaa0f279,0.03,timed_out,2026-08-14 16:04:25.629921,
1356,,KXHIGHCHI-26AUG14-B78.5,kalshi,KXHIGHCHI-26AUG14-B78.5,weather,no,0.66,4.224,2026-08-14 16:07:25.771279,false,,,pending,,0.0322580645161291,0.68,0.647741935483871,maker_limit,801d59a7-8fd4-4169-9c78-fb7ae4be15bb,0.66,filled,2026-08-14 16:07:25.681051,
1357,,KXHIGHMIA-26AUG15-B88.5,kalshi,KXHIGHMIA-26AUG15-B88.5,weather,yes,0.03,10,2026-08-14 16:09:25.750776,true,,,timed_out,0,0.193548387096774,0.04,0.153548387096774,timed_out,baa7de08-2a64-45b3-8f2e-26dc640c46f6,0.03,timed_out,2026-08-14 16:09:25.65952,
1358,,KXHIGHMIA-26AUG15-B88.5,kalshi,KXHIGHMIA-26AUG15-B88.5,weather,yes,0.03,10,2026-08-14 16:13:26.937187,true,,,timed_out,0,0.193548387096774,0.04,0.153548387096774,timed_out,a092adb4-75b9-4f48-a400-4ef0df711223,0.03,timed_out,2026-08-14 16:13:26.847745,
1359,,KXHIGHMIA-26AUG15-B88.5,kalshi,KXHIGHMIA-26AUG15-B88.5,weather,yes,0.03,10,2026-08-14 16:17:25.76389,true,,,timed_out,0,0.193548387096774,0.04,0.153548387096774,timed_out,4ccbc9bc-f8d7-49cf-80b2-660a40830735,0.03,timed_out,2026-08-14 16:17:25.674893,
1360,,KXHIGHMIA-26AUG15-B88.5,kalshi,KXHIGHMIA-26AUG15-B88.5,weather,yes,0.02,10,2026-08-14 16:21:25.799362,true,,,timed_out,0,0.193548387096774,0.03,0.163548387096774,timed_out,8a154fe1-3927-49b5-8c0d-b1d4c32bd36d,0.02,timed_out,2026-08-14 16:21:25.712223,
1361,,KXHIGHMIA-26AUG15-B88.5,kalshi,KXHIGHMIA-26AUG15-B88.5,weather,yes,0.02,10,2026-08-14 16:25:25.772513,true,,,timed_out,0,0.193548387096774,0.03,0.163548387096774,timed_out,b45dfe62-98b6-4201-99ac-da71d726fa27,0.02,timed_out,2026-08-14 16:25:25.686161,
1362,,KXHIGHMIA-26AUG15-B88.5,kalshi,KXHIGHMIA-26AUG15-B88.5,weather,yes,0.02,10,2026-08-14 16:29:25.851498,true,,,timed_out,0,0.193548387096774,0.03,0.163548387096774,timed_out,26c23534-4837-448c-a60a-7b21bdff6028,0.02,timed_out,2026-08-14 16:29:25.732872,
1363,,KXHIGHMIA-26AUG15-B88.5,kalshi,KXHIGHMIA-26AUG15-B88.5,weather,yes,0.02,10,2026-08-14 16:33:26.257652,true,,,timed_out,0,0.193548387096774,0.03,0.163548387096774,timed_out,85858240-7146-445b-98b0-fc439cfbe587,0.02,timed_out,2026-08-14 16:33:26.169716,
1364,,KXHIGHMIA-26AUG15-B88.5,kalshi,KXHIGHMIA-26AUG15-B88.5,weather,yes,0.02,10,2026-08-14 16:37:25.748508,true,,,timed_out,0,0.193548387096774,0.03,0.163548387096774,timed_out,24b998c6-d884-4e98-a991-2b13a3516085,0.02,timed_out,2026-08-14 16:37:25.65983,
1365,,KXHIGHMIA-26AUG15-B88.5,kalshi,KXHIGHMIA-26AUG15-B88.5,weather,yes,0.02,10,2026-08-14 16:41:25.936289,true,,,timed_out,0,0.193548387096774,0.03,0.163548387096774,timed_out,abdbda5b-fd9f-46e1-bd27-2200bba00695,0.02,timed_out,2026-08-14 16:41:25.850057,
1366,,KXHIGHMIA-26AUG15-B88.5,kalshi,KXHIGHMIA-26AUG15-B88.5,weather,yes,0.02,10,2026-08-14 16:45:25.824467,true,,,timed_out,0,0.193548387096774,0.03,0.163548387096774,timed_out,7ac305c7-a7e7-451a-b31f-cd6a29fcc0b5,0.02,timed_out,2026-08-14 16:45:25.734401,
1367,,KXHIGHMIA-26AUG15-B88.5,kalshi,KXHIGHMIA-26AUG15-B88.5,weather,yes,0.02,10,2026-08-14 16:49:25.752694,true,,,timed_out,0,0.193548387096774,0.03,0.163548387096774,timed_out,d1ff02c2-8e8c-46ad-88a1-fecbd79a3f03,0.02,timed_out,2026-08-14 16:49:25.664674,
1368,,KXHIGHMIA-26AUG15-B88.5,kalshi,KXHIGHMIA-26AUG15-B88.5,weather,yes,0.02,10,2026-08-14 16:53:26.211408,true,,,timed_out,0,0.193548387096774,0.03,0.163548387096774,timed_out,00cb4211-a083-4e12-bb46-0cc8c4c69a8a,0.02,timed_out,2026-08-14 16:53:26.128259,
1369,,KXHIGHMIA-26AUG15-B88.5,kalshi,KXHIGHMIA-26AUG15-B88.5,weather,yes,0.02,10,2026-08-14 16:57:25.805242,true,,,timed_out,0,0.193548387096774,0.03,0.163548387096774,timed_out,9ac5b667-c0d7-49ce-84d9-571cb9146af6,0.02,timed_out,2026-08-14 16:57:25.720787,
1370,,KXHIGHMIA-26AUG15-B88.5,kalshi,KXHIGHMIA-26AUG15-B88.5,weather,yes,0.02,10,2026-08-14 17:15:06.444123,true,,,timed_out,0,0.193548387096774,0.03,0.163548387096774,timed_out,a46740d3-1287-454f-9922-0db7c6734a47,0.02,timed_out,2026-08-14 17:15:06.343508,
1371,,KXHIGHMIA-26AUG15-B88.5,kalshi,KXHIGHMIA-26AUG15-B88.5,weather,yes,0.02,10,2026-08-14 17:19:07.117443,true,,,timed_out,0,0.193548387096774,0.03,0.163548387096774,timed_out,bbedb24d-4d16-42a9-8d96-2636299d31cb,0.02,timed_out,2026-08-14 17:19:07.031865,
1372,,KXHIGHMIA-26AUG15-B88.5,kalshi,KXHIGHMIA-26AUG15-B88.5,weather,yes,0.02,10,2026-08-14 17:23:05.746918,true,,,timed_out,0,0.193548387096774,0.03,0.163548387096774,timed_out,653bd0d8-b36f-4e92-9169-88e97070e8b8,0.02,timed_out,2026-08-14 17:23:05.660908,
1373,,KXHIGHMIA-26AUG15-B88.5,kalshi,KXHIGHMIA-26AUG15-B88.5,weather,yes,0.02,10,2026-08-14 18:43:16.626917,true,,,timed_out,0,0.193548387096774,0.03,0.163548387096774,timed_out,1faffdeb-73e9-4c99-a43f-dcadee436400,0.02,timed_out,2026-08-14 18:43:16.537452,
1374,,KXHIGHMIA-26AUG15-B88.5,kalshi,KXHIGHMIA-26AUG15-B88.5,weather,yes,0.02,10,2026-08-14 18:47:17.17098,true,,,timed_out,0,0.193548387096774,0.03,0.163548387096774,timed_out,d9ce105c-953a-4650-8c68-0f42f0e76420,0.02,timed_out,2026-08-14 18:47:17.08415,
1375,,KXHIGHMIA-26AUG15-B88.5,kalshi,KXHIGHMIA-26AUG15-B88.5,weather,yes,0.02,10,2026-08-14 18:51:16.00122,true,,,timed_out,0,0.193548387096774,0.03,0.163548387096774,timed_out,83423696-a82b-4e86-973e-85f93a536ea7,0.02,timed_out,2026-08-14 18:51:15.912867,
1376,,KXHIGHMIA-26AUG15-B88.5,kalshi,KXHIGHMIA-26AUG15-B88.5,weather,yes,0.02,10,2026-08-14 18:55:15.999291,true,,,timed_out,0,0.193548387096774,0.03,0.163548387096774,timed_out,468b87d6-d2c9-4185-81ce-5bcaff3487a7,0.02,timed_out,2026-08-14 18:55:15.906637,
1377,,KXHIGHMIA-26AUG15-B88.5,kalshi,KXHIGHMIA-26AUG15-B88.5,weather,yes,0.02,10,2026-08-14 18:59:15.979866,true,,,timed_out,0,0.193548387096774,0.03,0.163548387096774,timed_out,2355b7cc-5a09-4b51-8fc8-3004b8c53258,0.02,timed_out,2026-08-14 18:59:15.891544,
1378,,KXHIGHMIA-26AUG15-B88.5,kalshi,KXHIGHMIA-26AUG15-B88.5,weather,yes,0.02,10,2026-08-14 19:03:16.046913,true,,,timed_out,0,0.193548387096774,0.03,0.163548387096774,timed_out,05601a39-fd40-4a79-b658-ee287459ab36,0.02,timed_out,2026-08-14 19:03:15.954852,
1379,,KXHIGHMIA-26AUG15-B88.5,kalshi,KXHIGHMIA-26AUG15-B88.5,weather,yes,0.02,10,2026-08-14 19:07:17.776103,true,,,timed_out,0,0.193548387096774,0.03,0.163548387096774,timed_out,9d78840e-8393-4474-8757-d18cc25694df,0.02,timed_out,2026-08-14 19:07:17.68957,
1380,,KXHIGHMIA-26AUG15-B88.5,kalshi,KXHIGHMIA-26AUG15-B88.5,weather,yes,0.02,10,2026-08-14 19:11:17.075666,true,,,timed_out,0,0.193548387096774,0.03,0.163548387096774,timed_out,fb17abda-b87a-4c73-b1fc-383d7f4a3822,0.02,timed_out,2026-08-14 19:11:16.991617,
1381,,KXHIGHMIA-26AUG15-B88.5,kalshi,KXHIGHMIA-26AUG15-B88.5,weather,yes,0.02,10,2026-08-14 19:15:17.166065,true,,,timed_out,0,0.193548387096774,0.03,0.163548387096774,timed_out,d89cfe22-61bb-430f-8538-deb02dac73c5,0.02,timed_out,2026-08-14 19:15:17.082731,
1382,,KXHIGHMIA-26AUG15-B88.5,kalshi,KXHIGHMIA-26AUG15-B88.5,weather,yes,0.02,10,2026-08-14 19:19:18.323602,true,,,timed_out,0,0.193548387096774,0.03,0.163548387096774,timed_out,51f9b2f0-6065-4485-bc05-32832f044a7d,0.02,timed_out,2026-08-14 19:19:18.237426,
1383,,KXHIGHMIA-26AUG15-B88.5,kalshi,KXHIGHMIA-26AUG15-B88.5,weather,yes,0.02,10,2026-08-14 19:23:17.195097,true,,,timed_out,0,0.193548387096774,0.03,0.163548387096774,timed_out,369d7d47-c9c4-4259-b766-df61580cf93b,0.02,timed_out,2026-08-14 19:23:17.106612,
1384,,KXHIGHMIA-26AUG15-B88.5,kalshi,KXHIGHMIA-26AUG15-B88.5,weather,yes,0.02,10,2026-08-14 19:27:17.15462,true,,,timed_out,0,0.193548387096774,0.03,0.163548387096774,timed_out,89e934a0-3cee-4b42-a4b2-7403ad8ef0a6,0.02,timed_out,2026-08-14 19:27:17.061497,
1385,,KXHIGHMIA-26AUG15-B88.5,kalshi,KXHIGHMIA-26AUG15-B88.5,weather,yes,0.02,10,2026-08-14 19:31:17.167467,true,,,timed_out,0,0.193548387096774,0.03,0.163548387096774,timed_out,9d4dc107-edb1-4105-98b2-a01b1c5d0fe4,0.02,timed_out,2026-08-14 19:31:17.080417,
1386,,KXHIGHMIA-26AUG15-B88.5,kalshi,KXHIGHMIA-26AUG15-B88.5,weather,yes,0.02,10,2026-08-14 19:35:17.160196,true,,,timed_out,0,0.193548387096774,0.03,0.163548387096774,timed_out,31d12baf-97f8-438a-8cd7-925b3c8c8806,0.02,timed_out,2026-08-14 19:35:17.072493,
1387,,KXHIGHMIA-26AUG15-B88.5,kalshi,KXHIGHMIA-26AUG15-B88.5,weather,yes,0.02,10,2026-08-14 19:39:17.527248,true,,,timed_out,0,0.193548387096774,0.03,0.163548387096774,timed_out,58a5fc6e-3ae1-4d99-b437-eb2cab18d629,0.02,timed_out,2026-08-14 19:39:17.439067,
1388,,KXHIGHMIA-26AUG15-B88.5,kalshi,KXHIGHMIA-26AUG15-B88.5,weather,yes,0.02,10,2026-08-14 19:43:17.10539,true,,,timed_out,0,0.193548387096774,0.03,0.163548387096774,timed_out,9d1609b8-d44e-46b5-a6d7-0179d96e3d6d,0.02,timed_out,2026-08-14 19:43:17.019488,
1389,,KXHIGHMIA-26AUG15-B88.5,kalshi,KXHIGHMIA-26AUG15-B88.5,weather,yes,0.02,10,2026-08-14 19:47:17.186433,true,,,timed_out,0,0.193548387096774,0.03,0.163548387096774,timed_out,8eebfbc2-311f-465a-968d-6183029c4874,0.02,timed_out,2026-08-14 19:47:17.096542,
1390,,KXHIGHMIA-26AUG15-B88.5,kalshi,KXHIGHMIA-26AUG15-B88.5,weather,yes,0.02,10,2026-08-14 19:51:17.203983,true,,,timed_out,0,0.193548387096774,0.03,0.163548387096774,timed_out,7fe37fea-98e3-48f7-8410-ebffcef83a3b,0.02,timed_out,2026-08-14 19:51:17.11154,
1391,,KXHIGHMIA-26AUG15-B88.5,kalshi,KXHIGHMIA-26AUG15-B88.5,weather,yes,0.02,10,2026-08-14 19:55:17.192484,true,,,timed_out,0,0.193548387096774,0.03,0.163548387096774,timed_out,1a3554f4-8442-4313-aeb7-059ce7699c19,0.02,timed_out,2026-08-14 19:55:17.104224,
1392,,KXHIGHMIA-26AUG15-B88.5,kalshi,KXHIGHMIA-26AUG15-B88.5,weather,yes,0.02,10,2026-08-14 19:59:17.46703,true,,,timed_out,0,0.193548387096774,0.03,0.163548387096774,timed_out,baeda0db-ac24-4e98-982e-0e7744ddda9f,0.02,timed_out,2026-08-14 19:59:17.380851,
1393,,KXHIGHMIA-26AUG15-B88.5,kalshi,KXHIGHMIA-26AUG15-B88.5,weather,yes,0.02,10,2026-08-14 20:03:17.081038,true,,,timed_out,0,0.193548387096774,0.03,0.163548387096774,timed_out,0349a816-5633-46de-b554-dce4af317d71,0.02,timed_out,2026-08-14 20:03:16.996163,
1394,,KXHIGHMIA-26AUG15-B88.5,kalshi,KXHIGHMIA-26AUG15-B88.5,weather,yes,0.02,10,2026-08-14 20:07:17.138077,true,,,timed_out,0,0.193548387096774,0.03,0.163548387096774,timed_out,82aef5fc-d037-4868-8be5-f1d536e13a49,0.02,timed_out,2026-08-14 20:07:17.048181,
1395,,KXHIGHMIA-26AUG15-B88.5,kalshi,KXHIGHMIA-26AUG15-B88.5,weather,yes,0.02,10,2026-08-14 20:11:17.154059,true,,,timed_out,0,0.193548387096774,0.03,0.163548387096774,timed_out,5ca644f7-759e-4a6f-b6a3-6fa5928ae740,0.02,timed_out,2026-08-14 20:11:17.068485,
1396,,KXHIGHMIA-26AUG15-B88.5,kalshi,KXHIGHMIA-26AUG15-B88.5,weather,yes,0.02,10,2026-08-14 20:30:17.651838,true,,,timed_out,0,0.193548387096774,0.03,0.163548387096774,timed_out,e9c3c4ab-d0d1-4bbb-85d3-48dfd66f034a,0.02,timed_out,2026-08-14 20:30:17.561175,
1397,,KXHIGHMIA-26AUG15-B88.5,kalshi,KXHIGHMIA-26AUG15-B88.5,weather,yes,0.02,10,2026-08-14 20:35:17.297609,true,,,timed_out,0,0.193548387096774,0.03,0.163548387096774,timed_out,4178d6c4-cba0-431b-83a1-09fdc887b018,0.02,timed_out,2026-08-14 20:35:17.206666,
1398,,KXHIGHMIA-26AUG15-B88.5,kalshi,KXHIGHMIA-26AUG15-B88.5,weather,yes,0.02,10,2026-08-14 20:39:17.724246,true,,,timed_out,0,0.193548387096774,0.03,0.163548387096774,timed_out,66ce390a-ee7e-4843-97c5-9fce41031496,0.02,timed_out,2026-08-14 20:39:17.63895,
1399,,KXHIGHMIA-26AUG15-B88.5,kalshi,KXHIGHMIA-26AUG15-B88.5,weather,yes,0.02,10,2026-08-14 20:43:17.213863,true,,,timed_out,0,0.193548387096774,0.03,0.163548387096774,timed_out,27a56b27-3c72-44a2-8547-a42179e45eaf,0.02,timed_out,2026-08-14 20:43:17.125338,
1400,,KXHIGHMIA-26AUG15-B88.5,kalshi,KXHIGHMIA-26AUG15-B88.5,weather,yes,0.02,10,2026-08-14 20:47:17.222098,true,,,timed_out,0,0.193548387096774,0.03,0.163548387096774,timed_out,0f70f010-e69e-4254-8a40-c1c3e80df8a3,0.02,timed_out,2026-08-14 20:47:17.136054,
1401,,KXHIGHMIA-26AUG15-B88.5,kalshi,KXHIGHMIA-26AUG15-B88.5,weather,yes,0.02,10,2026-08-14 20:51:17.404705,true,,,timed_out,0,0.193548387096774,0.03,0.163548387096774,timed_out,0de67a86-dc86-428f-9c2c-6237c3c81201,0.02,timed_out,2026-08-14 20:51:17.311068,
1402,,KXHIGHMIA-26AUG15-B88.5,kalshi,KXHIGHMIA-26AUG15-B88.5,weather,yes,0.02,10,2026-08-14 20:55:17.209665,true,,,timed_out,0,0.193548387096774,0.03,0.163548387096774,timed_out,f7c2225f-3cf9-4d7a-a023-816a58ea7642,0.02,timed_out,2026-08-14 20:55:17.117468,
1403,,KXHIGHMIA-26AUG15-B88.5,kalshi,KXHIGHMIA-26AUG15-B88.5,weather,yes,0.02,10,2026-08-14 20:59:17.592764,true,,,timed_out,0,0.193548387096774,0.03,0.163548387096774,timed_out,1a0df7b4-653f-411c-939d-74eee40f0167,0.02,timed_out,2026-08-14 20:59:17.503788,
1404,,KXHIGHMIA-26AUG15-B88.5,kalshi,KXHIGHMIA-26AUG15-B88.5,weather,yes,0.02,10,2026-08-14 21:03:17.203784,true,,,timed_out,0,0.193548387096774,0.03,0.163548387096774,timed_out,11ac03a3-9fdb-45f1-befb-8eb332efca75,0.02,timed_out,2026-08-14 21:03:17.11455,
1405,,KXHIGHMIA-26AUG15-B88.5,kalshi,KXHIGHMIA-26AUG15-B88.5,weather,yes,0.02,10,2026-08-14 21:07:17.200952,true,,,timed_out,0,0.193548387096774,0.03,0.163548387096774,timed_out,941a1694-8265-49d7-ad6b-c393f05de254,0.02,timed_out,2026-08-14 21:07:17.108231,
1406,,KXHIGHMIA-26AUG15-B88.5,kalshi,KXHIGHMIA-26AUG15-B88.5,weather,yes,0.02,10,2026-08-14 21:11:17.196056,true,,,timed_out,0,0.193548387096774,0.03,0.163548387096774,timed_out,9abe0856-3746-47f8-9db4-06b48f958fb5,0.02,timed_out,2026-08-14 21:11:17.10623,
1407,,KXHIGHMIA-26AUG15-B88.5,kalshi,KXHIGHMIA-26AUG15-B88.5,weather,yes,0.02,10,2026-08-14 21:15:17.217095,true,,,timed_out,0,0.193548387096774,0.03,0.163548387096774,timed_out,280c3f6f-0dcc-4dd9-a75b-1d98b1aede50,0.02,timed_out,2026-08-14 21:15:17.123817,
1408,,KXHIGHMIA-26AUG15-B88.5,kalshi,KXHIGHMIA-26AUG15-B88.5,weather,yes,0.02,10,2026-08-14 21:19:17.639594,true,,,timed_out,0,0.193548387096774,0.03,0.163548387096774,timed_out,786b9337-b5a2-4127-b2e5-761ea11436c1,0.02,timed_out,2026-08-14 21:19:17.55406,
1409,,KXHIGHMIA-26AUG15-B88.5,kalshi,KXHIGHMIA-26AUG15-B88.5,weather,yes,0.02,10,2026-08-14 21:23:17.159522,true,,,timed_out,0,0.193548387096774,0.03,0.163548387096774,timed_out,391d16ab-d26f-486d-a287-10cda9baa4bf,0.02,timed_out,2026-08-14 21:23:17.078796,
1410,,KXHIGHMIA-26AUG15-B88.5,kalshi,KXHIGHMIA-26AUG15-B88.5,weather,yes,0.02,10,2026-08-14 21:27:17.166649,true,,,timed_out,0,0.193548387096774,0.03,0.163548387096774,timed_out,fe3ddaca-bd01-459a-8421-5d71361fec34,0.02,timed_out,2026-08-14 21:27:17.085014,